tpnc,title,brand,price_actual,price_unit_price,price_unit_of_measure,price_per_kg,price_per_kg_unit,protein_per_100g,protein_units,category
302328940,"Yoplait Frubes Yoghurt Tubes - Strawberry, Red Berry & Peach 9x37g",FRUBES,2.1,6.31,kg,6.31,kg,3.8,per 100g,Fresh Food
285021202,Petits Filous Strawberry Raspberry & Apricot Kids Yoghurt Pots Multipack 18x47g,Yoplait,3.5,4.14,kg,4.14,kg,5.4,per 100g,Fresh Food
312351579,Cathedral City Plant Based Mature Cheddar Cheese Flavour Vegan Grated 150g,CATHEDRAL CITY,2.0,13.33,kg,13.33,kg,0.2,per 100g,Fresh Food
290920510,Tesco British Salted Block Butter 250G,TESCO,1.99,7.96,kg,7.96,kg,0.6,per 100g,Fresh Food
290921181,Tesco British Unsalted Butter 250G,TESCO,1.99,7.96,kg,7.96,kg,0.6,per 100g,Fresh Food
295673143,Tesco Sweet Peppers 500G,TESCO,2.1,4.2,kg,4.2,kg,0.8,per 100g,Fresh Food
252207537,"Tesco British Semi Skimmed Milk 1.13L, 2 Pints",TESCO,1.2,1.06,litre,1.06,litre,3.6,per 100g,Fresh Food
254656508,"Tesco British Skimmed Milk 2.272L, 4 Pints",TESCO,1.65,0.73,litre,0.73,litre,3.6,per 100g,Fresh Food
253558972,Tesco Whole Cucumber Each,TESCO,0.99,0.99,each,0.99,each,1.0,per 100g,Fresh Food
254656543,"Tesco British Semi Skimmed Milk 2.272L, 4 Pints",TESCO,1.65,0.73,litre,0.73,litre,3.6,per 100g,Fresh Food
265299741,Tesco Perfectly Ripe Avocados Twin Pack,TESCO,1.5,0.75,each,0.75,each,1.9,per 100g,Fresh Food
281035500,Tesco Bunched Spring Onions 100G,TESCO,0.69,6.9,kg,6.9,kg,2.0,per 100g,Fresh Food
287377667,Tesco Raspberries 150G,TESCO,2.15,14.33,kg,14.33,kg,0.8,per 100g,Fresh Food
258421636,Tesco Red Peppers Each,TESCO,0.7,0.7,each,0.7,each,0.8,per 100g,Fresh Food
253557495,Tesco Iceberg Lettuce Each,TESCO,0.89,0.89,each,0.89,each,1.2,per 100g,Fresh Food
260138290,Tesco Green Seedless Grapes Pack 500G,TESCO,2.0,4.0,kg,4.0,kg,0.7,per 100g,Fresh Food
253556398,Tesco Lemons Each,TESCO,0.35,0.35,each,0.35,each,1.0,per 100g,Fresh Food
273796618,Tesco Chestnut Vitamin D Mushrooms 250G,TESCO,1.1,4.4,kg,4.4,kg,1.0,per 100g,Fresh Food
254656399,"Tesco British Whole Milk 2.272L, 4 Pints",TESCO,1.65,0.73,litre,0.73,litre,3.5,per 100g,Fresh Food
260138854,Tesco Red Seedless Grapes 500G,TESCO,2.0,4.0,kg,4.0,kg,0.6,per 100g,Fresh Food
275280804,Tesco Bananas Loose,TESCO,0.16,0.9,kg,0.9,kg,1.2,per 100g,Fresh Food
253557034,Tesco Brown Onions Loose,TESCO,0.12,0.99,kg,0.99,kg,,,Fresh Food
285157326,Tesco Small Bananas 6 Pack,TESCO,0.75,0.12,each,0.12,each,1.2,per 100g,Fresh Food
305953125,Tesco Carrots 1Kg,TESCO,0.69,0.69,kg,0.69,kg,0.5,per 100g,Fresh Food
253560634,Tesco Limes Each,TESCO,0.24,0.24,each,0.24,each,1.0,per 100g,Fresh Food
266499399,Tesco Sweet Easy Peelers 600g,TESCO,1.35,2.25,kg,2.25,kg,0.7,per 100g,Fresh Food
307365386,Tesco Parsnips 500G,TESCO,0.74,1.48,kg,1.48,kg,1.8,per 100g,Fresh Food
254859516,Tesco Orange Juice Smooth 1 Litre,TESCO,1.6,1.6,litre,1.6,litre,0.5,per 100g,Fresh Food
305729979,Tesco Baking Potatoes 4 Pack,TESCO,0.79,0.2,each,0.2,each,2.5,per 100g,Fresh Food
307344549,Tesco Broccoli 375G,TESCO,0.82,2.19,kg,2.19,kg,4.3,per 100g,Fresh Food
313165959,Tesco All Rounder Potatoes 2Kg,TESCO,1.32,0.66,kg,0.66,kg,4.5,per 100g,Fresh Food
253558119,Tesco Cauliflower Each,TESCO,1.19,1.19,each,1.19,each,2.5,per 100g,Fresh Food
250871426,Tesco Lean Beef Steak Mince 5% Fat 500g,TESCO,5.19,10.38,kg,10.38,kg,21.9,per 100g,Fresh Food
253886894,Lurpak Spreadable Slightly Salted 500g,LURPAK,4.39,8.78,kg,8.78,kg,0.5,per 100g,Fresh Food
262479736,Tesco British Double Cream 600Ml,TESCO,3.0,5.0,litre,5.0,litre,1.5,per 100g,Fresh Food
260298456,Tesco Large Free Range Eggs 12 Pack,TESCO,3.3,0.28,each,0.28,each,12.6,per 100g,Fresh Food
250802567,Tesco Large Free Range Eggs 6 Pack,TESCO,2.1,0.35,each,0.35,each,12.6,per 100g,Fresh Food
288115395,Tesco Finest Sweet Easy Peelers 600g,TESCO finest,2.5,4.17,kg,4.17,kg,0.7,per 100g,Fresh Food
262479533,Tesco British Double Cream 300Ml,TESCO,1.7,5.67,litre,5.67,litre,1.5,per 100g,Fresh Food
305831903,Rosedene Farms Gala Apples 6 Pack,ROSEDENE FARMS,1.59,0.26,each,0.26,each,,,Fresh Food
250802613,Tesco Free Range Eggs Medium 6 Pack,TESCO,1.8,0.3,each,0.3,each,12.6,per 100g,Fresh Food
260298462,Tesco Medium Free Range Eggs 12 Pack,TESCO,2.85,0.24,each,0.24,each,12.6,per 100g,Fresh Food
296920881,Tesco 2 Boneless Salmon Fillets 260G,TESCO,4.8,18.46,kg,18.46,kg,25.3,per 100g,Fresh Food
284477542,Tesco Pink Lady Apples 5 Pack,TESCO,2.9,0.58,each,0.58,each,0.6,per 100g,Fresh Food
296057883,Nightingale Farms Peppers 375G,NIGHTINGALE FARM,1.79,4.77,kg,4.77,kg,0.8,per 100g,Fresh Food
303869954,Tesco Fairtrade Organic Bananas 5 Pack,TESCO ORGANIC,1.5,0.3,each,0.3,each,1.2,per 100g,Fresh Food
257875814,Tesco Lemons 4 Pack,TESCO,1.4,0.35,each,0.35,each,1.0,per 100g,Fresh Food
254859580,Tesco Pure Apple Juice 1 Litre,TESCO,1.6,1.6,litre,1.6,litre,0.1,per 100g,Fresh Food
259151850,Tesco 100% Pure Orange Juice Smooth 1 Litre,TESCO,2.0,2.0,litre,2.0,litre,0.6,per 100g,Fresh Food
294007923,Tesco British Chicken Breast Fillets 650G,TESCO,4.65,7.15,kg,7.15,kg,21.5,per 100g,Fresh Food
267524806,Tesco Leeks 500G,TESCO,1.39,2.78,kg,2.78,kg,1.5,per 100g,Fresh Food
281426090,Tesco Brown Onions 3 Pack,TESCO,0.95,0.32,each,0.32,each,1.0,per 100g,Fresh Food
312570515,Tesco Closed Cup Mushrooms 400G,TESCO,1.29,3.22,kg,3.22,kg,1.0,per 100g,Fresh Food
257264875,Cravendale Filtered Fresh Semi Skimmed Milk 2L Fresher for Longer,CRAVENDALE,2.5,1.25,litre,1.25,litre,3.6,per 100g,Fresh Food
287357000,Tesco Blueberries 250G,TESCO,2.6,10.4,kg,10.4,kg,0.9,per 100g,Fresh Food
292249576,Rosedene Farms Small Apple 6 Pack,ROSEDENE FARMS,0.99,0.16,each,0.16,each,0.6,per 100g,Fresh Food
254638565,Tesco Carrots Loose,TESCO,0.11,0.69,kg,0.69,kg,0.5,per 100g,Fresh Food
284475671,Tesco Braeburn Apple Minimum 5 Pack,TESCO,1.8,0.36,each,0.36,each,0.6,per 100g,Fresh Food
253558183,Tesco Large Baking Potatoes Loose,TESCO,0.24,0.79,kg,0.79,kg,2.5,per 100g,Fresh Food
300473499,Growers Harvest Orange Juice Smooth 1L,GROWER'S HARVEST,1.45,1.45,litre,1.45,litre,0.5,per 100g,Fresh Food
254278040,Tesco British Semi Skimmed Longlife Uht Milk 1 Litre,TESCO,1.35,1.35,litre,1.35,litre,3.6,per 100g,Fresh Food
314575841,Biocol Skimmed Milk 1 Litre ,BIOCOL,1.8,1.8,litre,1.8,litre,3.4,per 100g,Fresh Food
279992532,Tesco Finest 10 Pigs In Blankets 210G,TESCO finest,3.5,16.67,kg,16.67,kg,19.3,per 100g,Fresh Food
253737115,Tesco Filtered Semi Skimmed Milk 2 Litre,TESCO,2.1,1.05,litre,1.05,litre,3.3,per 100g,Fresh Food
284475550,Tesco Gala Apples,TESCO,1.8,0.36,each,0.36,each,0.4,per 100g,Fresh Food
288135169,Jaffa Easy Peelers 600g,TESCO,2.1,3.5,kg,3.5,kg,0.7,per 100g,Fresh Food
287356888,Tesco Blueberries 150G,TESCO,2.0,13.33,kg,13.33,kg,0.9,per 100g,Fresh Food
252208041,"Tesco British Skimmed Milk 1.136L, 2 Pints",TESCO,1.2,1.06,litre,1.06,litre,3.6,per 100g,Fresh Food
308091212,Tesco Finest Piccobella Tomatoes 220G,TESCO finest,2.0,9.09,kg,9.09,kg,1.1,per 100g,Fresh Food
252207566,"Tesco British Whole Milk 1.13L, 2 Pints",TESCO,1.2,1.06,litre,1.06,litre,3.5,per 100g,Fresh Food
267991943,Tesco Unsmoked Back Bacon Rashers 10 Pack 300g,TESCO,1.49,4.97,kg,4.97,kg,17.4,per 100g,Fresh Food
280379906,Tesco Whole Large Cucumber,TESCO,1.15,2.09,kg,2.09,kg,1.0,per 100g,Fresh Food
305255289,Tesco Tenderstem Broccoli 200G,TESCO,1.6,8.0,kg,8.0,kg,4.4,per 100g,Fresh Food
281425851,Tesco Red Onions 3Pack Minimum,TESCO,0.95,0.32,each,0.32,each,1.0,per 100g,Fresh Food
273150945,Tesco Finest Baby Potatoes 750G,TESCO finest,1.3,1.73,kg,1.73,kg,1.8,per 100g,Fresh Food
305834203,Tesco Sweet Vine Ripened Tomatoes 255G,TESCO,1.15,4.51,kg,4.51,kg,1.1,per 100g,Fresh Food
301219119,Tesco Baby Spinach 250G,TESCO,1.2,4.8,kg,4.8,kg,2.6,per 100g,Fresh Food
267995121,Tesco Smoked Back Bacon Rashers 300G,TESCO,1.49,4.97,kg,4.97,kg,17.4,per 100g,Fresh Food
300473931,Growers Harvest Pure Apple Juice 1 Litre,GROWER'S HARVEST,0.99,0.99,litre,0.99,litre,0.1,per 100g,Fresh Food
304785423,Tesco Swede,TESCO,0.62,0.62,each,0.62,each,0.7,per 100g,Fresh Food
279336901,Tesco Fine Beans 200G,TESCO,1.3,6.5,kg,6.5,kg,2.1,per 100g,Fresh Food
292213267,Nightingale Farms Cherry Tomatoes 250G,NIGHTINGALE FARM,0.62,2.48,kg,2.48,kg,1.1,per 100g,Fresh Food
253560041,Tesco Little Gem Lettuce Twin Pack,TESCO,0.77,0.38,each,0.38,each,1.2,per 100g,Fresh Food
265299361,Tesco Ready To Eat Large Avocados Each,TESCO,0.88,0.88,each,0.88,each,1.9,per 100g,Fresh Food
254384645,Tesco Honeydew Melon,TESCO,1.87,1.87,each,1.87,each,0.5,per 100g,Fresh Food
258114107,Tesco Red Onions Loose,TESCO,0.2,0.95,kg,0.95,kg,1.0,per 100g,Fresh Food
266419328,Tesco Ripe Bananas 5 Pack,TESCO,0.78,0.16,each,0.16,each,1.2,per 100g,Fresh Food
292248312,Rosedene Farms Raspberries 125G,ROSEDENE FARMS,1.49,11.92,kg,11.92,kg,0.8,per 100g,Fresh Food
282470731,Tesco Lean Beef Steak Mince 5% Fat 750g,TESCO,7.5,10.0,kg,10.0,kg,21.9,per 100g,Fresh Food
314596516,Tesco Smoked Salmon 150g,TESCO,5.6,37.33,kg,37.33,kg,22.3,per 100g,Fresh Food
257480267,Tesco Grated Mozzarella 250G,TESCO,2.55,10.2,kg,10.2,kg,22.7,per 100g,Fresh Food
305977270,Tesco Mature Cheddar 400G,TESCO,3.25,8.12,kg,8.12,kg,25.4,per 100g,Fresh Food
306665741,Tesco Extra Mature Cheddar Cheese 400G,TESCO,3.25,8.12,kg,8.12,kg,25.4,per 100g,Fresh Food
251523740,Tesco Finest 12 Pork British Chipolatas 375G,TESCO finest,3.3,8.8,kg,8.8,kg,16.3,per 100g,Fresh Food
253704206,Tesco British Mature Grated Cheddar Cheese 250 G,TESCO,2.55,10.2,kg,10.2,kg,24.9,per 100g,Fresh Food
280002982,Tesco Finest 6 Pork Sausages 400G,TESCO finest,3.3,8.25,kg,8.25,kg,15.6,per 100g,Fresh Food
268768873,Cathedral City Mature Cheddar Cheese 350 G,CATHEDRAL CITY,3.39,9.69,kg,9.69,kg,25.4,per 100g,Fresh Food
292990463,Oatly Barista Edition Oat Drink Long Life 1L,OATLY!,2.2,2.2,litre,2.2,litre,1.1,per 100g,Fresh Food
277925449,Cathedral City Mature Cheddar Cheese 550 G,CATHEDRAL CITY,5.3,9.64,kg,9.64,kg,25.4,per 100g,Fresh Food
266125635,Tesco Miniature Potatoes 750G,TESCO,1.35,1.8,kg,1.8,kg,1.8,per 100g,Fresh Food
304376337,Tesco Maris Piper Potatoes 1.25Kg,TESCO,1.45,1.16,kg,1.16,kg,1.8,per 100g,Fresh Food
253554596,Tesco Courgettes Loose,TESCO,0.56,2.78,kg,2.78,kg,1.8,per 100g,Fresh Food
256315472,Dale Farm Butter Milk 568Ml,dale farm,0.85,1.5,litre,1.5,litre,3.4,per 100g,Fresh Food
292216045,Suntrail Farms Price Lemons Minimum 4 Pack,SUNTRAIL FARMS,0.89,0.22,each,0.22,each,1.0,per 100g,Fresh Food
299982577,Creamfields Soft Cheese 200G,CREAMFIELDS,0.95,4.75,kg,4.75,kg,3.5,per 100g,Fresh Food
255736044,Tesco Brown Onions 1Kg,TESCO,0.99,0.99,kg,0.99,kg,1.0,per 100g,Fresh Food
257231200,Tesco Broccoli Loose,TESCO,0.82,2.19,kg,2.19,kg,4.3,per 100g,Fresh Food
253557408,Tesco Parsnips Loose,TESCO,0.22,1.48,kg,1.48,kg,1.8,per 100g,Fresh Food
305943990,Tesco Celery Sticks 250G,TESCO,0.9,3.6,kg,3.6,kg,0.5,per 100g,Fresh Food
310190037,Tesco Sweet Potatoes 1Kg,TESCO,1.19,1.19,kg,1.19,kg,1.1,per 100g,Fresh Food
311672834,Tesco Celery,TESCO,0.75,0.75,each,0.75,each,0.5,per 100g,Fresh Food
311807538,Tesco British Roast Beef Slices 90g,TESCO,2.25,25.0,kg,25.0,kg,24.7,per 100g,Fresh Food
255095718,Tesco Baby Potatoes 1Kg,TESCO,1.09,1.09,kg,1.09,kg,1.8,per 100g,Fresh Food
255805844,Tesco Perfectly Ripe Mango,TESCO,0.88,0.88,each,0.88,each,0.7,per 100g,Fresh Food
252781973,Tesco Free Range Eggs Very Large 6 Pack,TESCO,2.4,0.4,each,0.4,each,12.6,per 100g,Fresh Food
254263685,Clover Original Spread 500G,CLOVER,2.6,5.2,kg,5.2,kg,0.7,per 100g,Fresh Food
268973255,Jus-Rol Ready Rolled Puff Pastry Sheet 320g,JUS-ROL,1.9,5.94,kg,5.94,kg,5.3,per 100g,Fresh Food
304368923,Tesco British Chicken Breast Mini Fillets 400G,TESCO,3.85,9.62,kg,9.62,kg,24.2,per 100g,Fresh Food
276956270,Tesco 100% Pressed Apple Juice 1 Litre,TESCO,2.0,2.0,litre,2.0,litre,0.3,per 100g,Fresh Food
304792155,Tesco Finest Red Potatoes 2Kg,TESCO finest,2.4,1.2,kg,1.2,kg,2.6,per 100g,Fresh Food
293953719,Tesco Baby Corn 130G,TESCO,1.45,11.15,kg,11.15,kg,2.6,per 100g,Fresh Food
292593115,Tesco Mixed Leaf Salad 120G,TESCO,1.2,10.0,kg,10.0,kg,1.3,per 100g,Fresh Food
311678197,Philadelphia Original Soft Cream Cheese 165G,PHILADELPHIA,2.25,13.64,kg,13.64,kg,5.4,per 100g,Fresh Food
260249776,Tesco Sour Cream & Chive Dip 200G,TESCO,1.3,6.5,kg,6.5,kg,1.7,per 100g,Fresh Food
300661949,The Grower's Harvest Soya Drink Unsweetened 1L,GROWER'S HARVEST,0.79,0.79,litre,0.79,litre,3.0,per 100g,Fresh Food
304369719,Tesco Babyleaf Salad 90G,TESCO,1.0,11.11,kg,11.11,kg,1.9,per 100g,Fresh Food
303116924,Creamfields Double Cream 300Ml,CREAMFIELDS,1.39,4.63,litre,4.63,litre,1.5,per 100g,Fresh Food
258170229,Tesco Greek Style Yogurt 500G,TESCO,1.15,2.3,kg,2.3,kg,3.7,per 100g,Fresh Food
310119778,Wildlife Choobs Strawberry Raspberry & Apricot Kids Yoghurt Tubes 6x37g,WILDLIFE,1.15,5.18,kg,5.18,kg,3.8,per 100g,Fresh Food
258997144,Tesco 100% Pure Squeezed Orange Juice With Bits 1 Litre,TESCO,2.0,2.0,litre,2.0,litre,0.6,per 100g,Fresh Food
301219155,Tesco Curly Kale 180G,TESCO,0.8,4.44,kg,4.44,kg,3.4,per 100g,Fresh Food
298126620,Tesco Peeled Brussels Sprouts 200G,TESCO,1.5,7.5,kg,7.5,kg,3.5,per 100g,Fresh Food
293610620,Tesco Aubergine Each,TESCO,0.99,0.99,each,0.99,each,0.9,per 100g,Fresh Food
308490189,Tesco Tomatoes On The Vine 500G,TESCO,1.4,2.8,kg,2.8,kg,0.5,per 100g,Fresh Food
258905427,Tesco Yellow Peppers Each,TESCO,0.7,0.7,each,0.7,each,0.8,per 100g,Fresh Food
284475227,Tesco Conference Pears Pack 610G,TESCO,1.6,2.62,kg,2.62,kg,0.3,per 100g,Fresh Food
308470311,Maoam Bloxx 4 Pack 88G,MAOAM,0.7,7.96,kg,7.96,kg,1.5,per 100g,Fresh Food
301219495,Growers Harvest Pure Apple Juice 1 Litre,GROWER'S HARVEST,0.89,0.89,litre,0.89,litre,0.1,per 100g,Fresh Food
299914475,Creamfields Mozzarella 210G,CREAMFIELDS,0.69,5.52,kg DR.WT,5.52,kg dr.wt,17.0,per 100g,Fresh Food
254797214,Tesco Romaine Hearts Twin Pack,TESCO,1.2,0.6,each,0.6,each,1.2,per 100g,Fresh Food
254941983,Tesco Sweetheart Cabbage Each,TESCO,0.75,0.75,each,0.75,each,1.7,per 100g,Fresh Food
253559199,Tesco Large Sweet Potatoes Loose Class 1,TESCO,0.42,1.19,kg,1.19,kg,1.2,per 100g,Fresh Food
279704092,Tesco Lean Beef Steak Mince 5% Fat 250G,TESCO,2.69,10.76,kg,10.76,kg,21.9,per 100g,Fresh Food
299914924,Grower's Harvest Orange Juice Smooth 1 Litre,GROWER'S HARVEST,0.89,0.89,litre,0.89,litre,0.5,per 100g,Fresh Food
308083458,Tesco Beef Mince 20% Fat 500g,TESCO,3.25,6.5,kg,6.5,kg,18.4,per 100g,Fresh Food
265418417,Tesco Finest Jumbo Cooked King Prawns 225G,TESCO finest,5.35,23.78,kg,23.78,kg,18.8,per 100g,Fresh Food
254277997,Tesco British Skimmed Longlife Uht Milk 1 Litre,TESCO,1.35,1.35,litre,1.35,litre,3.6,per 100g,Fresh Food
307745622,Tesco Long Life Oat Original 1L,TESCO,1.5,1.5,litre,1.5,litre,0.5,per 100g,Fresh Food
304404328,Tesco British Diced Chicken Breast 400G,TESCO,3.85,9.62,kg,9.62,kg,21.5,per 100g,Fresh Food
260086626,Cravendale Filtered Fresh Semi Skimmed Milk 1L Fresher for Longer,CRAVENDALE,1.75,1.75,litre,1.75,litre,3.6,per 100g,Fresh Food
250692966,Boursin Garlic & Herbs Soft Cheese 150g,boursin,2.95,19.67,kg,19.67,kg,8.5,per 100g,Fresh Food
305976236,Big & Fresh Barn Eggs Large 10 Pack,BIG & FRESH,2.55,0.26,each,0.26,each,12.6,per 100g,Fresh Food
284475832,Tesco Granny Smith Apples Minimum 5 Pack,TESCO,1.8,0.36,each,0.36,each,0.6,per 100g,Fresh Food
299914291,Creamfields Skimmed UHT Milk 1L,CREAMFIELDS,0.69,0.69,litre,0.69,litre,3.6,per 100g,Fresh Food
299955420,Eastman's Sliced Cooked Chicken 240G,EASTMAN'S,1.99,8.29,kg,8.29,kg,23.3,per 100g,Fresh Food
254972393,Tesco Melton Mowbray Pork Pies 6 Pack 300g,TESCO,2.25,7.5,kg,7.5,kg,10.3,per 100g,Fresh Food
281037392,Tesco Smoked Streaky Bacon Rashers 14 Pack 300g,TESCO,2.29,7.63,kg,7.63,kg,15.1,per 100g,Fresh Food
256687445,Tesco Organic Carrots 700G,TESCO ORGANIC,1.35,1.93,kg,1.93,kg,0.5,per 100g,Fresh Food
251314158,"Tesco British Semi Skimmed Milk 568 Ml, 1 Pint",TESCO,0.85,1.5,litre,1.5,litre,3.6,per 100g,Fresh Food
300118011,Tesco Lactose Free Semi Skimmed Dairy Drink 1Ltr,LACTOSE FREE,0.99,0.99,litre,0.99,litre,3.2,per 100g,Fresh Food
257265436,Cravendale Filtered Fresh Whole Milk 2L Fresher for Longer,CRAVENDALE,2.5,1.25,litre,1.25,litre,3.4,per 100g,Fresh Food
313168547,Tesco Large Garlic,TESCO,0.5,0.5,each,0.5,each,7.9,per 100g,Fresh Food
292663718,Tesco Baby Cucumbers 200G,TESCO,1.0,5.0,kg,5.0,kg,1.0,per 100g,Fresh Food
302292312,Tesco Courgettes,TESCO,1.39,0.46,each,0.46,each,1.8,per 100g,Fresh Food
292686490,Tesco Fresh Cut Coriander 30G,TESCO,0.5,16.67,kg,16.67,kg,2.1,per 100g,Fresh Food
303880473,Eastmans Wafer Thin Cooked Ham Slices 400g,EASTMAN'S,1.89,4.72,kg,4.72,kg,17.6,per 100g,Fresh Food
292311836,Woodside Farms Smoked Back Bacon 300G,WOODSIDE FARMS,1.25,4.17,kg,4.17,kg,17.4,per 100g,Fresh Food
275142791,Tesco Red Grapefruit,TESCO,0.44,0.44,each,0.44,each,0.8,per 100g,Fresh Food
294070184,Tesco Red Cabbage Each,TESCO,0.89,0.89,each,0.89,each,1.1,per 100g,Fresh Food
291631643,Arla BOB Skimmed Milk 2L Tastes like Semi Skimmed,Arla,2.5,1.25,litre,1.25,litre,4.5,per 100g,Fresh Food
280010485,Tesco Finest 10 Traditional Pork Sausages 667G,TESCO finest,4.5,6.75,kg,6.75,kg,15.6,per 100g,Fresh Food
258771630,Tesco Wensleydale Cheese with Cranberries 200g,TESCO,2.85,14.25,kg,14.25,kg,17.7,per 100g,Fresh Food
262480058,Tesco Extra Thick Double Cream 300Ml,TESCO,2.0,6.67,litre,6.67,litre,1.5,per 100g,Fresh Food
305951277,Tesco Medium Cheddar 400G,TESCO,3.25,8.12,kg,8.12,kg,25.4,per 100g,Fresh Food
273253173,St. Ewe Original Free Range Eggs Medium 6 Pack,WOOD FARM,2.4,0.4,each,0.4,each,12.6,per 100g,Fresh Food
253704097,Tesco British Medium Grated Cheddar Cheese 250 G,TESCO,2.55,10.2,kg,10.2,kg,24.9,per 100g,Fresh Food
296814552,Tesco Finest Spanish Chorizo Ring 225G,TESCO finest,2.4,10.67,kg,10.67,kg,22.5,per 100g,Fresh Food
253561247,Large Conference Pears Class 1 Loose,TESCO,0.52,2.75,kg,2.75,kg,0.3,per 100g,Fresh Food
289645831,Merchant Gourmet Whole Chestnuts 180G,MERCHANT GOURMET,2.55,14.17,kg,14.17,kg,3.8,per 100g,Fresh Food
309202594,Tesco Finest Tomatoes On The Vine 450G,TESCO finest,2.0,4.44,kg,4.44,kg,0.5,per 100g,Fresh Food
251499998,Tesco Organic British Semi Skimmed Milk 2.272L/4 Pints,TESCO ORGANIC,2.45,1.08,litre,1.08,litre,3.6,per 100g,Fresh Food
268776788,Munch Bunch Double Up Fromage Frais Strawberry Vanilla 4 x 85g (340g),MUNCH BUNCH,1.8,5.29,kg,5.29,kg,5.1,per 100g,Fresh Food
299963865,Tesco Wild Rocket 60G,TESCO,1.0,16.67,kg,16.67,kg,3.5,per 100g,Fresh Food
253554170,Jaffa Orange Pack,TESCO,2.15,0.54,each,0.54,each,0.8,per 100g,Fresh Food
302490020,Fridge Raiders Roast Chicken Bites 3X22.5G,FRIDGE RAIDERS,1.65,24.44,kg,24.44,kg,21.0,per 100g,Fresh Food
311438519,Jaffa Jumbo Orange Minimum 4 Pack,Jaffa,2.15,0.54,each,0.54,each,0.8,per 100g,Fresh Food
287529333,Tesco Strawberries 400G,TESCO,3.6,9.0,kg,9.0,kg,0.6,per 100g,Fresh Food
267991908,Tesco Smoked Thick Cut Back Bacon 300G,TESCO,1.49,4.97,kg,4.97,kg,17.4,per 100g,Fresh Food
277492902,Tesco Butternut Squash Each,TESCO VALUE,1.5,1.5,each,1.5,each,1.1,per 100g,Fresh Food
288136888,Tesco Orange Minimum 5 Pack,TESCO,1.55,0.31,each,0.31,each,0.8,per 100g,Fresh Food
292312017,Woodside Farms Unsmoked Back Bacon 300G,WOODSIDE FARMS,1.25,4.17,kg,4.17,kg,17.4,per 100g,Fresh Food
255838396,Tesco Savoy Cabbage Each,TESCO,0.75,0.75,each,0.75,each,2.4,per 100g,Fresh Food
264534350,Tesco Sweet Gem Lettuce,TESCO,1.0,0.5,each,0.5,each,1.2,per 100g,Fresh Food
292250003,Suntrail Farms Grapes 500G,SUNTRAIL FARMS,1.37,2.74,kg,2.74,kg,0.6,per 100g,Fresh Food
294070748,Tesco White Cabbage Each,TESCO,0.89,0.89,each,0.89,each,1.2,per 100g,Fresh Food
305250110,St.Ewe Rich Yolk Free Range Eggs 6 Pack,ST.EWE,2.95,0.49,each,0.49,each,12.6,per 100g,Fresh Food
305973280,Tesco British Mild Cheddar Cheese 400G,TESCO,3.25,8.12,kg,8.12,kg,25.4,per 100g,Fresh Food
255211164,Tesco Finest 6 British Pork & Caramelised Onion Sausages 400G,TESCO finest,3.3,8.25,kg,8.25,kg,14.5,per 100g,Fresh Food
303629634,Tesco Soft Cheese Plain Full Fat 200G,TESCO,1.55,7.75,kg,7.75,kg,4.4,per 100g,Fresh Food
261535054,Tesco British Blue Stilton Cheese 220 G,TESCO,2.95,13.41,kg,13.41,kg,23.7,per 100g,Fresh Food
288986209,Cathedral City Extra Mature Cheddar Cheese 550 G,CATHEDRAL CITY,5.3,9.64,kg,9.64,kg,25.4,per 100g,Fresh Food
256344327,Tesco British Extra Mature Grated Cheddar Cheese 250 G,TESCO,2.55,10.2,kg,10.2,kg,24.9,per 100g,Fresh Food
304410539,Tesco Chicken Breast Mini Fillets 650g,TESCO,5.1,7.85,kg,7.85,kg,24.2,per 100g,Fresh Food
262479245,Tesco British Single Cream 300Ml,TESCO,1.35,4.5,litre,4.5,litre,3.3,per 100g,Fresh Food
305981569,Richmond Thick Pork Sausages 12 Pack 615g,RICHMOND,2.4,3.9,kg,3.9,kg,10.0,per 100g,Fresh Food
307346979,Mini Babybel Original Cheese Snacks 10X20g 200G,BABYBEL,2.89,14.45,kg,14.45,kg,22.0,per 100g,Fresh Food
284475890,Tesco Golden Delicious Apple Minimum 5 Pack,TESCO,1.8,0.36,each,0.36,each,0.6,per 100g,Fresh Food
302676607,Creamfields Mature White Cheddar 400G,CREAMFIELDS,2.49,6.22,kg,6.22,kg,25.4,per 100g,Fresh Food
258877943,Arla LactoFREE Semi Skimmed Milk Drink 1L,LACTOFREE,1.95,1.95,litre,1.95,litre,3.4,per 100g,Fresh Food
312565758,Flora Buttery Spread with Natural Ingredients 450G,FLORA,1.99,4.42,kg,4.42,kg,,per 100g,Fresh Food
281037354,Tesco Unsmoked Streaky Bacon Rashers 14 Pack 300g,TESCO,2.29,7.63,kg,7.63,kg,15.8,per 100g,Fresh Food
253559297,Tesco Root Ginger Loose,TESCO,0.55,5.5,kg,5.5,kg,1.4,per 100g,Fresh Food
299916749,Tesco Large Flat Mushrooms 250G,TESCO,1.25,5.0,kg,5.0,kg,1.0,per 100g,Fresh Food
296360788,Tesco Greek Style Natural Yogurt 1Kg,TESCO,1.95,1.95,kg,1.95,kg,3.7,per 100g,Fresh Food
290981391,Tesco Egg Noodles 300G,TESCO,1.1,3.67,kg,3.67,kg,4.0,per 100g,Fresh Food
265166259,Tesco Soured Cream 300Ml,TESCO,0.85,2.83,litre,2.83,litre,2.6,per 100g,Fresh Food
299914279,Creamfields Semi Skimmed UHT Milk 1L,CREAMFIELDS,0.69,0.69,litre,0.69,litre,3.6,per 100g,Fresh Food
258270595,Tesco Green Peppers Each,TESCO,0.7,0.7,each,0.7,each,0.8,per 100g,Fresh Food
301514109,Tesco Blueberries 500G,TESCO,4.55,9.1,kg,9.1,kg,0.9,per 100g,Fresh Food
305961835,Creamfields 4 Pack Strawberry Raspberry Yogurt Pouches 320G,CREAMFIELDS,0.99,3.09,kg,3.09,kg,3.2,per 100g,Fresh Food
284475164,Tesco Ready To Eat Seasonal Pears 4Pack 550G,TESCO,1.85,3.36,kg,3.36,kg,0.3,per 100g,Fresh Food
291124830,Tesco Pizza Pepperoni 120G,TESCO,1.09,9.08,kg,9.08,kg,16.2,per 100g,Fresh Food
292249484,Rosedene Farms Small Pear Pack 550G,ROSEDENE FARMS,0.99,1.8,kg,1.8,kg,0.3,per 100g,Fresh Food
250211805,Tesco 16 Seafood Sticks 250G,TESCO,1.25,5.0,kg,5.0,kg,8.9,per 100g,Fresh Food
261049366,Tesco Radish Pack 240G,TESCO,0.56,2.33,kg,2.33,kg,0.7,per 100g,Fresh Food
255230763,Tesco Pineapple,TESCO,0.98,0.98,each,0.98,each,0.4,per 100g,Fresh Food
251788587,Tesco Sweetcorn Cobettes 4 Pack,TESCO,1.29,0.32,each,0.32,each,3.7,per 100g,Fresh Food
292695686,Tesco Cut Basil 30G,TESCO,0.5,16.67,kg,16.67,kg,2.5,per 100g,Fresh Food
308483578,Tesco Lean Diced Beef 400G,TESCO,5.2,13.0,kg,13.0,kg,20.7,per 100g,Fresh Food
299970378,Creamfields Apricot Strawberry Raspberry Fromage Frais 12 X 50G,CREAMFIELDS,0.89,1.48,kg,1.48,kg,5.9,per 100g,Fresh Food
305974463,Eastmans Corned Beef Slices 150g,EASTMAN'S,1.5,10.0,kg,10.0,kg,25.0,per 100g,Fresh Food
291729407,Tesco Butterpak Spreadable - Slightly Salted 500g,TESCO,2.18,4.36,kg,4.36,kg,0.5,per 100g,Fresh Food
295014849,Tesco Roast Chicken Slices 180g,TESCO,3.75,20.83,kg,20.83,kg,26.2,per 100g,Fresh Food
311937292,Muller Corner Vanilla & Banana Yogurts with Chocolate Balls & Flakes 6 x 124g,Müller,4.0,0.54,100g,5.4,kg,,,Fresh Food
255081368,Tesco Grated Parmigiano Reggiano 100G,TESCO,2.8,28.0,kg,28.0,kg,32.4,per 100g,Fresh Food
304401896,Pukka All Steak Pie,PUKKA PIES,2.25,2.25,each,2.25,each,8.8,per 100g,Fresh Food
293953633,Tesco Stringless Beans 180G,TESCO,1.45,8.06,kg,8.06,kg,1.6,per 100g,Fresh Food
260663698,Tesco Parmigiano Reggiano Cheese 200 G,TESCO,4.0,20.0,kg,20.0,kg,32.4,per 100g,Fresh Food
275174361,Tesco Finest Smoked Dry Cure Back Bacon 8 Pack 240G,TESCO finest,3.8,15.83,kg,15.83,kg,21.2,per 100g,Fresh Food
287531928,Tesco Unsweetened Almond Drink 1L,TESCO,1.3,1.3,litre,1.3,litre,0.7,per 100g,Fresh Food
310681024,Creamfields Grated Cheddar 500G,CREAMFIELDS,2.99,5.98,kg,5.98,kg,24.9,per 100g,Fresh Food
253555998,Tesco Leeks Loose,TESCO,0.7,2.78,kg,2.78,kg,1.6,per 100g,Fresh Food
268312543,Tesco Rocket & Babyleaf Salad 90g,TESCO,1.35,1.5,100g,15.0,kg,1.5,per 100g,Fresh Food
312352060,Tesco Butterhead Salad 80G,TESCO,1.0,12.5,kg,12.5,kg,1.6,per 100g,Fresh Food
263943986,Tesco Organic Garlic 3 Pack,TESCO ORGANIC,1.0,0.33,each,0.33,each,7.9,per 100g,Fresh Food
277973967,Tesco Peeled Baby Brussels Sprouts 180G,TESCO,1.6,8.89,kg,8.89,kg,3.5,per 100g,Fresh Food
305041628,Tesco Finest Extra Fine Beans 200G,TESCO finest,1.55,7.75,kg,7.75,kg,2.1,per 100g,Fresh Food
265166150,Tesco British Soured Cream 150Ml,TESCO,0.85,5.67,litre,5.67,litre,2.6,per 100g,Fresh Food
263772685,Tesco 50% Less Fat Creme Fraiche 300Ml,TESCO,0.75,2.5,litre,2.5,litre,2.7,per 100g,Fresh Food
260138514,Tesco Seedless Grape Selection Pack 500G,TESCO,2.0,4.0,kg,4.0,kg,0.6,per 100g,Fresh Food
263772662,Tesco British Creme Fraiche 300Ml,TESCO,0.75,2.5,litre,2.5,litre,2.7,per 100g,Fresh Food
292225110,Suntrail Farms Price Orange Minimum 5 Pack,SUNTRAIL FARMS,0.99,0.2,each,0.2,each,0.8,per 100g,Fresh Food
279316390,Tesco Family Pack Mushrooms 625G,TESCO,1.85,2.96,kg,2.96,kg,1.0,per 100g,Fresh Food
299955783,Eastmans Cooked Ham Slices 125g ,EASTMAN'S,0.85,6.8,kg,6.8,kg,17.6,per 100g,Fresh Food
286702423,Arla Protein Yogurt - Strawberry 200g,Arla,1.45,7.25,kg,7.25,kg,10.0,per 100g,Fresh Food
262640958,Tesco Black Seedless Grapes 500G,TESCO,2.0,4.0,kg,4.0,kg,0.6,per 100g,Fresh Food
294007399,Tesco Diced Onion 400G,TESCO,1.0,2.5,kg,2.5,kg,1.5,per 100g,Fresh Food
299955685,Eastmans Cooked Ham Slices 400g,EASTMAN'S,1.89,4.72,kg,4.72,kg,17.6,per 100g,Fresh Food
292686582,Tesco Fresh Cut Flat Leaf Parsley 30G,TESCO,0.5,16.67,kg,16.67,kg,3.0,per 100g,Fresh Food
262645072,Tesco Red Onions Pack 1Kg,TESCO,0.95,0.95,kg,0.95,kg,1.0,per 100g,Fresh Food
256339363,Tesco Red Chillies 60G,TESCO,0.51,8.5,kg,8.5,kg,2.9,per 100g,Fresh Food
308094566,Tesco Diced Beef 400G,TESCO,4.49,11.22,kg,11.22,kg,21.1,per 100g,Fresh Food
300474469,Growers Harvest Orange Juice Smooth 2L,GROWER'S HARVEST,2.19,1.1,litre,1.1,litre,0.5,per 100g,Fresh Food
253188113,Tesco Lamb Whole Leg Joint,TESCO,16.7,16.7,kg,16.7,kg,19.1,per 100g,Fresh Food
288661225,Tesco British Chicken Thigh Fillets 600G,TESCO,5.6,9.33,kg,9.33,kg,18.3,per 100g,Fresh Food
314427211,Yeo Valley Organic Spreadable Blend of Butter and Rapeseed Oil 400g,Yeo Valley,4.75,11.88,kg,11.88,kg,,per 100g,Fresh Food
314410947,Anchor Lighter Spreadable Blend of Butter and Rapeseed Oil 400g,ANCHOR,4.45,11.12,kg,11.12,kg,,per 100g,Fresh Food
313621754,Anchor Spreadable Blend of Butter and Rapeseed Oil 400g,ANCHOR,4.45,11.12,kg,11.12,kg,,per 100g,Fresh Food
254277974,Tesco British Whole Milk Longlife Uht 1 Litre,TESCO,1.35,1.35,litre,1.35,litre,3.5,per 100g,Fresh Food
311687892,Philadelphia Original Soft Cream Cheese 280G,PHILADELPHIA,3.25,11.61,kg,11.61,kg,5.4,per 100g,Fresh Food
264328992,Happy Egg Free Range Eggs Large 6 Pack,HAPPY EGG,2.55,0.42,each,0.42,each,12.6,per 100g,Fresh Food
302330090,Oatly Whole Oat Drink Chilled 1L,OATLY!,2.2,2.2,litre,2.2,litre,1.1,per 100g,Fresh Food
259373535,Clover Light Spread 500 G,CLOVER,2.6,5.2,kg,5.2,kg,1.3,per 100g,Fresh Food
264156169,"Tesco British Mature Cheddar Cheese 10 Slices, 250 G",TESCO,2.85,11.4,kg,11.4,kg,25.4,per 100g,Fresh Food
262042556,Ski Smooth Strawberry & Raspberry Yogurt 4X120g,SKI,1.35,2.81,kg,2.81,kg,3.4,per 100g,Fresh Food
307353982,Mini Babybel Light Cheese Snacks 10 X 20G 200G,BEL,2.89,14.45,kg,14.45,kg,25.0,per 100g,Fresh Food
275174349,Tesco Finest Unsmoked Dry Cure Back Bacon 8 Pack 240G,TESCO finest,3.8,15.83,kg,15.83,kg,20.0,per 100g,Fresh Food
303880749,Tesco Honey Roast Ham Slices 400g,TESCO,2.19,5.48,kg,5.48,kg,18.8,per 100g,Fresh Food
280108932,Tesco Tenderstem Broccoli Tips 120G,TESCO,1.5,12.5,kg,12.5,kg,4.4,per 100g,Fresh Food
303881218,Tesco Wafer Thin Honey Roast Ham Slices 125g,TESCO,1.25,10.0,kg,10.0,kg,19.3,per 100g,Fresh Food
284477058,Tesco British Apples Minimum 5 Pack,TESCO,1.8,0.36,each,0.36,each,0.6,per 100g,Fresh Food
251582605,Tesco Organic Whole Cucumber,TESCO ORGANIC,1.3,1.3,each,1.3,each,1.0,per 100g,Fresh Food
300537350,Tesco Trimmed Tenderstem Broccoli 80G,TESCO,1.3,16.25,kg,16.25,kg,3.3,per 100g,Fresh Food
274510599,Tesco 0% Fat Greek Style Yogurt 500G,TESCO,1.15,2.3,kg,2.3,kg,6.2,per 100g,Fresh Food
295580293,Tesco Halloumi 225G,TESCO,1.99,8.84,kg,8.84,kg,20.7,per 100g,Fresh Food
261992145,Tesco Finest Smoked Dry Cure Streaky Bacon 240G,TESCO finest,3.8,15.83,kg,15.83,kg,18.3,per 100g,Fresh Food
304412981,Tesco Sweet & Crunchy Salad 250G,TESCO,0.78,3.12,kg,3.12,kg,0.8,per 100g,Fresh Food
312693894,Tesco Carrot Batons 400G,TESCO,1.1,2.75,kg,2.75,kg,0.4,per 100g,Fresh Food
307348303,Creamfields Greek Style Natural Yogurt 500G,CREAMFIELDS,0.95,1.9,kg,1.9,kg,4.0,per 100g,Fresh Food
312704710,Tesco Iceberg Lettuce 200G,TESCO,0.64,3.2,kg,3.2,kg,0.9,per 100g,Fresh Food
256651384,Tesco Asparagus Tips 125G,TESCO,2.1,16.8,kg,16.8,kg,2.9,per 100g,Fresh Food
259336315,Tesco Pineapple Juice 1 Litre,TESCO,1.6,1.6,litre,1.6,litre,0.2,per 100g,Fresh Food
314708576,Tesco British Corned Beef 110g ,TESCO,2.25,20.46,kg,20.46,kg,24.2,per 100g,Fresh Food
254898538,Tesco German Style Salami Slices 12 Pack 125g,TESCO,1.09,8.72,kg,8.72,kg,22.2,per 100g,Fresh Food
258431866,Tesco Lean Pork Mince 5% Fat 500g,TESCO,2.55,5.1,kg,5.1,kg,20.5,per 100g,Fresh Food
261879050,Tesco British Pork Sausages 8 Pack 454G,TESCO,1.79,3.94,kg,3.94,kg,14.8,per 100g,Fresh Food
300400483,Tesco Beef Rump Steak 255G,TESCO,4.45,17.45,kg,17.45,kg,20.3,per 100g,Fresh Food
261384030,Pizza Express Margherita Pizza 245G,PIZZA EXPRESS,5.5,22.45,kg,22.45,kg,13.1,per 100g,Fresh Food
275117919,Tesco Smoked Bacon Lardons 200G,TESCO,2.85,14.25,kg,14.25,kg,15.6,per 100g,Fresh Food
295693390,Happy Egg Co. Free Range Eggs 10 Mixed Weight,HAPPY EGG,3.45,0.34,each,0.34,each,12.6,per 100g,Fresh Food
256438810,Tesco Longlife Sweetened Soya Drink 1L,TESCO,1.3,1.3,litre,1.3,litre,3.4,per 100g,Fresh Food
279993208, Tesco Finest 6 Cumberland Pork Sausages 400g,TESCO finest,3.3,8.25,kg,8.25,kg,17.1,per 100g,Fresh Food
267273555,Cathedral City Extra Mature Cheddar Cheese 350 G,CATHEDRAL CITY,3.39,9.69,kg,9.69,kg,25.4,per 100g,Fresh Food
300935339,Pilgrims Choice Extra Mature Cheddar 550G,PILGRIMS CHOICE,4.7,8.54,kg,8.54,kg,25.4,per 100g,Fresh Food
296091386,Arla Protein Strawberry Yogurt Pouch 200g,Arla,1.45,7.25,kg,7.25,kg,10.0,per 100g,Fresh Food
253558033,Tesco Bramley Cooking Apples Loose,TESCO,0.64,2.55,kg,2.55,kg,0.3,per 100g,Fresh Food
258005559,Tesco Smoked Cheese 125G,TESCO,2.0,16.0,kg,16.0,kg,18.0,per 100g,Fresh Food
311807037,Cadbury Flake Milk Chocolate Dessert 75G,Cadbury,1.25,16.67,kg,16.67,kg,4.3,per 100g,Fresh Food
311781296,Cadbury Dairy Milk Buttons Chocolate Dessert 75G,Cadbury,1.25,16.67,kg,16.67,kg,4.5,per 100g,Fresh Food
294070541,Tesco British Pork Sausage Meat 400G,TESCO,2.95,7.38,kg,7.38,kg,15.9,per 100g,Fresh Food
284477628,Tesco Jazz Apple 6 Pack,TESCO,2.4,0.4,each,0.4,each,0.6,per 100g,Fresh Food
260076333,Tesco Onion & Garlic Dip 200G,TESCO,1.3,6.5,kg,6.5,kg,1.2,per 100g,Fresh Food
299914515,Creamfields French Brie 200G,CREAMFIELDS,1.65,8.25,kg,8.25,kg,17.0,per 100g,Fresh Food
278082689,Tesco No Added Sugar Cranberry Juice Drink 1 Litre,TESCO,1.6,1.6,litre,1.6,litre,,per 100g,Fresh Food
267315115,Fresh & Naked Just Wild Rocket 60G,FRESH & NAKED,1.2,20.0,kg,20.0,kg,2.6,per 100g,Fresh Food
305984899,Richmond 8 Thick Pork Sausages 410G,RICHMOND,2.2,5.37,kg,5.37,kg,10.0,per 100g,Fresh Food
304405349,Tesco British Diced Chicken Breast 650G,TESCO,5.1,7.85,kg,7.85,kg,21.5,per 100g,Fresh Food
260076346,Tesco Cheddar Cheese & Chive Dip 200G,TESCO,1.3,6.5,kg,6.5,kg,3.2,per 100g,Fresh Food
299829340,Tesco Spinach & Ricotta Fresh Tortelloni 300g,TESCO,1.95,6.5,kg,6.5,kg,7.4,per 100g,Fresh Food
305970686,Wall's Snack Sausage Rolls 10 Pack 270g,WALL'S,2.25,8.33,kg,8.33,kg,9.3,per 100g,Fresh Food
311955598,Tesco Shredded Iceberg 130G,TESCO,0.6,4.62,kg,4.62,kg,0.9,per 100g,Fresh Food
303881155,Tesco Wafer Thin Honey Roast Ham Slices 400g,TESCO,2.19,5.48,kg,5.48,kg,19.3,per 100g,Fresh Food
304785930,Tesco Thyme 20G,TESCO,0.5,25.0,kg,25.0,kg,3.0,per 100g,Fresh Food
304782991,Tesco Rosemary 20G,TESCO,0.5,25.0,kg,25.0,kg,1.4,per 100g,Fresh Food
281055568,Tesco Organic Celery,TESCO ORGANIC,1.3,1.3,each,1.3,each,0.5,per 100g,Fresh Food
296652420,Tesco Family Pack Chestnut Vitamin D Mushrooms 485G,TESCO,1.9,3.92,kg,3.92,kg,1.0,per 100g,Fresh Food
292249370,Rosedene Farms Blackberries 150G,ROSEDENE FARMS,1.99,13.27,kg,13.27,kg,1.1,per 100g,Fresh Food
250301492,Tesco Scotch Eggs 2 Pack 227G,TESCO,1.09,4.8,kg,4.8,kg,9.9,per 100g,Fresh Food
299982630,Tesco Mashed Potato 450G,TESCO,1.1,2.44,kg,2.44,kg,2.1,per 100g,Fresh Food
304380429,Tesco British Chicken Thigh Fillets 1Kg,TESCO,6.95,6.95,kg,6.95,kg,18.3,per 100g,Fresh Food
268263786,Tesco Mixed Sized Organic Eggs 6 Pack,TESCO ORGANIC,2.8,8.54,kg,8.54,kg,12.6,per 100g,Fresh Food
310147600,Tesco Chicken Tikka Masala With Pilau Rice 400g,TESCO,3.5,8.75,kg,8.75,kg,6.6,per 100g,Fresh Food
299970194,Tesco 50% Reduced Fat Mature Grated Cheese 250G,TESCO,2.55,10.2,kg,10.2,kg,29.4,per 100g,Fresh Food
266452276,Tesco Continental Meat Selection 120g,TESCO,3.0,25.0,kg,25.0,kg,21.0,per 100g,Fresh Food
305989479,Tesco Red Leicester Cheese 400G,TESCO,3.25,8.12,kg,8.12,kg,25.0,per 100g,Fresh Food
258015530,Tesco Mascarpone Cheese 250 G,TESCO,2.25,9.0,kg,9.0,kg,4.0,per 100g,Fresh Food
279992336,Tesco Finest Pork Sausage Meat 350G,TESCO finest,3.5,10.0,kg,10.0,kg,16.1,per 100g,Fresh Food
303870531,Castello Extra Creamy Brie Cheese 200g,CASTELLO,2.8,14.0,kg,14.0,kg,14.0,per 100g,Fresh Food
273196994,Cheestrings Original 8Pk Cheese Snacks 160G,CHEESTRINGS,2.45,15.31,kg,15.31,kg,23.0,per 100g,Fresh Food
311268187,Tropicana Smooth Orange Juice 900Ml,TROPICANA,3.15,3.5,litre,3.5,litre,0.8,per 100g,Fresh Food
273627768,Oykos Strawberry Luxury Greek Style Yoghurt Dessert 4x110g,DANONE,2.2,5.0,kg,5.0,kg,2.6,per 100g,Fresh Food
308099590,Activia Rhubarb Gut Health Yoghurt Multipack 4x115g,ACTIVIA,2.75,5.98,kg,5.98,kg,3.9,per 100g,Fresh Food
259540384,Le Rustique Pasteurised Camembert 250G,LE RUSTIQUE,3.15,12.6,kg,12.6,kg,21.0,per 100g,Fresh Food
260671607,Tesco Greek Feta Cheese 200 G,TESCO,2.15,10.75,kg,10.75,kg,16.9,per 100g,Fresh Food
302676688,Creamfields Red Leicester Cheese 400G,CREAMFIELDS,2.49,6.22,kg,6.22,kg,25.0,per 100g,Fresh Food
260083848,Tesco Tzatziki Dip 200G,TESCO,1.3,6.5,kg,6.5,kg,4.6,per 100g,Fresh Food
297888940,Tesco Finest Sweet & Fiery Beetroot 180G,TESCO finest,1.5,8.33,kg,8.33,kg,1.3,per 100g,Fresh Food
293821231,Tesco British Baby Chestnut Mushrooms 150g,TESCO,1.15,7.67,kg,7.67,kg,1.0,per 100g,Fresh Food
251314233,"Tesco British Whole Milk 568Ml, 1 Pint",TESCO,0.85,1.5,litre,1.5,litre,3.5,per 100g,Fresh Food
271641638,Peppa Pig Strawberry Kids Yoghurt Pots 6x45g,Peppa Pig,1.05,3.89,kg,3.89,kg,5.3,per 100g,Fresh Food
254973708,Tesco Extra Large Cauliflower Each,TESCO,2.0,2.0,each,2.0,each,2.5,per 100g,Fresh Food
277884433,Tesco Potato Slices 350G,TESCO,1.75,5.0,kg,5.0,kg,3.4,per 100g,Fresh Food
285210396,Tesco British Chicken Thighs 1Kg,TESCO,2.99,2.99,kg,2.99,kg,18.5,per 100g,Fresh Food
291725826,Tesco Reduced Fat Butterpak Spreadable 500G,TESCO,2.18,4.36,kg,4.36,kg,0.3,per 100g,Fresh Food
286702291,Arla Protein Yogurt - Raspberry 200g,Arla,1.45,7.25,kg,7.25,kg,10.0,per 100g,Fresh Food
277941239,Tesco Mini Carrots 320G,TESCO,1.5,4.69,kg,4.69,kg,0.4,per 100g,Fresh Food
307133459,Creamfields Fat Free Greek Style Natural Yogurt 500G,CREAMFIELDS,0.95,1.9,kg,1.9,kg,6.4,per 100g,Fresh Food
262453391,Tesco Mixed Chillies 65G,TESCO,0.55,8.46,kg,8.46,kg,0.8,per 100g,Fresh Food
259095864,Tesco Mint 30G,TESCO,0.5,16.67,kg,16.67,kg,3.8,per 100g,Fresh Food
300346570,Stockwell & Co. Lard 250G,Stockwell & Co.,0.5,2.0,kg,2.0,kg,0.0,per 100g,Fresh Food
296422890,Tesco Beef Steak Mince 15% Fat 750g,TESCO,7.1,9.47,kg,9.47,kg,19.7,per 100g,Fresh Food
291725665,Tesco British Salted Spreadable 500g,TESCO,1.99,3.98,kg,3.98,kg,0.3,per 100g,Fresh Food
310167622,Tesco Macaroni Cheese 400G,TESCO,3.5,8.75,kg,8.75,kg,7.9,per 100g,Fresh Food
268903247,Pilgrims Choice Extra Mature Cheddar Cheese 350 G,PILGRIMS CHOICE,3.6,10.29,kg,10.29,kg,25.4,per 100g,Fresh Food
253154977,Tesco Finest Vanilla Custard 500g,TESCO finest,2.95,5.9,kg,5.9,kg,2.6,per 100g,Fresh Food
311684019,Muller Corner Strawberry Shortcake & Chocolate Digestive Yogurts 6 x 124g,Müller,4.0,5.38,kg,5.38,kg,,,Fresh Food
314313213,Yeo Valley Organic Salted Butter 200g,Yeo Valley,3.1,15.5,kg,15.5,kg,0.6,per 100g,Fresh Food
272924781,ProActiv Spread - Buttery Taste 250g,FLORA,2.9,11.6,kg,11.6,kg,,per 100g,Fresh Food
280010957,Tesco Finest British 10 Cumberland Sausages 667G,TESCO finest,4.5,6.75,kg,6.75,kg,17.1,per 100g,Fresh Food
286681924,Tesco Apple Snack Pack 80G,TESCO,0.6,7.5,kg,7.5,kg,0.3,per 100g,Fresh Food
300661962,Oatly Semi Oat Drink Chilled 1L,OATLY!,2.2,2.2,litre,2.2,litre,1.1,per 100g,Fresh Food
251499710,"Tesco Organic British Semi Skimmed Milk 1.136L, 2 Pint",TESCO ORGANIC,1.95,1.72,litre,1.72,litre,3.6,per 100g,Fresh Food
308114446,Activia Strawberry Gut Health Yoghurt Multipack 4x115g,ACTIVIA,2.75,5.98,kg,5.98,kg,3.9,per 100g,Fresh Food
292704781,"Tesco Watercress, Spinach & Rocket 80g",TESCO,1.35,16.88,kg,16.88,kg,3.0,per 100g,Fresh Food
302328940,"Yoplait Frubes Yoghurt Tubes - Strawberry, Red Berry & Peach 9x37g",FRUBES,2.1,6.31,kg,6.31,kg,3.8,per 100g,Fresh Food
304401971,Tesco Baby Spinach 220G,TESCO,1.45,0.66,100g,6.6000000000000005,kg,2.8,per 100g,Fresh Food
254273333,Herta Classic Frankfurter Hot Dogs 10 Pack 350G,HERTA,2.75,7.86,kg,7.86,kg,12.3,per 100g,Fresh Food
254859384,Ocean Spray Cranberry Classic Juice Drink 1 Litre,OCEAN SPRAY,1.9,1.9,litre,1.9,litre,,per 100g,Fresh Food
287571051,Tesco Sliced Mushrooms 250G,TESCO,1.35,5.4,kg,5.4,kg,0.8,per 100g,Fresh Food
308822161,Elmlea Single Alternative To Cream 270Ml,Elmlea,1.4,5.18,litre,5.18,litre,2.5,per 100g,Fresh Food
302056368,Tesco Finest Emperor Oranges 4 Pack,TESCO finest,2.4,0.6,each,0.6,each,0.8,per 100g,Fresh Food
301194326,Tesco Traditional Sliced Runner Beans 160G,TESCO,1.75,10.94,kg,10.94,kg,1.6,per 100g,Fresh Food
251500030,Tesco Organic British Whole Milk 2.272L/4 Pints,TESCO ORGANIC,2.45,1.08,litre,1.08,litre,3.5,per 100g,Fresh Food
259448131,Ginsters Original Cornish Pasty 227G,GINSTERS,2.25,9.91,kg,9.91,kg,6.4,per 100g,Fresh Food
268477290,Fresh & Naked Mixed Little Leaves 90G,FRESH & NAKED,1.2,13.33,kg,13.33,kg,1.6,per 100g,Fresh Food
255595843,Tesco 100% Pure Squeezed Orange Juice Smooth 1.75 Litre,TESCO,3.25,1.86,litre,1.86,litre,0.6,per 100g,Fresh Food
255801128,Cravendale Filtered Fresh Skimmed Milk 2L Fresher for Longer,CRAVENDALE,2.5,1.25,litre,1.25,litre,3.6,per 100g,Fresh Food
266517333,Tesco 6 Prosciutto Crudo Slices 84G,TESCO,1.32,15.71,kg,15.71,kg,26.6,per 100g,Fresh Food
261764986,Tesco Salami Slices 12 Pack 100g,TESCO,1.1,11.0,kg,11.0,kg,24.5,per 100g,Fresh Food
306820039,Tesco Chicken Thighs 2Kg,TESCO,5.5,2.75,kg,2.75,kg,18.5,per 100g,Fresh Food
257471134,Tesco Egg Custard Tarts 4 Pack,TESCO,1.05,0.26,each,0.26,each,6.1,per 100g,Fresh Food
303152949,Tesco Large Chicken Fillet Pack 1.6Kg,TESCO,10.5,6.56,kg,6.56,kg,21.5,per 100g,Fresh Food
299914884,Eastmans 8 Sausage Rolls 480G,EASTMAN'S,0.99,2.06,kg,2.06,kg,7.4,per 100g,Fresh Food
258139435,Tesco British Beef Medium Roasting Joint,TESCO,20.0,20.0,kg,20.0,kg,20.5,per 100g,Fresh Food
257466628,Pizza Express Dough Balls 200G,PIZZA EXPRESS,3.5,17.5,kg,17.5,kg,,,Fresh Food
260794122,Port Salut Creamy French Cheese 185 G,BEL,3.0,16.22,kg,16.22,kg,21.0,per 100g,Fresh Food
308849452,Dairylea Dunkers Jumbo Tubes Cheese Snacks 6 pack 6x41G,dairylea,3.3,13.42,kg,13.42,kg,9.5,per 100g,Fresh Food
264465356,Tesco 2 Roast Cooked Chicken Breast Fillets 245 G,TESCO,3.85,15.71,kg,15.71,kg,21.4,per 100g,Fresh Food
271400233,Innocent Smooth Orange Juice 1.35L,innocent,4.4,3.26,litre,3.26,litre,0.7,per 100g,Fresh Food
313964993,Lurpak Unsalted Spreadable Blend of Butter and Rapeseed Oil 400g,LURPAK,4.25,10.62,kg,10.62,kg,0.5,per 100g,Fresh Food
279949182,St Ewe Super Eggs 6 Pack,WOOD FARM,2.75,0.46,each,0.46,each,12.6,per 100g,Fresh Food
314427997,Lurpak Lighter Spreadable Butter Rapeseed Oil 400G,LURPAK,4.25,10.62,kg,10.62,kg,0.3,per 100g,Fresh Food
258137155,Tesco Finest Fish Pie 400G,TESCO finest,4.5,11.25,kg,11.25,kg,8.0,per 100g,Fresh Food
302676629,Creamfields Lighter Mature Cheese 400G,CREAMFIELDS,2.49,6.22,kg,6.22,kg,27.9,per 100g,Fresh Food
264328894,Happy Egg Free Range Eggs Medium 6 Pack,HAPPY EGG,2.35,0.39,each,0.39,each,12.6,per 100g,Fresh Food
302064491,Ms Mollys Chocolate Layered Dessert 100G,Ms Molly's,1.0,10.0,kg,10.0,kg,4.6,per 100g,Fresh Food
314311837,Lurpak Slightly Salted Spreadable Blend of Butter and Rapeseed Oil 400g,LURPAK,4.25,10.62,kg,10.62,kg,0.5,per 100g,Fresh Food
252895723,Tesco Pak Choi 250G,TESCO,1.55,6.2,kg,6.2,kg,1.5,per 100g,Fresh Food
294007606,Tesco Cooked And Peeled King Prawns 150G,TESCO,3.75,25.0,kg,25.0,kg,18.4,per 100g,Fresh Food
312561365,Flora Original Spread with Natural Ingredients 450G,FLORA,1.99,4.42,kg,4.42,kg,,per 100g,Fresh Food
257349263,Président French Brie Cheese 200g,PRESIDENT,2.95,14.75,kg,14.75,kg,17.0,per 100g,Fresh Food
311786803,Philadelphia Light Low Fat Soft Cream Cheese 165G,PHILADELPHIA,2.25,13.64,kg,13.64,kg,7.4,per 100g,Fresh Food
256095926,Tesco Cranberry Juice Drink 1 Litre,TESCO,1.6,1.6,litre,1.6,litre,0.0,per 100g,Fresh Food
265891385,Tesco Limes Minimum 5 Pack,TESCO,1.18,0.24,each,0.24,each,1.0,per 100g,Fresh Food
299982590,Tesco Carrot & Swede Mash 450G,TESCO,1.75,3.89,kg,3.89,kg,1.1,per 100g,Fresh Food
308494974,Tesco Lean Diced Beef 600G,TESCO,8.0,13.33,kg,13.33,kg,20.7,per 100g,Fresh Food
253250771,Vitalite Dairy Free Spread 500G,VITALITE,1.55,3.1,kg,3.1,kg,0.0,per 100g,Fresh Food
261879159,Tesco British Cumberland Sausages 8 Pack 454G,TESCO,1.79,3.94,kg,3.94,kg,15.0,per 100g,Fresh Food
307760874,Creamfields Cheese Slices 15 Pack 255g,CREAMFIELDS,0.83,3.26,kg,3.26,kg,11.6,per 100g,Fresh Food
287661132,Tesco Milk Chocolate Mousse 6 X60g,TESCO,0.85,2.36,kg,2.36,kg,4.0,per 100g,Fresh Food
279647204,Tesco Asparagus & Tenderstem Broccoli 190G,TESCO,2.3,12.1,kg,12.1,kg,3.1,per 100g,Fresh Food
300400609,Tesco Sirloin Steak 227G,TESCO,6.5,28.63,kg,28.63,kg,21.6,per 100g,Fresh Food
275492600,Tesco Large Beef Roasting Joint With Basting Fat,TESCO,18.0,18.0,kg,18.0,kg,20.5,per 100g,Fresh Food
277160996,Tesco Boneless Salmon Half Side 500g,TESCO,9.2,18.4,kg,18.4,kg,23.6,per 100g,Fresh Food
311781503,"Muller Corner Yogurts - Strawberry, Peach & Apricot 6 x 136g",Müller,4.0,4.9,kg,4.9,kg,,,Fresh Food
262479625,Tesco British Single Cream 600Ml,TESCO,2.25,3.75,litre,3.75,litre,3.3,per 100g,Fresh Food
280002909,Tesco Finest 6 Pork & Apple Sausages 400G,TESCO finest,3.3,8.25,kg,8.25,kg,12.7,per 100g,Fresh Food
299344319,Tesco Finest 4 Beef Dripping Yorkshire Puddings 190G,TESCO finest,2.55,13.42,kg,13.42,kg,10.5,per 100g,Fresh Food
294083203,Tesco Red Cabbage & Apple 300G,TESCO,2.75,9.17,kg,9.17,kg,1.5,per 100g,Fresh Food
256381115,Tesco Finest Greek Yogurt 500G,TESCO finest,2.3,4.6,kg,4.6,kg,6.1,per 100g,Fresh Food
310130809,Tesco Beef Lasagne 400G,TESCO,3.5,8.75,kg,8.75,kg,9.0,per 100g,Fresh Food
262478920,Tesco British Whipping Cream 300Ml,TESCO,1.7,5.67,litre,5.67,litre,1.9,per 100g,Fresh Food
267225636,Le Rustique Brie 200G,LE RUSTIQUE,2.75,13.75,kg,13.75,kg,17.0,per 100g,Fresh Food
276761995,Alpro Almond No Sugar Long Life Dairy Free Drink 1L,alpro,2.3,2.3,litre,2.3,litre,0.5,per 100g,Fresh Food
282011659,Tesco Beef Meatballs 24 Pack 672g,TESCO,6.5,9.67,kg,9.67,kg,18.1,per 100g,Fresh Food
308114020,Activia Cherry No Added Sugar Fat Free Gut Health Yoghurt Multipack 4x115g,ACTIVIA,2.75,5.98,kg,5.98,kg,4.7,per 100g,Fresh Food
252645749,Rodda's Clotted Cream 227G (L),Rodda's,3.1,13.66,kg,13.66,kg,1.6,per 100g,Fresh Food
304792587,Alpro Oat No Sugar Long Life Dairy Free Drink 1L,alpro,2.3,2.3,litre,2.3,litre,0.2,per 100g,Fresh Food
285020943,Petits Filous Kids Strawberry & Raspberry Yoghurt Big Pots 4 x 85g,Yoplait,1.7,5.0,kg,5.0,kg,5.4,per 100g,Fresh Food
299912575,Tesco Gouda Slices 250G,TESCO,2.85,11.4,kg,11.4,kg,23.3,per 100g,Fresh Food
253174037,Tesco Tomato & Mascarpone Sauce 350G,TESCO,2.2,6.29,kg,6.29,kg,2.7,per 100g,Fresh Food
305039511,Wall's Jumbo Sausages Roll 130G,WALL'S,1.1,8.46,kg,8.46,kg,7.0,per 100g,Fresh Food
312563000,Flora Lighter Spread With Natural Ingredients 450G,FLORA,1.99,4.42,kg,4.42,kg,,per 100g,Fresh Food
291818567,Tesco Finest 2 Cod & Parsley Fishcakes 290G,TESCO finest,3.6,12.41,kg,12.41,kg,10.7,per 100g,Fresh Food
299970418,Tesco Fromage Frais Pouches - Strawberry & Raspberry 4 x 80g,TESCO,1.5,4.69,kg,4.69,kg,6.2,per 100g,Fresh Food
314590125,Jaffa Candy Floss Grapes 500G,Jaffa,2.4,4.8,kg,4.8,kg,0.6,per 100g,Fresh Food
275549004,Tesco Spinach 500G,TESCO,1.66,3.32,kg,3.32,kg,2.6,per 100g,Fresh Food
276775218,Tesco Cauliflower & Broccoli Florets 400G (M),TESCO,1.35,3.38,kg,3.38,kg,2.5,per 100g,Fresh Food
299970292,Creamfields Low Fat Natural Yogurt 500G,CREAMFIELDS,0.55,1.1,kg,1.1,kg,4.9,per 100g,Fresh Food
265460855,Tesco Passion Fruit 3 Pack,TESCO,1.3,0.43,each,0.43,each,2.6,per 100g,Fresh Food
252496118,Tesco Perfectly Ripe Kiwi,TESCO,1.6,0.4,each,0.4,each,0.6,per 100g,Fresh Food
301810088,Purely Organic Eggs Mixed Weight 10 Pack,PURELY,5.2,0.52,each,0.52,each,12.6,per 100g,Fresh Food
309167306,Freshlay Golden Yolks Free Range Eggs 10 Pack 540G,FRESHLAY,4.05,0.4,each,0.4,each,,,Fresh Food
264014086,Applewood Smoked Cheddar Cheese 185g,ILCHESTER,2.8,15.14,kg,15.14,kg,24.9,per 100g,Fresh Food
295790361,Tesco Longlife Soya Drink Unsweetened 1Ltr,TESCO,1.3,1.3,litre,1.3,litre,3.4,per 100g,Fresh Food
251627289,Large Pink Lady Apples Loose Class 1,TESCO,0.75,4.4,kg,4.4,kg,0.6,per 100g,Fresh Food
312367872,Bertolli Original Spread 450G,BERTOLLI,3.0,6.67,kg,6.67,kg,,per 100g,Fresh Food
275399728,Tesco Finest 6 Free Range Chestnut Maran Eggs,TESCO finest,2.9,0.48,each,0.48,each,12.6,per 100g,Fresh Food
252890607,Saint Agur Blue Cheese 150G,ST AGUR,3.2,21.33,kg,21.33,kg,16.0,per 100g,Fresh Food
288442341,Tesco Chicken Chow Mein 400G,TESCO,3.5,8.75,kg,8.75,kg,7.4,per 100g,Fresh Food
267308648,Cathedral City Lighter Mature Cheddar Cheese 350 G,CATHEDRAL CITY,3.39,9.69,kg,9.69,kg,29.1,per 100g,Fresh Food
262979759,Castello Creamy Blue Cheese 150g,DISCOVER,2.8,18.67,kg,18.67,kg,13.0,per 100g,Fresh Food
292606718,Tesco Finest 2 Cornfed Free Range Chicken Breast Fillets 270G-470G,TESCO finest,19.25,19.25,kg,19.25,kg,24.7,per 100g,Fresh Food
268334344,Tesco Smoked Pancetta 2 X 65G,TESCO,1.95,15.0,kg,15.0,kg,20.0,per 100g,Fresh Food
285019796,Petits Filous Kids Strawberry & Raspberry Yoghurt Small Pots 6 x 47g,Yoplait,1.8,6.38,kg,6.38,kg,5.4,per 100g,Fresh Food
302676567,Creamfields Mild White Cheddar 400G,CREAMFIELDS,2.49,6.22,kg,6.22,kg,25.4,per 100g,Fresh Food
285021026,Petits Filous Strawberry & Apricot Kids Yoghurt Big Pots 4x85g,PETITS FILOUS,1.7,5.0,kg,5.0,kg,5.4,per 100g,Fresh Food
268780385,Onken Mango & Passion Fruit Yogurt 450G,ONKEN,1.95,4.33,kg,4.33,kg,3.5,per 100g,Fresh Food
300903602,Rustlers All Day Breakfast Sausage Muffin 155G,RUSTLERS,1.9,12.26,kg,12.26,kg,7.6,per 100g,Fresh Food
257482311,Tesco Flat Leaf Parsley 100G,TESCO,1.25,12.5,kg,12.5,kg,3.0,per 100g,Fresh Food
261151906,Bury Black Pudding 4 Slices 230G,The Bury Black Pudding COMPANY,1.3,5.65,kg,5.65,kg,7.6,per 100g,Fresh Food
285401032,Tesco 16 Spicy Chorizo Slices 80G,TESCO,1.25,15.62,kg,15.62,kg,22.4,per 100g,Fresh Food
252474219,Tesco Coriander 100G,TESCO,1.25,12.5,kg,12.5,kg,2.1,per 100g,Fresh Food
299955443,Eastman's Sliced Cooked Chicken Tikka 240G,EASTMAN'S,1.99,8.29,kg,8.29,kg,24.7,per 100g,Fresh Food
261969306,Tesco Finest Unsmoked Dry Cure Streaky Bacon 240G,TESCO finest,3.8,15.83,kg,15.83,kg,16.6,per 100g,Fresh Food
288456745,Cathedral City Minis Mature Cheddar Cheese 6x20g,CATHEDRAL CITY,1.4,11.67,kg,11.67,kg,25.4,per 100g,Fresh Food
283587528,Tesco Greek Style Yogurt 4 X 100G,TESCO,1.2,3.0,kg,3.0,kg,3.7,per 100g,Fresh Food
300066653,Creamfields Mild Cheddar Slices 10 Pack 200g,CREAMFIELDS,1.39,6.95,kg,6.95,kg,25.4,per 100g,Fresh Food
289242000,Tesco Gammon Joint With Honey Glaze 620G,TESCO,6.45,10.4,kg,10.4,kg,16.9,per 100g,Fresh Food
256582085,Tesco Cantaloupe Melon Each,TESCO,2.0,2.0,each,2.0,each,0.7,per 100g,Fresh Food
277418278,Tesco Fresh Mashed Potato 800G,TESCO,1.75,2.19,kg,2.19,kg,2.1,per 100g,Fresh Food
286702481,Arla Protein Blueberry Yogurt 200G,Arla,1.45,7.25,kg,7.25,kg,10.0,per 100g,Fresh Food
300544940,Quorn Vegan Smoky Ham Free Slice 100G,QUORN,2.6,26.0,kg,26.0,kg,14.0,per 100g,Fresh Food
291817879,"Tesco Finest 2 Salmon, Spinach & Lemon Fishcakes 290g",TESCO finest,3.6,12.41,kg,12.41,kg,10.0,per 100g,Fresh Food
304796018,Tesco Sage 20G,TESCO,0.52,26.0,kg,26.0,kg,3.9,per 100g,Fresh Food
296057693,Tesco Nectarines Minimum 4 Pack,TESCO,2.25,0.56,each,0.56,each,1.0,per 100g,Fresh Food
261958659,Tesco Finest Aberdeen Angus Steak Mince 500G,TESCO finest,6.0,12.0,kg,12.0,kg,19.7,per 100g,Fresh Food
255026297,Tesco British Semi Skimmed Uht Milk 6 X 1 Litre,TESCO,6.15,1.02,litre,1.02,litre,3.6,per 100g,Fresh Food
257775754,Tesco Large Melton Mowbray Pork Pie 440G,TESCO,3.75,8.52,kg,8.52,kg,11.1,per 100g,Fresh Food
301795306,Tesco Finest Cooked Jumbo King Prawns 150G,TESCO finest,4.25,28.33,kg,28.33,kg,18.4,per 100g,Fresh Food
267438511,Alpro Soya Growing Up Long Life Dairy Free Drink 1-3+ Years 1L,alpro,1.8,1.8,litre,1.8,litre,2.5,per 100g,Fresh Food
310675965,Tesco Chicken & Bacon Pasta Bake 400G,TESCO,3.5,8.75,kg,8.75,kg,9.6,per 100g,Fresh Food
299769928,Tesco Wensleydale With Apricots Cheese 200g,TESCO,2.85,14.25,kg,14.25,kg,16.8,per 100g,Fresh Food
277393000,Tesco Finest Free Range Bluebell Araucana Eggs 6 Pack,TESCO finest,2.9,0.48,each,0.48,each,12.6,per 100g,Fresh Food
281974465,Tesco Beef Meatballs 12 Pack 336g,TESCO,3.95,11.76,kg,11.76,kg,18.1,per 100g,Fresh Food
309188955,Tesco British Brie 160G,TESCO,2.3,14.38,kg,14.38,kg,18.5,per 100g,Fresh Food
303618048,Tesco 50% Less Fat Soft Cheese 200G,TESCO,1.55,7.75,kg,7.75,kg,9.7,per 100g,Fresh Food
268973059,Jus-Rol Ready Rolled Shortcrust Pastry Sheet 320g,JUS-ROL,1.9,5.94,kg,5.94,kg,5.9,per 100g,Fresh Food
293848551,Oykos Blueberry Luxury Greek Style Yoghurt Dessert 4x110g,OYKOS,2.2,4.78,kg,4.78,kg,2.6,per 100g,Fresh Food
275067782,Alpro Almond No Sugar Chilled Dairy Free Drink 1L,alpro,2.2,2.2,litre,2.2,litre,0.4,per 100g,Fresh Food
308495443,Tesco Finest Sirloin Steak 227G,TESCO finest,7.8,34.36,kg,34.36,kg,21.6,per 100g,Fresh Food
259703288,Tesco Finest Unsmoked Wiltshire Cured Back Bacon 8 Pack 240G,TESCO finest,3.8,15.83,kg,15.83,kg,18.4,per 100g,Fresh Food
299685318,Tesco Paneer Cheese 200G,TESCO,1.75,8.75,kg,8.75,kg,16.7,per 100g,Fresh Food
267917077,Tesco Beetroot Salad 160G,TESCO,1.45,9.06,kg,9.06,kg,2.0,per 100g,Fresh Food
254266371,Tesco 10 Mild Cheese Slices 200G,TESCO,1.45,7.25,kg,7.25,kg,13.3,per 100g,Fresh Food
266078609,Tesco Reduced Fat Sour Cream & Chive Dip 200G,TESCO,1.3,6.5,kg,6.5,kg,3.8,per 100g,Fresh Food
290711055,Tesco Shallots Onions 400G,TESCO,1.35,3.38,kg,3.38,kg,1.5,per 100g,Fresh Food
267315167,Fresh & Naked Just Lambs Lettuce 60G,FRESH & NAKED,1.2,20.0,kg,20.0,kg,0.8,per 100g,Fresh Food
259098826,Tesco Finest Echalion Shallots 400G,TESCO finest,1.55,3.88,kg,3.88,kg,1.5,per 100g,Fresh Food
252857372,Aero Chocolate Mousse 4 X59g,AERO,2.0,8.48,kg,8.48,kg,4.9,per 100g,Fresh Food
303542690,Love Beets No Vinegar Beetroot Pouch 280g,LOVE BEETS,1.3,4.64,kg,4.64,kg,1.5,per 100g,Fresh Food
254999782,Tesco Beef Tomatoes Each,TESCO,0.87,0.87,each,0.87,each,0.5,per 100g,Fresh Food
264959141,Tesco 100% Squeezed & Pressed Orange & Mango Juice 1 Litre,TESCO,2.0,2.0,litre,2.0,litre,0.7,per 100g,Fresh Food
276956212,Tesco 100% Pure Pineapple Juice 1 Litre,TESCO,2.0,2.0,litre,2.0,litre,0.4,per 100g,Fresh Food
300346593,Stockwell & Co. Soft Spread 500G,Stockwell & Co.,0.95,1.9,kg,1.9,kg,0.0,per 100g,Fresh Food
265236085,Tesco 12 Pork Sausages 681G,TESCO,2.65,3.89,kg,3.89,kg,14.8,per 100g,Fresh Food
308079625,Tesco 2 Beef Medallion Steaks 340G,TESCO,4.9,14.41,kg,14.41,kg,22.4,per 100g,Fresh Food
308108650,Tesco Thin Cut Beef Steaks 395G,TESCO,4.5,11.39,kg,11.39,kg,21.2,per 100g,Fresh Food
261385173,Pizza Express American Pizza 250G,PIZZA EXPRESS,5.5,22.0,kg,22.0,kg,12.5,per 100g,Fresh Food
303260389,Flora Buttery Spread with Natural Ingredients 1KG,FLORA,4.6,4.6,kg,4.6,kg,,per 100g,Fresh Food
310154741,Tesco 2 Boneless Sea Bass Fillets 180G,TESCO,5.95,33.06,kg,33.06,kg,25.3,per 100g,Fresh Food
252581962,Lurpak Slightly Salted Spreadable Blend of Butter and Rapeseed Oil 250g,LURPAK,2.6,10.4,kg,10.4,kg,0.5,per 100g,Fresh Food
305976207,Tesco Finest West Country Butter & Sea Salt 250G,TESCO finest,2.9,11.6,kg,11.6,kg,0.6,per 100g,Fresh Food
273798639,Jus-Rol Pains Au Chocolat Dough 6 pk 275g,JUS-ROL,2.75,10.0,kg,10.0,kg,6.5,per 100g,Fresh Food
300257842,Tesco Red Leicester Cheese 220G,TESCO,2.5,11.36,kg,11.36,kg,25.0,per 100g,Fresh Food
279899165,Tesco Finest Cottage Pie 400G,TESCO finest,4.5,11.25,kg,11.25,kg,7.4,per 100g,Fresh Food
254274712,Richmond Thin Pork Sausages 12 Pack 340g,RICHMOND,2.3,6.76,kg,6.76,kg,10.0,per 100g,Fresh Food
293257410,Pilgrims Choice Mature Cheddar Cheese 550 G,PILGRIMS CHOICE,4.7,8.54,kg,8.54,kg,25.4,per 100g,Fresh Food
264156296,"Tesco British Mild Cheddar Cheese 10 Slices, 250 G",TESCO,2.85,11.4,kg,11.4,kg,25.4,per 100g,Fresh Food
308090229,Activia Peach No Added Sugar Fat Free Gut Health Yoghurt Multipack 4x115g,ACTIVIA,2.75,5.98,kg,5.98,kg,4.7,per 100g,Fresh Food
310187258,Primula Original Cheese Tube 140G,PRIMULA,1.85,13.21,kg,13.21,kg,12.6,per 100g,Fresh Food
259703198,Tesco Finest Wiltshire Cured Smoked Back Bacon 8 Rashers 240g,TESCO finest,3.8,15.83,kg,15.83,kg,22.5,per 100g,Fresh Food
299912552,Tesco Sliced Edam 250g,TESCO,2.85,11.4,kg,11.4,kg,25.7,per 100g,Fresh Food
303732718,Tesco Fresh Lasagne Sheets 250G,TESCO,2.0,8.0,kg,8.0,kg,9.6,per 100g,Fresh Food
257258670,Tesco Olive Spread 500G,TESCO,1.5,3.0,kg,3.0,kg,0.1,per 100g,Fresh Food
252201146,Tesco Organic Unwaxed Lemons Minimum 3 Pack,TESCO ORGANIC,1.9,0.63,each,0.63,each,0.5,per 100g,Fresh Food
263450663,Tesco Clementine Juice Not From Concentrate 1L,TESCO,2.0,2.0,litre,2.0,litre,0.8,per 100g,Fresh Food
311681512,Muller Light Greek Style Lemon Yogurt 4X115g,Müller,2.5,5.44,kg,5.44,kg,6.3,per 100g,Fresh Food
276956454,Tesco 100% Pressed Apple & Mango Juice 1 Litre,TESCO,2.0,2.0,litre,2.0,litre,0.4,per 100g,Fresh Food
253732988,Tesco Filtered Whole Milk 2 Litre,TESCO,2.1,1.05,litre,1.05,litre,3.2,per 100g,Fresh Food
290981552,Tesco Beansprouts 300G,TESCO,0.85,2.83,kg,2.83,kg,2.5,per 100g,Fresh Food
303116901,Creamfields Single Cream 300Ml,CREAMFIELDS,1.09,3.63,litre,3.63,litre,3.3,per 100g,Fresh Food
273197498,Cheestrings Original Cheese Snacks 4 Pack 80G,GOLDEN VALE,1.75,21.88,kg,21.88,kg,23.0,per 100g,Fresh Food
301253516,Lindahls Kvarg - Raspberry 150g,LINDAHLS,1.25,8.33,kg,8.33,kg,10.0,per 100g,Fresh Food
312228513,Tesco Finest Topside of Beef - Charred 90g,TESCO finest,3.75,41.67,kg,41.67,kg,27.3,per 100g,Fresh Food
310691147,Tesco Beef Casserole & Dumplings 400G,TESCO,3.5,8.75,kg,8.75,kg,8.5,per 100g,Fresh Food
287377771,Tesco Finest Raspberries 150G,TESCO finest,2.55,17.0,kg,17.0,kg,0.8,per 100g,Fresh Food
310693807,Tesco Butterhead Lettuce,TESCO,0.85,0.85,each,0.85,each,1.2,per 100g,Fresh Food
253892828,Tesco Growing Salad Cress Each,TESCO,0.45,0.45,each,0.45,each,1.6,per 100g,Fresh Food
303391549,Tesco Finest Strawberries 227G,TESCO finest,3.5,15.42,kg,15.42,kg,0.6,per 100g,Fresh Food
285210436,Tesco British Chicken Legs 1Kg,TESCO,2.25,2.25,kg,2.25,kg,18.1,per 100g,Fresh Food
308094727,Tesco Stewing Steak 400G,TESCO,4.45,11.12,kg,11.12,kg,21.3,per 100g,Fresh Food
282025194,Tesco Finest 12 Beef & Herb Meatballs 336G,TESCO finest,4.95,14.73,kg,14.73,kg,23.6,per 100g,Fresh Food
287960541,Arla Skyr Natural Icelandic Style Yogurt 450g,Arla,2.5,0.56,100g,5.6000000000000005,kg,10.0,per 100g,Fresh Food
311935766,Muller Light Red Fruit Assorted Fat Free Yogurt 6X140g,Müller,3.0,3.57,kg,3.57,kg,,,Fresh Food
295981947,Tesco Finest 14 Month Genuine Parma Ham 78G,TESCO finest,3.4,43.59,kg,43.59,kg,27.0,per 100g,Fresh Food
277969011,Cathedral City 6 Slices Mature Cheddar Cheese 150 G,CATHEDRAL CITY,2.6,17.33,kg,17.33,kg,25.4,per 100g,Fresh Food
299344469,Tesco Yorkshire Puddings 6 Pack 180G,TESCO,2.1,11.67,kg,11.67,kg,11.9,per 100g,Fresh Food
304416019,Pukka Chicken & Mushroom Pie,PUKKA PIES,2.25,2.25,each,2.25,each,9.0,per 100g,Fresh Food
303717893,Tesco Finest Chicken & Mushroom Soup 600G,TESCO finest,3.1,5.17,kg,5.17,kg,2.5,per 100g,Fresh Food
302064479,Ms Mollys Toffee Layered Dessert 100G,Ms Molly's,1.0,10.0,kg,10.0,kg,3.8,per 100g,Fresh Food
302565353,Alpro Oat No Sugar Chilled Dairy Free Drink 1L,alpro,2.1,2.1,litre,2.1,litre,0.8,per 100g,Fresh Food
273888602,Tesco Pomegranate Seeds 80G,TESCO,1.5,18.75,kg,18.75,kg,1.3,per 100g,Fresh Food
262042883,Ski Variety Fruit Yogurt 4X120g,SKI,1.35,2.81,kg,2.81,kg,3.3,per 100g,Fresh Food
268597343,Tesco Organic Brown Onions 750G,TESCO ORGANIC,1.65,2.2,kg,2.2,kg,1.0,per 100g,Fresh Food
314931777,Tesco Ginger 100g,TESCO,1.2,12.0,kg,12.0,kg,1.4,per 100g,Fresh Food
251314095,"Tesco British Skimmed Milk 568Ml, 1 Pint",TESCO,0.85,1.5,litre,1.5,litre,3.6,per 100g,Fresh Food
293905363,Tesco Mixed Vegetables 225G,TESCO,1.75,7.78,kg,7.78,kg,2.2,per 100g,Fresh Food
284475129,Tesco Ready to Eat Conference Pears 4 Pack,TESCO,2.35,0.59,each,0.59,each,0.3,per 100g,Fresh Food
254385356,Tesco Galia Melon Each,TESCO,2.0,2.0,each,2.0,each,0.5,per 100g,Fresh Food
299770281,Tesco Natural Yogurt 500G,TESCO,1.15,2.3,kg,2.3,kg,5.2,per 100g,Fresh Food
251791087,Yeo Valley Natural Yogurt 150G,Yeo Valley,0.7,4.67,kg,4.67,kg,4.2,per 100g,Fresh Food
300543993,Creamfields Low Fat Cottage Cheese 300g,CREAMFIELDS,0.89,2.97,kg,2.97,kg,8.9,per 100g,Fresh Food
276415346,Tesco British Honey Roast Ham Slices 400g,TESCO,5.0,12.5,kg,12.5,kg,21.3,per 100g,Fresh Food
304404478,Tesco Dill 20G,TESCO,0.5,25.0,kg,25.0,kg,3.7,per 100g,Fresh Food
257471105,Tesco Egg Custard Tarts 2 Pack,TESCO,0.85,0.42,each,0.42,each,6.1,per 100g,Fresh Food
266291241,Tesco Cherries Punnet 200G,TESCO,2.4,12.0,kg,12.0,kg,0.9,per 100g,Fresh Food
253555825,Tesco Corn On The Cob Twinpack,TESCO,1.29,0.64,each,0.64,each,3.7,per 100g,Fresh Food
301219512,Growers Harvest Orange Juice Drink No Added Sugar 1Litre,GROWER'S HARVEST,0.9,0.9,litre,0.9,litre,0.3,per 100g,Fresh Food
254606808,Tesco Scotch Eggs 4 Pack 454G,TESCO,2.15,4.74,kg,4.74,kg,9.9,per 100g,Fresh Food
299970234,Creamfields Low Fat Sunshine Fruit Yogurt 6X125g,CREAMFIELDS,0.95,1.27,kg,1.27,kg,3.7,per 100g,Fresh Food
309452019,Tesco Finest 5% Aberdeen Angus Steak Mince 500G,TESCO finest,6.5,13.0,kg,13.0,kg,21.8,per 100g,Fresh Food
256531152,Tesco Lamb Half Leg Joint,TESCO,17.0,17.0,kg,17.0,kg,19.1,per 100g,Fresh Food
309468739,Tesco Goose Fat 220G,TESCO,3.4,15.46,kg,15.46,kg,0.0,per 100g,Fresh Food
305960099,Tesco 30% Reduced Fat Mature Cheese 400G,TESCO,3.25,8.12,kg,8.12,kg,27.9,per 100g,Fresh Food
277643857,Heck 6 97% Pork Sausages 400G,HECK,3.25,8.12,kg,8.12,kg,22.0,per 100g,Fresh Food
310670861,Tesco Spaghetti Carbonara 400G,TESCO,3.5,8.75,kg,8.75,kg,5.6,per 100g,Fresh Food
294174009,Tesco Finest Vintage English Cheddar 300g,TESCO finest,4.0,13.33,kg,13.33,kg,25.4,per 100g,Fresh Food
251039075,Tesco Finest 12 Cumberland Chipolatas 375G,TESCO finest,3.3,8.8,kg,8.8,kg,16.9,per 100g,Fresh Food
281137408,Heck Chicken 10 Italia Sausages 340G,HECK,3.25,9.56,kg,9.56,kg,19.0,per 100g,Fresh Food
276606921,Cravendale Filtered Fresh Whole Milk 1L Fresher for Longer,CRAVENDALE,1.75,1.75,litre,1.75,litre,3.4,per 100g,Fresh Food
286694229,Tesco Finest 20 Mini Meatballs 336G,TESCO finest,4.95,14.73,kg,14.73,kg,25.2,per 100g,Fresh Food
273197112,Cheestrings Twisted Cheese Snacks 8Pk 160G,CHEESTRINGS,2.45,15.31,kg,15.31,kg,23.0,per 100g,Fresh Food
280832278,Alpro Oat Original Long Life Dairy Free Drink 1L,alpro,2.3,2.3,litre,2.3,litre,0.4,per 100g,Fresh Food
252798850,Tesco 2 Breaded Chunky Cod Fillets 350G,TESCO,5.25,15.0,kg,15.0,kg,13.4,per 100g,Fresh Food
259728007,Jus-Rol Puff Block 500G,JUS-ROL,1.55,3.1,kg,3.1,kg,5.9,per 100g,Fresh Food
261941310,Tesco British Lamb Mince 20% Fat 500G,TESCO,7.0,14.0,kg,14.0,kg,16.8,per 100g,Fresh Food
310103641,Tesco Cottage Pie 400G,TESCO,3.5,8.75,kg,8.75,kg,4.5,per 100g,Fresh Food
301253499,Lindahls Kvarg Vanilla 150G Pot,LINDAHLS,1.25,8.33,kg,8.33,kg,10.0,per 100g,Fresh Food
302328963,Frubes Strawberry Kids Yoghurt Tubes Multipack 9x37g,FRUBES,2.1,6.31,kg,6.31,kg,3.8,per 100g,Fresh Food
262456128,Tesco Mini Watermelon,TESCO,2.35,2.35,each,2.35,each,0.5,per 100g,Fresh Food
297186912,Tesco Boneless Salmon Fillet 130G,TESCO,2.65,20.38,kg,20.38,kg,25.3,per 100g,Fresh Food
309788959,Tesco Finest Lemon Curd Yogurt 150G,TESCO finest,1.0,6.67,kg,6.67,kg,2.6,per 100g,Fresh Food
251063638,Tesco Buttery Spread 500G,TESCO,1.25,2.5,kg,2.5,kg,0.2,per 100g,Fresh Food
287377189,Tesco Blackberries 150G,TESCO,2.85,19.0,kg,19.0,kg,1.1,per 100g,Fresh Food
303631204,Tesco 0% Fat Greek Style Yogurt 1Kg,TESCO,1.95,1.95,kg,1.95,kg,6.2,per 100g,Fresh Food
288017315,Tesco Cheddar & Onion Quiche 400G,TESCO,2.5,6.25,kg,6.25,kg,9.6,per 100g,Fresh Food
299829075,Tesco Fresh Tagliatelle Nests 300g,TESCO,1.5,5.0,kg,5.0,kg,4.6,per 100g,Fresh Food
308490402,Tesco Organic Broccoli 335G,TESCO ORGANIC,1.5,4.48,kg,4.48,kg,4.3,per 100g,Fresh Food
299927310,Tesco Crispy Sweet Potato Fries 300G,TESCO,2.0,6.67,kg,6.67,kg,2.6,per 100g,Fresh Food
273429784,Tesco Spanish Chorizo Sausage Slices 150G,TESCO,1.25,8.33,kg,8.33,kg,23.5,per 100g,Fresh Food
271531711,Tesco Persimmons Minimum 2 Pack,TESCO,1.6,0.8,each,0.8,each,0.8,per 100g,Fresh Food
304796979,Tesco Cut Chives 20G,TESCO,0.5,25.0,kg,25.0,kg,3.3,per 100g,Fresh Food
299598018,Hearty Food Co Cheese & Ham Pizza 124G,HEARTY FOOD CO.,0.65,5.24,kg,5.24,kg,13.2,per 100g,Fresh Food
299957350,Tesco British Pastrami Slices 100g,TESCO,2.25,22.5,kg,22.5,kg,24.0,per 100g,Fresh Food
251111323,Tesco Belgian Chocolate Eclairs 4 Pack,TESCO,1.85,0.46,each,0.46,each,6.1,per 100g,Fresh Food
308094369,Activia Strawberry & Mixed Fruit Gut Health Yoghurt Multipack 8x115g,ACTIVIA,4.25,4.62,kg,4.62,kg,,,Fresh Food
312356580,Tesco Walnut Pieces 250G,TESCO,3.5,14.0,kg,14.0,kg,14.7,per 100g,Fresh Food
253178655,Alpro Soya No Sugar Long Life Dairy Free Drink 1L,alpro,1.8,1.8,litre,1.8,litre,3.3,per 100g,Fresh Food
273706064,Almond Breeze Unsweetened Longlife Drink Alternative 1 Litre,BLUE DIAMOND,1.9,1.9,litre,1.9,litre,,per 100g,Fresh Food
257720163,Actimel Strawberry Immunity Live Yoghurt Drink Multipack 12X100g,DANONE,4.5,3.75,kg,3.75,kg,2.8,per 100g,Fresh Food
305963643,Anchor Spreadable Blend of Butter and Rapeseed Oil 750g,ANCHOR,7.5,10.0,kg,10.0,kg,,per 100g,Fresh Food
311786711,Muller Corner Red Fruits & Blackberry Yogurts 6 X 136G,Müller,4.0,4.9,kg,4.9,kg,,,Fresh Food
267266846,Tesco Finest Chicken & Pancetta Bake 400G,TESCO finest,4.5,11.25,kg,11.25,kg,9.6,per 100g,Fresh Food
266499192,Tesco 30% Reduced Fat Mature Cheese Slices 250G,TESCO,2.85,11.4,kg,11.4,kg,27.9,per 100g,Fresh Food
254263702,Clover Spread 1Kg,CLOVER,4.3,4.3,kg,4.3,kg,0.7,per 100g,Fresh Food
268380708,Tesco Italian Unsmoked Pancetta 2 X65g,TESCO,1.95,15.0,kg,15.0,kg,20.0,per 100g,Fresh Food
296546961,Tesco Walnuts 200G,TESCO,2.85,14.25,kg,14.25,kg,14.7,per 100g,Fresh Food
307745501,Activia Vanilla No Added Sugar Fat Free Gut Health Yoghurt Multipack 4x115g,ACTIVIA,2.75,5.98,kg,5.98,kg,4.9,per 100g,Fresh Food
302308682,Tesco Finest Mature Blue Stilton 180G,TESCO finest,4.0,22.22,kg,22.22,kg,23.7,per 100g,Fresh Food
252648579,Ocean Spray Cranberry Classic Light Juice Drink 1 Litre,OCEAN SPRAY,1.9,1.9,litre,1.9,litre,,per 100g,Fresh Food
287336394,Joseph Heler White Cheshire Cheese 200 G,Joseph Heler,2.0,10.0,kg,10.0,kg,23.4,per 100g,Fresh Food
257983254,Tesco Tomato Juice 1 Litre,TESCO,1.6,1.6,litre,1.6,litre,0.9,per 100g,Fresh Food
296455884,Tesco Aioli Dip 200G,TESCO,1.3,6.5,kg,6.5,kg,0.7,per 100g,Fresh Food
306953849,Lindahls Kvarg White Chocolate 150G,LINDAHLS,1.25,8.33,kg,8.33,kg,10.0,per 100g,Fresh Food
308082632,Tesco 12 Pork Chipolatas Chipolatas 375G,TESCO,1.97,5.25,kg,5.25,kg,16.2,per 100g,Fresh Food
307346023,Tesco Finest Sweet Mini Peppers 220G,TESCO finest,1.65,7.5,kg,7.5,kg,0.8,per 100g,Fresh Food
258805200,Seriously Spreadable Original Cheese Spread 125g,SERIOUSLY,1.35,10.8,kg,10.8,kg,14.0,per 100g,Fresh Food
255903025,Tesco Ripe & Ready Avocado,TESCO,0.69,0.69,each,0.69,each,1.9,per 100g,Fresh Food
310152607,Tesco Chocolate Flavoured Milk 1L,TESCO,1.2,1.2,litre,1.2,litre,3.7,per 100g,Fresh Food
293860633,Arla Protein Yogurt - Passionfruit & Papaya 200g,Arla,1.45,7.25,kg,7.25,kg,10.0,per 100g,Fresh Food
283788008,Arla LactoFREE Mature Cheddar Cheese 200g,LACTOFREE,2.0,10.0,kg,10.0,kg,25.0,per 100g,Fresh Food
300400644,Tesco Beef Fillet Steak 170G,TESCO,8.15,47.94,kg,47.94,kg,,,Fresh Food
259541778,Tesco Large Pork Shoulder Joint,TESCO,5.0,5.0,kg,5.0,kg,18.1,per 100g,Fresh Food
264465402,Tesco 4 Roast Cooked Chicken Breast Fillets 485G,TESCO,6.0,12.37,kg,12.37,kg,21.4,per 100g,Fresh Food
260569996,Arla Lactofree Semi Skimmed Long Life Milk Drink 1L,LACTOLITE,1.5,1.5,litre,1.5,litre,3.5,per 100g,Fresh Food
260655103,Tesco Finest Gruyere AOP Reserve Cheese 195g,TESCO finest,4.5,23.08,kg,23.08,kg,27.5,per 100g,Fresh Food
305960554,Tesco 30% Reduced Fat Extra Mature Cheese 400G,TESCO,3.25,8.12,kg,8.12,kg,27.9,per 100g,Fresh Food
274749311,Tesco Finest Sweet Potato Coconut & Chilli Soup 600G,TESCO finest,3.1,5.17,kg,5.17,kg,0.8,per 100g,Fresh Food
258061140,Tesco British Goats Cheese 125G,TESCO,2.55,20.4,kg,20.4,kg,14.7,per 100g,Fresh Food
307739699,New Covent Garden Soup Co Classic Chicken Soup 560G,NEW COVENT GARDEN,2.45,4.38,kg,4.38,kg,2.0,per 100g,Fresh Food
266375033,Tesco Mixed Nuts 200G,TESCO,3.35,16.75,kg,16.75,kg,21.6,per 100g,Fresh Food
302218990,Yeo Valley Organic Kefir Natural Yogurt 350g,Yeo Valley,2.0,5.71,kg,5.71,kg,4.7,per 100g,Fresh Food
281693820,Tesco 2 Sweet Chill Hot Smoked Salmon Fillets 180G,TESCO,5.95,33.06,kg,33.06,kg,23.0,per 100g,Fresh Food
251499900,"Tesco Organic Free Range Whole Milk 1.136L, 2 Pint",TESCO ORGANIC,1.95,1.72,litre,1.72,litre,3.5,per 100g,Fresh Food
253174043,Tesco Tomato & Basil Sauce 350G,TESCO,2.2,6.29,kg,6.29,kg,1.5,per 100g,Fresh Food
253528288,Alpro Soya Chilled Drink 1 Litre,alpro,1.8,1.8,litre,1.8,litre,3.0,per 100g,Fresh Food
303668149,Muller Light Toffee Yogurt 160G,Müller,0.9,5.62,kg,5.62,kg,5.4,per 100g,Fresh Food
272429624,Tesco Greek Style Yogurt with Honey 450g,TESCO,1.7,3.78,kg,3.78,kg,3.6,per 100g,Fresh Food
307760281,Tesco Oat Drink 1L,TESCO,1.5,1.5,litre,1.5,litre,0.3,per 100g,Fresh Food
305971345,Pure Dairy Free Buttery Spread 500G,PURE,1.5,3.0,kg,3.0,kg,,per 100g,Fresh Food
251888083,CASTELLO PINEAPPLE HALO Soft CHSE 125g,CASTELLO,1.5,12.0,kg,12.0,kg,8.3,per 100g,Fresh Food
254271813,Tesco Melton Mowbray Pork Pie 145g,TESCO,1.9,13.1,kg,13.1,kg,10.3,per 100g,Fresh Food
311793754,Tesco Ripen At Home Avocados 3Pack,TESCO,2.0,0.67,each,0.67,each,1.9,per 100g,Fresh Food
305249700,"innocent Kids Smoothies Strawberries, Raspberries & Apples 4 x 150ml",innocent,3.6,6.0,litre,6.0,litre,0.5,per 100g,Fresh Food
311679395,Philadelphia Protein Low Fat Soft Cream Cheese 165g,PHILADELPHIA,2.25,13.64,kg,13.64,kg,11.0,per 100g,Fresh Food
278993187,Tesco 100% Pure Breakfast Juice 1L,TESCO,2.0,2.0,litre,2.0,litre,0.9,per 100g,Fresh Food
304400809,Creamfields Grated Grana Padano 100G,CREAMFIELDS,1.65,16.5,kg,16.5,kg,33.0,per 100g,Fresh Food
299829363,Tesco Sausage & Ham Fresh Tortelloni 300g,TESCO,1.95,6.5,kg,6.5,kg,8.4,per 100g,Fresh Food
310152841,Wildlife Choobs Strawberry Kids Yoghurt Tubes 6x37g,WILDLIFE,1.15,5.18,kg,5.18,kg,3.8,per 100g,Fresh Food
268663036,Tesco Flat Nectarines Minimum 4 Pack,TESCO,2.25,0.56,each,0.56,each,1.4,per 100g,Fresh Food
292275515,Suntrail Farms Nectarines Minimum 4,SUNTRAIL FARMS,1.69,0.42,each,0.42,each,1.0,per 100g,Fresh Food
300400621,Tesco Beef Ribeye Steak 227G,TESCO,6.85,30.18,kg,30.18,kg,18.8,per 100g,Fresh Food
299054449,Tesco Unsmoked Lardons 200G,TESCO,2.85,14.25,kg,14.25,kg,15.8,per 100g,Fresh Food
251523947,Alpro Soya Original Long Life Dairy Free Drink 1L,alpro,1.8,1.8,litre,1.8,litre,3.3,per 100g,Fresh Food
277569317,Arla LactoFREE Skimmed Milk Drink 1L,LACTOFREE,1.95,1.95,litre,1.95,litre,3.5,per 100g,Fresh Food
255084895,Actimel Strawberry Immunity Live Yoghurt Drink Multipack 8X100g,DANONE,3.75,4.69,kg,4.69,kg,2.8,per 100g,Fresh Food
258207983,Actimel Immune Support Multifruit Yogurt Drink 12 x 100g,DANONE,4.5,3.75,kg,3.75,kg,2.8,per 100g,Fresh Food
285021202,Petits Filous Strawberry Raspberry & Apricot Kids Yoghurt Pots Multipack 18x47g,Yoplait,3.5,4.14,kg,4.14,kg,5.4,per 100g,Fresh Food
310678812,Tesco Bangers & Mash 400G,TESCO,3.5,8.75,kg,8.75,kg,4.5,per 100g,Fresh Food
264886952,Tesco British Mild Grated Cheddar Cheese 250g,TESCO,2.55,10.2,kg,10.2,kg,24.9,per 100g,Fresh Food
268821142,Tesco Finest British 12 Pork & Honey Chipolatas 375G,TESCO finest,3.3,8.8,kg,8.8,kg,15.2,per 100g,Fresh Food
296481201,Tesco Finest Garlic & Parsley Ciabatta 255G,TESCO finest,3.15,12.35,kg,12.35,kg,8.3,per 100g,Fresh Food
253807413,Large Braeburn Apples Loose Class 1,TESCO,0.56,2.8,kg,2.8,kg,0.4,per 100g,Fresh Food
310693102,"T, Sweet & Sour Chicken & Egg Fried Rice 400G",TESCO,3.5,8.75,kg,8.75,kg,6.3,per 100g,Fresh Food
277968663,Cathedral City Grated Mature Cheddar Cheese 180 G,CATHEDRAL CITY,2.55,14.17,kg,14.17,kg,24.9,per 100g,Fresh Food
254638605,Tesco Watermelon,TESCO,3.55,3.55,each,3.55,each,0.5,per 100g,Fresh Food
268804854,Onken Cherry Yogurt 450G,ONKEN,1.95,4.33,kg,4.33,kg,3.6,per 100g,Fresh Food
282362905,Tesco Smoked Beechwood Cheese 150G,TESCO,2.4,16.0,kg,16.0,kg,20.7,per 100g,Fresh Food
303880726,Tesco Crumbed Ham Slices 400g,TESCO,2.19,5.48,kg,5.48,kg,18.7,per 100g,Fresh Food
287966532,Tesco Wafer Thin Brunswick Ham 125G,TESCO,2.2,17.6,kg,17.6,kg,20.0,per 100g,Fresh Food
302676947,Tesco Finest Medjool Dates 200G,TESCO finest,2.5,12.5,kg,12.5,kg,2.2,per 100g,Fresh Food
299001985,Dairylea Cheese Spread 145G,KRAFT,2.0,13.79,kg,13.79,kg,12.0,per 100g,Fresh Food
299914498,Tesco Sliced Emmental 250g,TESCO,2.85,11.4,kg,11.4,kg,26.7,per 100g,Fresh Food
285140426,Dairylea Cheese Spread Triangles 8 pack 8x15.6G,dairylea,1.75,14.0,kg,14.0,kg,12.0,per 100g,Fresh Food
251328286,Tesco Cheese Sauce 350G,TESCO,2.2,6.29,kg,6.29,kg,5.2,per 100g,Fresh Food
281838783,Tesco 0% Fat Natural Yogurt 500G,TESCO,1.15,2.3,kg,2.3,kg,5.5,per 100g,Fresh Food
302490043,Fridge Raiders Southern Style Chicken Bites 3X22.5G,FRIDGE RAIDERS,1.65,24.44,kg,24.44,kg,17.0,per 100g,Fresh Food
300000109,Eastmans Cheese & Bacon Quiche 400G,EASTMAN'S,1.99,4.98,kg,4.98,kg,10.4,per 100g,Fresh Food
301219535,Growers Harvest No Added Sugar Apple Juice Drink 1 Litre,GROWER'S HARVEST,0.9,0.9,litre,0.9,litre,0.1,per 100g,Fresh Food
297674922,Tesco Tender Vegetable Medley 160G,TESCO,1.85,11.56,kg,11.56,kg,2.9,per 100g,Fresh Food
299829030,Tesco Penne 300G,TESCO,1.5,5.0,kg,5.0,kg,7.5,per 100g,Fresh Food
254263535,Stork Original Baking Spread 500G,STORK,1.8,3.6,kg,3.6,kg,,per 100g,Fresh Food
253554982,Tesco Pomegranates Each,TESCO,1.55,1.55,each,1.55,each,1.3,per 100g,Fresh Food
303881309,Tesco Wafer Thin Roast Chicken Slices 400g,TESCO,2.19,5.48,kg,5.48,kg,19.9,per 100g,Fresh Food
261819963,Tesco Organic Unsalted Butter 250G,TESCO ORGANIC,3.15,12.6,kg,12.6,kg,0.6,per 100g,Fresh Food
303260366,Flora Lighter Spread With Natural Ingredients 1KG,FLORA,4.6,4.6,kg,4.6,kg,,per 100g,Fresh Food
312567071,Tesco Cashews 300G,TESCO,3.5,11.67,kg,11.67,kg,20.5,per 100g,Fresh Food
306934262,Big & Free Large White Free Range Eggs 10 Pack,BIG 'N' FREE,3.35,0.34,each,0.34,each,,,Fresh Food
311436216,Philadelphia Light Low Fat Soft Cream Cheese 280G,PHILADELPHIA,3.25,11.61,kg,11.61,kg,7.2,per 100g,Fresh Food
285104502,Tesco Finest Diced Beef 400G,TESCO finest,7.4,18.5,kg,18.5,kg,23.8,per 100g,Fresh Food
294173984,Tesco Finest Extra Mature English Cheddar Cheese 350G,TESCO finest,4.0,11.43,kg,11.43,kg,25.4,per 100g,Fresh Food
280011075,Tesco Finest British 6 Lincolnshire Sausages 400G,TESCO finest,3.3,8.25,kg,8.25,kg,15.9,per 100g,Fresh Food
285140562,Dairylea Cheese Spread 270G,dairylea,2.25,8.33,kg,8.33,kg,12.0,per 100g,Fresh Food
250829305,Theos Ready Rolled Filo Pastry 250 G,THEOS PASTRY,1.8,7.2,kg,7.2,kg,8.84,per 100g,Fresh Food
304417532,Tesco Spanish Inspired Selection 120G,TESCO,3.0,25.0,kg,25.0,kg,23.5,per 100g,Fresh Food
253704327,Tesco Grated Red Leicester 250 G,TESCO,2.55,10.2,kg,10.2,kg,24.5,per 100g,Fresh Food
292702996,Oykos Salted Caramel Luxury Greek Style Yoghurt Dessert 4x110g,OYKOS,2.2,5.0,kg,5.0,kg,2.6,per 100g,Fresh Food
266567296,Alpro Soya No Sugar Chilled Dairy Free Drink 1L,alpro,1.8,1.8,litre,1.8,litre,3.3,per 100g,Fresh Food
265555588,Tesco Organic Cherry Tomatoes On The Vine 200g,TESCO ORGANIC,2.0,10.0,kg,10.0,kg,1.1,per 100g,Fresh Food
256521688,Tesco Baking Block 250G,TESCO,1.05,4.2,kg,4.2,kg,0.0,per 100g,Fresh Food
258057537,Tesco Soft Apricots 250G,TESCO,3.3,13.2,kg,13.2,kg,2.5,per 100g,Fresh Food
305117056,Lindahls Kvarg Stracciatella Pot 150G,LINDAHLS,1.25,8.33,kg,8.33,kg,10.0,per 100g,Fresh Food
253695365,Tesco Buttery Spread 1Kg,TESCO,1.8,1.8,kg,1.8,kg,0.2,per 100g,Fresh Food
260999122,Tesco Peeled Potatoes 750G,TESCO,1.8,2.4,kg,2.4,kg,1.6,per 100g,Fresh Food
304390832,Creamfields Grana Padano Wedge 175G,CREAMFIELDS,2.49,14.23,kg,14.23,kg,33.0,per 100g,Fresh Food
303881269,Tesco Wafer Thin Roast Chicken Slices 125g,TESCO,1.25,10.0,kg,10.0,kg,19.9,per 100g,Fresh Food
263687550,Tesco Pork & Pickle Pies 6 Pack 300g,TESCO,2.25,2.25,each,2.25,each,9.4,per 100g,Fresh Food
311230753,Albert Bartlett Cheese Croquettes 250G,ALBERT BARTLETT,1.65,6.6,kg,6.6,kg,7.2,per 100g,Fresh Food
279627298,Tesco Tendersweet Carrots 150G,TESCO,1.45,9.67,kg,9.67,kg,0.7,per 100g,Fresh Food
292686720,Tesco Curled Leaf Parsley 30g,TESCO,0.5,16.67,kg,16.67,kg,3.0,per 100g,Fresh Food
306802758,Don Simon Mango & Passionfruit Juice Drink 1.5L,DON SIMON,0.9,0.6,litre,0.6,litre,0.1,per 100g,Fresh Food
274512919,Tesco Lamb Leg Steaks 300G,TESCO,5.85,19.5,kg,19.5,kg,19.8,per 100g,Fresh Food
254269241,Tesco Finest Beef Roasting Joint,TESCO finest,21.0,21.0,kg,21.0,kg,25.8,per 100g,Fresh Food
253114455,Tesco Organic Salted Butter 250G,TESCO ORGANIC,3.15,12.6,kg,12.6,kg,0.6,per 100g,Fresh Food
310690468,Tesco Spaghetti Bolognese 400G,TESCO,3.5,8.75,kg,8.75,kg,6.8,per 100g,Fresh Food
266864059,Yeo Valley Honey Greek Style Yogurt 4 X100g,Yeo Valley,2.6,6.5,kg,6.5,kg,3.8,per 100g,Fresh Food
311449178,Muller Light Fat Free Yogurts with Chocolate Sprinkles 6x140g,Müller,3.0,3.57,kg,3.57,kg,,,Fresh Food
284850371,Tesco Finest Wild Sage & Buttered Onion Stuffing 225G,TESCO finest,3.3,14.67,kg,14.67,kg,6.2,per 100g,Fresh Food
266376222,Tesco Cashew Nuts 200G,TESCO,2.85,14.25,kg,14.25,kg,20.5,per 100g,Fresh Food
311954680,Muller Corner Strawberry Yogurt 136G,Müller,0.95,6.98,kg,6.98,kg,4.3,per 100g,Fresh Food
260454295,St Helen's Fresh Semi Skimmed Goats Milk 1 Litre,ST HELENS,2.3,2.3,litre,2.3,litre,3.0,per 100g,Fresh Food
261945191,Tesco Finest Belgian Chocolate Mousse 100G,TESCO finest,1.15,11.5,kg,11.5,kg,6.2,per 100g,Fresh Food
264389056,Tesco Smoked Salmon Canapes 12 Pack 100g,TESCO,3.0,30.0,kg,30.0,kg,13.3,per 100g,Fresh Food
312346701,The Collective Suckies Strawberry Kids Yoghurt Pouch 90g,THE COLLECTIVE DAIRY,1.0,11.11,kg,11.11,kg,3.9,per 100g,Fresh Food
290369696,Yazoo Chocolate Milk Drink 400ml,YAZOO,1.6,4.0,litre,4.0,litre,3.2,per 100g,Fresh Food
312573408,Yeo Valley Organic Natural Yogurt 450G,Yeo Valley,2.0,4.44,kg,4.44,kg,4.2,per 100g,Fresh Food
277645642,Ginsters Peppered Steak Slice 170G,GINSTERS,2.25,13.24,kg,13.24,kg,8.9,per 100g,Fresh Food
275062447,Tesco Potato Gnocchi 400g,TESCO,2.0,5.0,kg,5.0,kg,2.4,per 100g,Fresh Food
293945418,Tesco Cranberry Juice Drink 1 Litre,TESCO,2.0,2.0,litre,2.0,litre,0.0,per 100g,Fresh Food
294476706,The Tofoo Co Naked Tofu 280G,THE TOFOO CO,2.3,8.21,kg,8.21,kg,16.5,per 100g,Fresh Food
254400495,Stork Original Baking Spread 1Kg,STORK,3.5,3.5,kg,3.5,kg,,per 100g,Fresh Food
284092668,Yollies Strawberry Yogurt 4 X25g,YOLLIES,1.75,17.5,kg,17.5,kg,5.5,per 100g,Fresh Food
272471895,Munch Bunch Double Up Strawberry Raspberry Kids Yoghurt Pots 4x85g,MUNCH BUNCH,1.8,5.29,kg,5.29,kg,5.1,per 100g,Fresh Food
311794004,Philadelphia Garlic & Herbs Soft Cream Cheese 165G,PHILADELPHIA,2.25,13.64,kg,13.64,kg,6.9,per 100g,Fresh Food
298766841,Billy Bear Slices 100G,BILLY BEAR,1.1,11.0,kg,11.0,kg,11.4,per 100g,Fresh Food
293953495,Tesco Runner Beans 180G,TESCO,1.45,8.06,kg,8.06,kg,1.2,per 100g,Fresh Food
302988716,Tesco Simple Salad With Sour Cream And Chive 165G,TESCO,1.15,6.97,kg,6.97,kg,1.2,per 100g,Fresh Food
308089779,Love Beets Cooked Beetroot 250G,LOVE BEETS,0.8,3.2,kg,3.2,kg,1.5,per 100g,Fresh Food
308458275,Tesco Finest Ribeye Steak 227G,TESCO finest,8.15,35.9,kg,35.9,kg,18.8,per 100g,Fresh Food
291970788,Tesco British Chicken Sausages 6 Pack 400G,TESCO,2.65,6.62,kg,6.62,kg,16.9,per 100g,Fresh Food
296057710,Tesco Plums 400G,TESCO,2.1,5.25,kg,5.25,kg,0.5,per 100g,Fresh Food
296422877,Tesco Beef Steak Mince 15% Fat 500G,TESCO,4.75,9.5,kg,9.5,kg,19.7,per 100g,Fresh Food
252995167,Tesco 8 Reduced Fat Pork Sausages 454G,TESCO,1.79,3.94,kg,3.94,kg,17.5,per 100g,Fresh Food
267158491,Tesco Unsmoked Boneless Gammon Joint,TESCO,7.0,7.0,kg,7.0,kg,18.2,per 100g,Fresh Food
258261577,Tesco Pork Loin Joint,TESCO,8.0,8.0,kg,8.0,kg,20.8,per 100g,Fresh Food
257904508,Tesco Beef Brisket,TESCO,17.5,17.5,kg,17.5,kg,18.4,per 100g,Fresh Food
279899286,"Tesco Finest Ham Hock, Leek & Gratin 400G",TESCO finest,4.5,11.25,kg,11.25,kg,8.3,per 100g,Fresh Food
250760137,Président French Unsalted Block Butter 250g,PRESIDENT,3.55,14.2,kg,14.2,kg,0.7,per 100g,Fresh Food
292916835,Tesco 2 Boneless Cod Fillets 280G,TESCO,7.8,27.86,kg,27.86,kg,17.9,per 100g,Fresh Food
260439056,Benecol Buttery Spread 500G,BENECOL,4.5,9.0,kg,9.0,kg,,per 100g,Fresh Food
256145937,Actimel Immune Support Live Yoghurt Drink - Multifruit 8x100g,DANONE,3.75,4.69,kg,4.69,kg,2.8,per 100g,Fresh Food
266727466,Cauldron Foods Tofu 396G,CAULDRON,2.9,7.32,kg,7.32,kg,13.0,per 100g,Fresh Food
299910479,Tesco Prosciutto Crudo & Salami Platter 120G,TESCO,3.0,25.0,kg,25.0,kg,24.5,per 100g,Fresh Food
308105289,Activia Fusions Blueberry Acai Gut Health Yoghurt Multipack 4x120g,ACTIVIA,3.0,6.25,kg,6.25,kg,3.3,per 100g,Fresh Food
304797553,Tesco Finest Garlic & Extra Virgin Olive Oil Flatbread 200G,TESCO,3.15,15.75,kg,15.75,kg,8.4,per 100g,Fresh Food
300257744,Tesco British Mature Cheddar Cheese 220G,TESCO,2.5,11.36,kg,11.36,kg,25.4,per 100g,Fresh Food
277570378,Tesco Diced Chorizo 130G,TESCO,2.55,19.62,kg,19.62,kg,23.5,per 100g,Fresh Food
294770087,Tesco Fat Free Cottage Cheese 300G,TESCO,1.65,5.5,kg,5.5,kg,10.2,per 100g,Fresh Food
287134241,Tesco Finest Prawn Cocktail 170G,TESCO finest,3.5,20.59,kg,20.59,kg,10.0,per 100g,Fresh Food
253559147,Large Gala Apples Loose Class 1,TESCO,0.45,2.8,kg,2.8,kg,0.6,per 100g,Fresh Food
311673277,Tropicana Original Orange With Juicy Bits 900Ml,TROPICANA,3.15,3.5,litre,3.5,litre,0.8,per 100g,Fresh Food
304372589,Pukka Steak And Kidney Pie,PUKKA PIES,2.25,2.25,each,2.25,each,6.4,per 100g,Fresh Food
287531822,Tesco Mozzarella & Slow Roasted Tomatoes 200G,TESCO,3.0,15.0,kg,15.0,kg,9.7,per 100g,Fresh Food
262220920,Tesco Prawn Cocktail 170G,TESCO,2.75,16.18,kg,16.18,kg,10.1,per 100g,Fresh Food
279992854,Tesco Finest Gluten Free 18 British Pork Cocktail Sausages 270G,TESCO finest,3.3,12.22,kg,12.22,kg,16.4,per 100g,Fresh Food
311934773,Muller Light Greek Style Strawberry Yogurt 4X115g,Müller,2.5,5.44,kg,5.44,kg,6.3,per 100g,Fresh Food
265287542,Tesco Three Bean Chilli 600g,TESCO,1.85,3.08,kg,3.08,kg,2.4,per 100g,Fresh Food
254932061,Tesco Organic Red Onions,TESCO ORGANIC,1.45,2.9,kg,2.9,kg,1.0,per 100g,Fresh Food
299969830,Tesco House Salad 120G,TESCO,1.15,9.58,kg,9.58,kg,1.1,per 100g,Fresh Food
282646562,Tesco 100% Pure Squeezed Pink Grapefruit Juice 1 Litre,TESCO,2.0,2.0,litre,2.0,litre,0.6,per 100g,Fresh Food
299829386,Tesco Chicken & Chorizo Fresh Tortelloni 300g,TESCO,1.95,6.5,kg,6.5,kg,7.0,per 100g,Fresh Food
292632440,Tesco Sliced Red Onion 180G,TESCO,0.95,5.28,kg,5.28,kg,1.4,per 100g,Fresh Food
304409507,Tesco Turnip,TESCO,0.6,0.6,each,0.6,each,0.9,per 100g,Fresh Food
302089248,Tesco Fusilli 300G,TESCO,1.5,5.0,kg,5.0,kg,6.5,per 100g,Fresh Food
303261342,Tesco Garlic & Cheese Mushrooms 200g,TESCO,2.0,10.0,kg,10.0,kg,5.7,per 100g,Fresh Food
303880761,Tesco Honey Roast Ham Slices 125g,TESCO,0.92,7.36,kg,7.36,kg,19.3,per 100g,Fresh Food
305053885,Tesco Finest Cavolo Nero Kale 200G,TESCO finest,1.35,6.75,kg,6.75,kg,3.4,per 100g,Fresh Food
304410983,Tesco Diced Lamb Shoulder 300G,TESCO,6.3,21.0,kg,21.0,kg,17.8,per 100g,Fresh Food
287971983,Arla Big Milk Fresh Whole Milk  2L Vitamin Enriched for kids 1+ ,Arla,2.75,1.38,litre,1.38,litre,3.4,per 100g,Fresh Food
275455524,Tesco Roast In Bag Butter Basted Whole Chicken 1.5Kg,TESCO,7.0,4.67,kg,4.67,kg,22.5,per 100g,Fresh Food
310101447,Tesco Chicken Korma With Pilau Rice 400g,TESCO,3.5,8.75,kg,8.75,kg,8.5,per 100g,Fresh Food
308481079,Tesco Finest Fillet Steak 210G,TESCO finest,11.75,55.95,kg,55.95,kg,20.9,per 100g,Fresh Food
259335662,Tesco Finest Moroccan Inspired Chicken Soup 600G,TESCO finest,3.1,0.52,100g,5.2,kg,3.7,per 100g,Fresh Food
266357101,Tesco Almonds 200G,TESCO,2.85,14.25,kg,14.25,kg,21.1,per 100g,Fresh Food
305990028,Tesco Double Gloucester Cheese 400G,TESCO,3.25,8.12,kg,8.12,kg,24.4,per 100g,Fresh Food
310130017,Lindahls Protein Pudding Chocolate 140G,LINDAHLS,1.4,10.0,kg,10.0,kg,10.0,per 100g,Fresh Food
251438956,Quorn Family Roast 454G,QUORN,3.95,8.7,kg,8.7,kg,17.0,per 100g,Fresh Food
257447210,Richmond Skinless Pork Sausages 12 Pack 319g,RICHMOND,2.3,7.21,kg,7.21,kg,9.2,per 100g,Fresh Food
263663706,Cully & Sully Chicken & Vegetable Soup 400G,CULLY & SULLY,2.45,6.12,kg,6.12,kg,1.9,per 100g,Fresh Food
311955794,Muller Corner Vanilla Chocolate Yogurt 124g,Müller,0.95,7.66,kg,7.66,kg,4.9,per 100g,Fresh Food
299769986,Tesco Grated Pecorino Cheese 50G,TESCO,1.45,29.0,kg,29.0,kg,27.0,per 100g,Fresh Food
310666982,Tesco British Cumberland Sausage Slices 150g,TESCO,2.25,15.0,kg,15.0,kg,15.6,per 100g,Fresh Food
268218386,Innocent Smooth Orange Juice 900ml,innocent,3.2,3.56,litre,3.56,litre,0.7,per 100g,Fresh Food
288354065,Britannia Finest Beef Dripping 250G,BRITANNIA,1.25,5.0,kg,5.0,kg,0.0,per 100g,Fresh Food
305828384,Graham's Skyr Passion Fruit Mango Papaya Yogurt 150G,GRAHAM'S,0.8,5.33,kg,5.33,kg,10.3,per 100g,Fresh Food
256186068,Rachel's Organic Divine Rice 2 X150g,RACHEL'S,2.25,7.5,kg,7.5,kg,3.4,per 100g,Fresh Food
260977655,Tesco 30% Less Fat Buttery Spread 500g,TESCO,1.25,2.5,kg,2.5,kg,0.1,per 100g,Fresh Food
254263443,Stork Original Baking Block 250G,STORK,1.4,5.6,kg,5.6,kg,,per 100g,Fresh Food
302987699,Tesco Mango 250G,TESCO,2.55,10.2,kg,10.2,kg,0.7,per 100g,Fresh Food
310178275,Tesco Minced Lamb Hotpot 400G,TESCO,3.5,8.75,kg,8.75,kg,4.3,per 100g,Fresh Food
266000155,Yop Strawberry Yoghurt Drink 500g,Yoplait,1.4,2.8,kg,2.8,kg,3.0,per 100g,Fresh Food
277974816,"Tesco Carrot, Cauliflower & Broccoli 370g",TESCO,1.75,4.73,kg,4.73,kg,1.4,per 100g,Fresh Food
303881247,Tesco Wafer Thin Smoked Ham Slices 125g,TESCO,1.25,10.0,kg,10.0,kg,19.3,per 100g,Fresh Food
302301545,Alpro Vanilla Dairy Free Soya Custard 525g,alpro,1.1,2.1,kg,2.1,kg,3.0,per 100g,Fresh Food
310659037,Tesco Beef Lasagne 750G,TESCO,4.3,5.73,kg,5.73,kg,8.5,per 100g,Fresh Food
273429726,Tesco Spanish Serrano Ham 80G,TESCO,1.51,18.88,kg,18.88,kg,30.1,per 100g,Fresh Food
308104406,Tesco Chicken Mince 5% Fat 500G,TESCO,2.49,4.98,kg,4.98,kg,18.9,per 100g,Fresh Food
255595993,Tesco 100% Pure Squeezed Orange Juice With Bits 1.75 L,TESCO,3.25,1.86,litre,1.86,litre,0.6,per 100g,Fresh Food
299955800,Eastmans Pork Luncheon Meat Slices 250g,EASTMAN'S,1.0,4.0,kg,4.0,kg,14.2,per 100g,Fresh Food
290981362,Tesco Singapore Noodles 300G,TESCO,1.1,3.67,kg,3.67,kg,2.3,per 100g,Fresh Food
284953900,Tesco Roast In Bag Ready Basted Whole Chicken 1.5Kg,TESCO,7.0,4.67,kg,4.67,kg,24.9,per 100g,Fresh Food
308477494,Tesco Finest Rump Steak 255G,TESCO finest,7.65,30.0,kg,30.0,kg,20.7,per 100g,Fresh Food
273196482,Tesco Cholesterol Reducing Strawberry Yogurt Drink 6 X100g,TESCO,3.0,5.0,kg,5.0,kg,2.5,per 100g,Fresh Food
311214047,Fage Total 0%Fat Greek Recipe Yogurt 950G,FAGE,5.9,6.21,kg,6.21,kg,10.3,per 100g,Fresh Food
266748693,Tesco Finest Spaghetti Carbonara 400G,TESCO finest,4.5,11.25,kg,11.25,kg,8.5,per 100g,Fresh Food
308494588,Tesco Finest Sirloin Steak 454G,TESCO finest,15.25,33.59,kg,33.59,kg,21.6,per 100g,Fresh Food
310672317,Tesco Butter Chicken With Pilau Rice 400G,TESCO,3.5,8.75,kg,8.75,kg,6.4,per 100g,Fresh Food
261543021,Tesco Finest Aged Blue Stilton 215G,TESCO finest,3.65,16.98,kg,16.98,kg,23.7,per 100g,Fresh Food
291125367,Tesco Unsmoked Gammon Steaks 2 Pack 450G,TESCO,4.5,10.0,kg,10.0,kg,17.5,per 100g,Fresh Food
276889389,Tesco Parmigiano Reggiano 100G,TESCO,2.8,28.0,kg,28.0,kg,32.4,per 100g,Fresh Food
260644617,Chavroux Goat's Cheese Log 150G,LONG CLAWSON,2.7,18.0,kg,18.0,kg,20.0,per 100g,Fresh Food
251499687,"Tesco Organic Free Range Skimmed Milk 1.136L, 2 Pint",TESCO ORGANIC,1.95,1.72,litre,1.72,litre,3.6,per 100g,Fresh Food
252074226,Tesco Carrot & Coriander Soup 600G,TESCO,1.85,3.08,kg,3.08,kg,0.6,per 100g,Fresh Food
310661336,Tesco Chicken Casserole & Dumplings 400G,TESCO,3.5,8.75,kg,8.75,kg,9.0,per 100g,Fresh Food
260454237,St Helen's Fresh Whole Goats Milk 1 Litre,ST HELENS,2.3,2.3,litre,2.3,litre,2.8,per 100g,Fresh Food
294128716,Jus-Rol Gluten Free Ready Rolled Puff Pastry Sheet 280g,JUS-ROL,2.45,8.75,kg,8.75,kg,2.5,per 100g,Fresh Food
264156434,Tesco 10 Extra Mature Cheddar Slices 250G,TESCO,2.85,11.4,kg,11.4,kg,25.4,per 100g,Fresh Food
263772679,Tesco 50% Less Fat Creme Fraiche 600Ml,TESCO,1.7,2.83,litre,2.83,litre,2.7,per 100g,Fresh Food
281055891,Tesco Organic Beetroot 450g,TESCO ORGANIC,2.2,4.89,kg,4.89,kg,2.3,per 100g,Fresh Food
259742068,Arla LactoFREE Whole Milk Drink 1L,LACTOFREE,1.95,1.95,litre,1.95,litre,3.3,per 100g,Fresh Food
311259987,Muller Light Greek Style Yogurt - Smooth Coconut & Vanilla 4x115g,Müller,2.5,5.44,kg,5.44,kg,6.3,per 100g,Fresh Food
274219518,Tesco 10 Mature Slices 200G,TESCO,1.45,7.25,kg,7.25,kg,14.1,per 100g,Fresh Food
287023171,Tesco Organic Gala Apples 630G,TESCO ORGANIC,2.35,3.73,kg,3.73,kg,0.5,per 100g,Fresh Food
291844640,Tesco Finest 2 Smoked Haddock Fishcakes 290G,TESCO finest,3.6,12.41,kg,12.41,kg,10.2,per 100g,Fresh Food
255956906,Rustlers Quarter Pounder Cheese Burger 190 G,RUSTLERS,2.5,13.16,kg,13.16,kg,12.9,per 100g,Fresh Food
251631139,Tesco Smoked Mackerel,TESCO,25.0,25.0,kg,25.0,kg,22.7,per 100g,Fresh Food
303615495,Tesco Cheese & Tomato Fresh Tortelloni 300g,TESCO,1.95,6.5,kg,6.5,kg,7.5,per 100g,Fresh Food
302685533,Tesco Brazil Nuts 200G,TESCO,3.35,16.75,kg,16.75,kg,14.3,per 100g,Fresh Food
292451013,Tesco Grated Carrots 200g,TESCO,0.59,2.95,kg,2.95,kg,0.4,per 100g,Fresh Food
300544928,Quorn Vegan Chicken Free Slices 100G,QUORN,2.6,26.0,kg,26.0,kg,11.0,per 100g,Fresh Food
300412329,Tesco German Style Peppered Salami Slices 11 Pack 110g,TESCO,0.81,7.36,kg,7.36,kg,20.5,per 100g,Fresh Food
274513043,Tesco Lamb Chops 300G,TESCO,6.1,20.33,kg,20.33,kg,18.5,per 100g,Fresh Food
314825497,Tesco Organic Smoked Salmon Slices 100g ,TESCO ORGANIC,5.95,59.5,kg,59.5,kg,23.8,per 100g,Fresh Food
306500712,Tesco Finest 4 Pork Sausage Rolls 188G,TESCO finest,3.0,15.96,kg,15.96,kg,10.2,per 100g,Fresh Food
292310169,Tesco Beef Stir Fry Strips 357G,TESCO,6.4,17.93,kg,17.93,kg,21.6,per 100g,Fresh Food
305831022,Tesco Vegetable Samosas 4 Pack 216g,TESCO,2.8,12.96,kg,12.96,kg,5.2,per 100g,Fresh Food
312086743,Bertolli Light 450G,BERTOLLI,3.0,6.67,kg,6.67,kg,,per 100g,Fresh Food
267023345,Tesco Finest Basil Pesto 130G,TESCO finest,2.8,21.54,kg,21.54,kg,7.9,per 100g,Fresh Food
301795289,Tesco Cold Water Prawns 150G,TESCO,3.0,20.0,kg,20.0,kg,13.7,per 100g,Fresh Food
293836686,Alpro Greek Style Plain Dairy Free Yoghurt Alternative 400g,alpro,2.5,6.25,kg,6.25,kg,5.6,per 100g,Fresh Food
289820635,Tesco Boneless Smoked Haddock 280G,TESCO,7.6,27.14,kg,27.14,kg,18.4,per 100g,Fresh Food
260608828,Tesco Cambozola Blue Brie 175G,TESCO,3.15,18.0,kg,18.0,kg,13.5,per 100g,Fresh Food
273939900,Leerdammer Light Cheese Slices 160g ,BAARS,2.35,14.69,kg,14.69,kg,30.0,per 100g,Fresh Food
266387140,Tesco Pumpkin Seeds 150G,TESCO WHOLEFOODS,1.8,12.0,kg,12.0,kg,24.4,per 100g,Fresh Food
303618060,Tesco 50% Less Fat Garlic & Herb Soft Cheese 200g,TESCO,1.55,7.75,kg,7.75,kg,9.3,per 100g,Fresh Food
311950056,Muller Rice Original Low Fat Dessert 170G,Müller,0.95,5.59,kg,5.59,kg,3.5,per 100g,Fresh Food
299936161,Tesco Chocolate Profiteroles Stack 12 Pack,TESCO,3.5,0.29,each,0.29,each,5.5,per 100g,Fresh Food
282723462,Tesco Organic Tomatoes On The Vine 400g,TESCO ORGANIC,2.25,5.62,kg,5.62,kg,0.5,per 100g,Fresh Food
272488576,Innocent Tropical Juice 900Ml,innocent,3.2,3.56,litre,3.56,litre,0.4,per 100g,Fresh Food
257596614,Tesco Ricotta Cheese 250 G,TESCO,1.5,6.0,kg,6.0,kg,7.0,per 100g,Fresh Food
314583520,Tesco Smoked Salmon 100g ,TESCO,3.75,37.5,kg,37.5,kg,22.3,per 100g,Fresh Food
256180514,Tesco Basil Medium Pot,TESCO,1.5,1.5,each,1.5,each,2.5,per 100g,Fresh Food
294076120,Tesco Large Selection Grapes 800G Pack,TESCO,3.2,4.0,kg,4.0,kg,0.6,per 100g,Fresh Food
305529830,"innocent Kids Smoothies Oranges, Mangoes & Pineapples 4 x 150ml",innocent,3.6,6.0,litre,6.0,litre,0.7,per 100g,Fresh Food
310130844,Tesco Finest Strawberry Yogurt 150G,TESCO finest,1.0,6.67,kg,6.67,kg,2.7,per 100g,Fresh Food
313853669,Tesco Finest Scottish Smoked Salmon Mild and Delicate 100g,TESCO finest,4.75,47.5,kg,47.5,kg,26.0,per 100g,Fresh Food
266727804,Cauldron Foods Falafel 200G,CAULDRON,2.6,13.0,kg,13.0,kg,7.6,per 100g,Fresh Food
314306078,Tesco Finest Strong And Robust Scottish Smoked Salmon 100G,TESCO finest,4.75,47.5,kg,47.5,kg,26.0,per 100g,Fresh Food
286690153,Nestle Nesquik Milk Slice - Chocolate 4x26g,NESQUIK,1.15,11.06,kg,11.06,kg,7.6,per 100g,Fresh Food
314827734,Tesco Smoked Salmon 50g ,TESCO,1.9,38.0,kg,38.0,kg,22.3,per 100g,Fresh Food
299847531,Tesco Protein Noodles 300G,TESCO,1.1,3.67,kg,3.67,kg,9.4,per 100g,Fresh Food
272897950,Tesco Figs Minimum 3 Pack,TESCO,2.1,0.7,each,0.7,each,1.3,per 100g,Fresh Food
295198430,Tesco Finest Maris Piper Roast Potatoes With Goose Fat 800g,TESCO,3.0,3.75,kg,3.75,kg,2.0,per 100g,Fresh Food
287661273,Tesco Strawberry Mousse 6X60g,TESCO,0.85,2.36,kg,2.36,kg,3.0,per 100g,Fresh Food
254278011,Tesco British Skimmed Uht Milk 6 X 1 Litre,TESCO,6.15,1.02,litre,1.02,litre,3.6,per 100g,Fresh Food
273676409,Country Life Original Salted Spreadable 750G,COUNTRY LIFE,6.25,8.33,kg,8.33,kg,0.3,per 100g,Fresh Food
311229525,Fage Total 0%Fat Greek Recipe Yogurt 450G,FAGE,3.75,8.33,kg,8.33,kg,10.3,per 100g,Fresh Food
308111910,Activia Gut Health Fusion Yoghurt - Prune 4x120g,ACTIVIA,3.0,6.25,kg,6.25,kg,3.4,per 100g,Fresh Food
312355454,ProActiv Buttery Taste Spread 450G,ProActiv,4.75,10.56,kg,10.56,kg,,per 100g,Fresh Food
268900953,Pilgrims Choice Mature Cheddar Cheese 350 G,PILGRIMS CHOICE,3.6,10.29,kg,10.29,kg,25.4,per 100g,Fresh Food
274171043,Tesco Soft Pitted Dates 250G,TESCO,2.3,9.2,kg,9.2,kg,3.3,per 100g,Fresh Food
305970899,Tesco German Smoked Selection 120g,TESCO,3.0,25.0,kg,25.0,kg,,,Fresh Food
310182701,Nestle Rolo Dessert 2X65g,Nestle,2.0,15.38,kg,15.38,kg,3.4,per 100g,Fresh Food
262611446,Lurpak Garlic Butter 125G,LURPAK,2.25,18.0,kg,18.0,kg,1.2,per 100g,Fresh Food
264930746,Alpro Vanilla Dairy Free Soya Yoghurt Alternative 500g,alpro,2.5,5.0,kg,5.0,kg,3.7,per 100g,Fresh Food
253780736,"Mini Babybel Original Cheese 6 Pack, 120 G",BABYBEL,2.45,20.42,kg,20.42,kg,22.0,per 100g,Fresh Food
300161315,Alpro Plain No Sugars Dairy Free Soya Yoghurt Alternative 500g,alpro,2.5,5.0,kg,5.0,kg,4.0,per 100g,Fresh Food
256859922,Tesco Bramley Apple Pie,TESCO,1.9,1.9,each,1.9,each,2.6,per 100g,Fresh Food
290594510,Tesco Chia Seeds 150G,TESCO,1.8,12.0,kg,12.0,kg,23.9,per 100g,Fresh Food
264156267,"Tesco British Medium Cheddar 10 Slices, 250 G",TESCO,2.85,11.4,kg,11.4,kg,25.4,per 100g,Fresh Food
304781404,Tesco Prosciutto Cotto 100G,TESCO,2.15,21.5,kg,21.5,kg,18.5,per 100g,Fresh Food
280711842,Tesco Gooseberry Fool 114g,TESCO,1.0,8.77,kg,8.77,kg,2.6,per 100g,Fresh Food
310169171,Primula Cheese & Chive Tube 140G,PRIMULA,1.85,13.21,kg,13.21,kg,12.8,per 100g,Fresh Food
278004806,Tesco Finest Mini San Marzano Tomatoes 270G,TESCO finest,2.0,7.41,kg,7.41,kg,1.1,per 100g,Fresh Food
285399356,Tesco Finest Pork Chops 500G,TESCO finest,5.7,11.4,kg,11.4,kg,20.8,per 100g,Fresh Food
273664769,Tesco Finest Shiitake Mushrooms 125G,TESCO finest,2.0,16.0,kg,16.0,kg,1.0,per 100g,Fresh Food
293836605,Oatly Creamy Oat Single Cream Alternative 250Ml,OATLY!,1.25,5.0,litre,5.0,litre,0.9,per 100g,Fresh Food
258016016,Tesco Lamb Sliced Liver,TESCO,6.15,6.15,kg,6.15,kg,25.8,per 100g,Fresh Food
265160818,Happy Monkey Smoothies Strawberry & Banana 4 x 180ml,HAPPY MONKEY,2.3,3.19,litre,3.19,litre,0.2,per 100g,Fresh Food
303270573,Tesco Finest Skinless & Boneless Cod Loins 280G,TESCO finest,8.1,28.93,kg,28.93,kg,16.9,per 100g,Fresh Food
268776736,Munch Bunch Double Up Strawberry Banana Fromage Frais 4X85g,MUNCH BUNCH,1.8,5.29,kg,5.29,kg,5.2,per 100g,Fresh Food
310170871,Tesco Finest Madagascan Vanilla Yogurt 150G,TESCO finest,1.0,6.67,kg,6.67,kg,2.6,per 100g,Fresh Food
312215577,Tesco Prime Cuts Roast Chicken & Stuffing 4 Slices 100G,TESCO,2.25,22.5,kg,22.5,kg,21.4,per 100g,Fresh Food
251328257,Tesco Carbonara Sauce 350G,TESCO,2.2,6.29,kg,6.29,kg,4.8,per 100g,Fresh Food
285346771,Tesco Steak & Ale Puff Pie 200G,TESCO,2.1,10.5,kg,10.5,kg,9.8,per 100g,Fresh Food
287195899,Tesco 0% Fat Greek Style Yogurt 4X100g,TESCO,1.2,3.0,kg,3.0,kg,6.2,per 100g,Fresh Food
276414756,Tesco British Crumbed Ham Slices 400g,TESCO,5.0,12.5,kg,12.5,kg,21.2,per 100g,Fresh Food
255969252,Tesco Smoked Kippers With Butter,TESCO,10.25,10.25,kg,10.25,kg,16.5,per 100g,Fresh Food
261878876,Tesco British Lincolnshire Sausages 8 Pack 454G,TESCO,1.79,3.94,kg,3.94,kg,15.7,per 100g,Fresh Food
299669459,Tesco Reduced Fat Cumberland Sausage 454G,TESCO,1.79,3.94,kg,3.94,kg,16.8,per 100g,Fresh Food
297673324,Koko Dairy Free Unsweetened Alternative Longlife Drink 1L,KOKO,1.7,1.7,litre,1.7,litre,1.2,per 100g,Fresh Food
286817253,Najma Smoked Turkey Rasher Slice 150G,VOLY'S,2.95,19.67,kg,19.67,kg,16.0,per 100g,Fresh Food
299982698,Tesco Finest Creamy Buttery Mash 450G,TESCO finest,3.3,7.33,kg,7.33,kg,2.1,per 100g,Fresh Food
271400354,Innocent Orange Juice With Bits 1.35 Litre,innocent,4.4,3.26,litre,3.26,litre,0.8,per 100g,Fresh Food
277759790,Davidstow Crackler Extra Mature Cornish Cheddar Cheese 320g,DAVIDSTOW,5.0,15.62,kg,15.62,kg,25.4,per 100g,Fresh Food
305055105,Mattessons Smoked Pork Sausage - Original 260g,MATTESSONS,3.0,11.54,kg,11.54,kg,15.0,per 100g,Fresh Food
311229018,Muller Light Fat Free Mango Psn/Fruit Peach Yogurt 6X140g,Müller,3.0,3.57,kg,3.57,kg,,,Fresh Food
273939566,Leerdammer Original Cheese Slices 160g ,BAARS,2.35,14.69,kg,14.69,kg,26.0,per 100g,Fresh Food
277645475,Ginsters Chicken & Mushroom Slice 170G,GINSTERS,2.25,13.24,kg,13.24,kg,8.4,per 100g,Fresh Food
268328438,Galbani Italian Mozzarella Cheese 125g,GALBANI,1.85,14.8,kg DR.WT,14.8,kg dr.wt,17.0,per 100g,Fresh Food
290369713,Yazoo Strawberry Milk Drink 400ml,YAZOO,1.6,4.0,litre,4.0,litre,3.0,per 100g,Fresh Food
304375298,Petits Filous No Added Sugar Fromage Frais - Strawberry & Banana 6 x 47g,Yoplait,1.8,6.38,kg,6.38,kg,8.0,per 100g,Fresh Food
310131739,Primula Cheese & Ham Tube 140G,PRIMULA,1.85,13.21,kg,13.21,kg,12.8,per 100g,Fresh Food
264156405,Tesco 10 Red Leicester Slices 250G,TESCO,2.85,11.4,kg,11.4,kg,25.0,per 100g,Fresh Food
255639038,Yeo Valley Natural Greek Style Yogurt 450G,Yeo Valley,2.25,5.0,kg,5.0,kg,4.5,per 100g,Fresh Food
302971678,Tesco Pineapple Chunks 145G,TESCO,1.5,10.34,kg,10.34,kg,0.5,per 100g,Fresh Food
305983377,Tesco Mango Passion Fruit Smoothie 750Ml,TESCO,1.95,2.6,litre,2.6,litre,0.4,per 100g,Fresh Food
275318555,Tesco Finest Spanish Spicy Chorizo Ring 225G,TESCO finest,2.4,10.67,kg,10.67,kg,22.5,per 100g,Fresh Food
306934596,Seachill Cooked& Peeled King Prawns 150G,ICELANDIC SEACHILL,2.49,16.6,kg,16.6,kg,17.0,per 100g,Fresh Food
304377492,Tesco Fish Pie Mix 340G,TESCO,6.5,19.12,kg,19.12,kg,18.7,per 100g,Fresh Food
302280319,Tesco Cambozola Blue Brie 160G,TESCO,3.0,18.75,kg,18.75,kg,13.5,per 100g,Fresh Food
310658214,Tesco Shredded Ham Hock 100G,TESCO,2.25,22.5,kg,22.5,kg,27.4,per 100g,Fresh Food
310675723,Tesco Braised Beef & Mash 400G,TESCO,3.5,8.75,kg,8.75,kg,6.8,per 100g,Fresh Food
299829426,Tesco Four Cheese Tortelloni 300G,TESCO,1.95,6.5,kg,6.5,kg,8.8,per 100g,Fresh Food
299982617,Tesco Cheddar Mash 450G,TESCO,1.75,3.89,kg,3.89,kg,3.4,per 100g,Fresh Food
276877236,Seriously Spreadable Lighter Cheese Spread 125g ,SERIOUSLY,1.35,10.8,kg,10.8,kg,15.3,per 100g,Fresh Food
262615661,Tesco British Cumberland Sausages 12 Pack 681G,TESCO,2.65,3.89,kg,3.89,kg,15.0,per 100g,Fresh Food
281464487,Tesco Lamb Leg Steaks 450G,TESCO,8.6,19.11,kg,19.11,kg,19.8,per 100g,Fresh Food
308106479,Tesco Beef Medallion Steak 227G,TESCO,3.29,14.49,kg,14.49,kg,22.4,per 100g,Fresh Food
267158243,Tesco Smoked Boneless Gammon Joint,TESCO,7.0,7.0,kg,7.0,kg,18.0,per 100g,Fresh Food
254142569,Tesco Wholefoods Pine Nuts 100G,TESCO,3.9,39.0,kg,39.0,kg,14.0,per 100g,Fresh Food
281085590,Tesco Pork Shoulder Steaks 700G,TESCO,6.4,9.14,kg,9.14,kg,18.7,per 100g,Fresh Food
310109145,Tesco Tomato & Mozzarella Pasta Bake 400G,TESCO,3.5,8.75,kg,8.75,kg,5.3,per 100g,Fresh Food
285331903,Tesco Toad In The Hole 340G,TESCO,3.5,10.29,kg,10.29,kg,11.6,per 100g,Fresh Food
264799122,Tesco Strawberry Yogurt Drinks 6 x 100g,TESCO,2.5,4.17,kg,4.17,kg,2.4,per 100g,Fresh Food
252552749,Benecol Light Spread 500G,BENECOL,4.5,9.0,kg,9.0,kg,0.0,per 100g,Fresh Food
258663021,Tesco Double Gloucester Onion & Chives 200G,TESCO,2.85,14.25,kg,14.25,kg,23.1,per 100g,Fresh Food
272489114,Innocent Apple Juice 1.35 Litre,innocent,4.4,3.26,litre,3.26,litre,0.2,per 100g,Fresh Food
289553605,Tesco Lightly Dusted Cod Fillets 255G,TESCO,5.5,21.57,kg,21.57,kg,13.9,per 100g,Fresh Food
312085018,Yeo Valley Organic Little Yeos Fruity Favourites Kids Yogurt 4x85g,Yeo Valley,2.15,6.32,kg,6.32,kg,4.3,per 100g,Fresh Food
254707265,Tesco Organic Chestnut Mushrooms 250 G,TESCO ORGANIC,2.25,9.0,kg,9.0,kg,1.0,per 100g,Fresh Food
312834671,Hazelmere Goose Fat Blend With Beef Dripping 220g,HAZLEMERE,2.2,10.0,kg,10.0,kg,0.0,per 100g,Fresh Food
313516240,Tesco Perfectly Ripe White Flesh Nectarine 3 Pack,TESCO,2.5,0.83,each,0.83,each,1.0,per 100g,Fresh Food
300257076,Tesco Wensleydale Cheese 220G,TESCO,2.5,11.36,kg,11.36,kg,23.7,per 100g,Fresh Food
286266161,Tesco Finest Cheddar & Onion Flatbread 295 G,TESCO finest,3.15,10.68,kg,10.68,kg,9.9,per 100g,Fresh Food
305956208,Walls 4 Hearty Sausage Rolls 220G,WALL'S,2.0,9.09,kg,9.09,kg,8.5,per 100g,Fresh Food
311222204,Fage Total 0% Fat Greek Recipe Yogurt 150G,FAGE,1.65,11.0,kg,11.0,kg,10.3,per 100g,Fresh Food
254263587,Pure Dairy Free Sunflower Spread 500G,PURE,1.5,3.0,kg,3.0,kg,,per 100g,Fresh Food
304788437,Alpro Barista Oat Long Life Dairy Free Drink 1L,alpro,2.25,2.25,litre,2.25,litre,0.8,per 100g,Fresh Food
305959509,Tesco Strawberry Sensation Smoothie 750Ml,TESCO,1.95,2.6,litre,2.6,litre,0.3,per 100g,Fresh Food
300000081,Eastmans Cheese & Onion Quiche 400G,EASTMAN'S,1.99,4.98,kg,4.98,kg,7.6,per 100g,Fresh Food
292482771,Tesco Sweet Crisp Salad 128G,TESCO,1.15,8.98,kg,8.98,kg,3.7,per 100g,Fresh Food
310152294,Tesco Finest Roasted Hazelnut Yogurt 150G,TESCO finest,1.0,6.67,kg,6.67,kg,3.2,per 100g,Fresh Food
255737636,Tesco Bird Eye Chillies 25G,TESCO,0.85,34.0,kg,34.0,kg,0.8,per 100g,Fresh Food
304380245,Tesco Crackling Pork Loin Joint 637G,TESCO,6.45,10.13,kg,10.13,kg,26.2,per 100g,Fresh Food
272153454,Arla LactoFREE Cream 250ml,LACTOFREE,1.4,5.6,litre,5.6,litre,2.3,per 100g,Fresh Food
303851911,Seriously Spreadable Vintage Cheese Spread 125g,SERIOUSLY,1.35,10.8,kg,10.8,kg,14.0,per 100g,Fresh Food
304396630,Tesco Linguine 300G,TESCO,1.5,5.0,kg,5.0,kg,4.6,per 100g,Fresh Food
301219459,Tesco Tropical Juice Drink 1 Litre,TESCO,1.6,1.6,litre,1.6,litre,0.2,per 100g,Fresh Food
290981805,Tesco Rice Noodles 300G,TESCO,1.1,3.67,kg,3.67,kg,2.5,per 100g,Fresh Food
310150394,Tesco 2 Skinless & Boneless Basa Fillets 250G,TESCO,1.79,7.16,kg,7.16,kg,17.4,per 100g,Fresh Food
273635925,Tesco Finest Salami Milano 90G,TESCO finest,3.1,34.44,kg,34.44,kg,27.0,per 100g,Fresh Food
258208141,Benecol Yogurt Drink - Strawberry 6x67.5g,BENECOL,4.5,11.11,kg,11.11,kg,2.8,per 100g,Fresh Food
255080338,Benecol Original No Added Sugar 6 x 67.5g,BENECOL,4.5,11.11,kg,11.11,kg,2.8,per 100g,Fresh Food
297794152,Benecol Raspberry No Added Sugar 6 x 67.5g,BENECOL,4.5,11.11,kg,11.11,kg,2.9,per 100g,Fresh Food
311220949,Fage Total 5% Fat Greek Recipe Yogurt 450G,FAGE,3.75,8.33,kg,8.33,kg,9.0,per 100g,Fresh Food
306941570,Tesco Roast In The Bag Rotisserie Style Whole Chicken 1.5Kg,TESCO,7.0,4.67,kg,4.67,kg,23.4,per 100g,Fresh Food
264252101,Tesco Reduced Fat Salad Cheese 200G,TESCO,2.15,10.75,kg,10.75,kg,16.6,per 100g,Fresh Food
312346649,ProActiv Light Spread 450g,ProActiv,4.75,10.56,kg,10.56,kg,,per 100g,Fresh Food
250065690,Galbani Maxi Italian Mozzarella Cheese 250g,PRESIDENT,2.95,11.8,kg DR.WT,11.8,kg dr.wt,17.0,per 100g,Fresh Food
264744337,Tesco Finest Steak Ragu 400G,TESCO finest,4.5,11.25,kg,11.25,kg,9.4,per 100g,Fresh Food
303930582,Petits Filous Strawberry Drinking Yogurt 4 x 100g,Yoplait,2.4,6.0,kg,6.0,kg,3.0,per 100g,Fresh Food
264866878,Alpro Plain Natural Dairy Free Soya Yoghurt Alternative 500g,alpro,2.5,5.0,kg,5.0,kg,4.0,per 100g,Fresh Food
279899096,Tesco Finest Shepherd's Pie 400G,TESCO finest,4.5,11.25,kg,11.25,kg,5.5,per 100g,Fresh Food
276772509,Tesco Finest Parmigiano Reggiano 170 G,TESCO finest,3.85,22.65,kg,22.65,kg,32.4,per 100g,Fresh Food
302280469,Tesco Blue Shropshire Cheese 180g,TESCO,3.15,17.5,kg,17.5,kg,23.7,per 100g,Fresh Food
303806049,Creamfields Mature Grated Cheddar 250g,CREAMFIELDS,2.19,8.76,kg,8.76,kg,24.9,per 100g,Fresh Food
250583289,Tesco Light Olive Spread 500G,TESCO,1.5,3.0,kg,3.0,kg,0.1,per 100g,Fresh Food
300118034,Tesco Soya Drink Unsweetened 1Ltr,TESCO,1.3,1.3,litre,1.3,litre,3.5,per 100g,Fresh Food
307758273,Tesco Gingerbread Biscuit,TESCO,1.2,1.2,kg,1.2,kg,6.1,per 100g,Fresh Food
300543814,Muller Bliss Whipped Greek Style Salted Caramel Cheesecake Yogurts 4x100g,Müller,3.0,7.5,kg,7.5,kg,4.8,per 100g,Fresh Food
255764252,Alpro Soya Long Life Dairy Free Alternative to Cream 250ml,alpro,1.15,4.6,litre,4.6,litre,2.0,per 100g,Fresh Food
288731765,Tesco Cheddar & Onion Quiche 160G,TESCO,1.65,10.31,kg,10.31,kg,9.4,per 100g,Fresh Food
268913840,Tesco Winter Vegetables 480G,TESCO,1.95,4.06,kg,4.06,kg,2.1,per 100g,Fresh Food
253194105,Tesco Finger Chillies 80G,TESCO,1.15,14.38,kg,14.38,kg,0.8,per 100g,Fresh Food
299598583,Tesco Finest 2 Cod & Chorizo Fishcakes 290G,TESCO,3.6,12.41,kg,12.41,kg,11.1,per 100g,Fresh Food
299965759,Tesco Mini Roast Potatoes 500G,TESCO,2.0,4.0,kg,4.0,kg,2.2,per 100g,Fresh Food
305524927,innocent Kids Smoothies Apples & Blackcurrants 4 x 150ml,innocent,3.6,6.0,litre,6.0,litre,0.0,per 100g,Fresh Food
297660437,Tesco Free From Raspberry Strawberry Soya Alternative 4X90g,TESCO free FROM,1.25,3.47,kg,3.47,kg,4.0,per 100g,Fresh Food
310176058,Tesco Strawberry Flavoured Milk 1L,TESCO,1.2,1.2,litre,1.2,litre,3.3,per 100g,Fresh Food
289510599,Tesco Apple And Mango From Concentrate 1 Litre,TESCO,1.6,1.6,litre,1.6,litre,0.1,per 100g,Fresh Food
273234766,Tesco Mini Beef Pasties 10 Pack 300g,TESCO,2.25,7.5,kg,7.5,kg,7.8,per 100g,Fresh Food
299668685,Eastmans Steak Pie 150G,EASTMAN'S,1.25,8.33,kg,8.33,kg,9.4,per 100g,Fresh Food
311688401,Tesco Cooked Beetroot 500g,TESCO,0.9,1.8,kg,1.8,kg,1.6,per 100g,Fresh Food
285210344,Tesco British Chicken Drumsticks 1Kg,TESCO,2.15,2.15,kg,2.15,kg,19.0,per 100g,Fresh Food
300473447,Growers Harvest Tropical Juice Drink 2L,GROWER'S HARVEST,1.49,0.74,litre,0.74,litre,0.2,per 100g,Fresh Food
275503762,Tesco Finest British Free-Range Chicken Thigh Fillets 430g,TESCO finest,6.7,15.58,kg,15.58,kg,19.3,per 100g,Fresh Food
282524801,Tesco Lamb Diced Leg 300G,TESCO,7.75,25.83,kg,25.83,kg,19.1,per 100g,Fresh Food
312574321,Lurpak Slightly Salted Spreadable Blend of Butter and Rapeseed Oil 750g,LURPAK,6.0,8.0,kg,8.0,kg,0.5,per 100g,Fresh Food
289553663,Tesco Lightly Dusted Haddock Fillets 255G,TESCO,5.5,21.57,kg,21.57,kg,16.7,per 100g,Fresh Food
285415004,Tesco Smoked Prosciutto & Salami Plat 200G,TESCO,4.7,23.5,kg,23.5,kg,27.0,per 100g,Fresh Food
310111280,Tesco Ham & Mushroom Tagliatelle 400G,TESCO,3.5,8.75,kg,8.75,kg,6.0,per 100g,Fresh Food
312714404,Yeo Valley Organic Natural Yogurt 950G,Yeo Valley,3.6,3.79,kg,3.79,kg,4.2,per 100g,Fresh Food
255024950,Actimel Strawberry Fat Free Immunity Live Yoghurt Drink Multipack 8x100g,DANONE,3.75,4.69,kg,4.69,kg,2.6,per 100g,Fresh Food
307751142,New Covent Garden Soup Co Vegetable Soup 560G,NEW COVENT GARDEN,2.45,4.38,kg,4.38,kg,1.5,per 100g,Fresh Food
276685837,Innocent Tropical Juice 1.35 Litre,innocent,4.4,3.26,litre,3.26,litre,0.4,per 100g,Fresh Food
259050439,Actimel Original Fat Free Immunity Live Yoghurt Drink 12 x 100g,DANONE,4.5,3.75,kg,3.75,kg,2.7,per 100g,Fresh Food
310122514,Tesco Chicken Jalfrezi & Pilau Rice 400G,TESCO,3.5,8.75,kg,8.75,kg,6.6,per 100g,Fresh Food
285140372,Dairylea Cheese Spread Triangles 16 pack 16x15.6G,dairylea,2.3,9.2,kg,9.2,kg,12.0,per 100g,Fresh Food
275281049,Tesco Finest 0% Fat Greek Yogurt 500G,TESCO finest,2.3,4.6,kg,4.6,kg,9.8,per 100g,Fresh Food
252074290,Tesco Tomato & Basil Soup 600G,TESCO,1.85,3.08,kg,3.08,kg,1.0,per 100g,Fresh Food
302296694,Food Heaven Whipped Spray Cream Vegan 200Ml,FOOD HEAVEN,2.1,10.5,litre,10.5,litre,0.0,per 100g,Fresh Food
296151638,Alpro Greek Style Strawberry Raspberry Yoghurt Alternative 150g,alpro,1.25,8.33,kg,8.33,kg,4.9,per 100g,Fresh Food
260733201,Tesco Dried Mango 100G,TESCO,2.6,26.0,kg,26.0,kg,2.3,per 100g,Fresh Food
280711911,Tesco Lemon Fool 114g,TESCO,1.0,8.77,kg,8.77,kg,2.9,per 100g,Fresh Food
312351579,Cathedral City Plant Based Mature Cheddar Cheese Flavour Vegan Grated 150g,CATHEDRAL CITY,2.0,13.33,kg,13.33,kg,0.2,per 100g,Fresh Food
294007848,Tesco Finest Raw Jumbo King Prawns 165G,TESCO finest,3.95,23.94,kg,23.94,kg,14.3,per 100g,Fresh Food
302988699,Tesco Crunchy Coleslaw Mix 300G,TESCO,1.3,4.33,kg,4.33,kg,1.2,per 100g,Fresh Food
306935710,Tesco Organic Seasonal Apples,TESCO,2.85,0.71,each,0.71,each,0.5,per 100g,Fresh Food
261599611,Simon Howie Drycure Smoked Back Bacon 220G(L),SIMON HOWIE,3.0,13.64,kg,13.64,kg,18.9,per 100g,Fresh Food
285173410,Tesco Fat Free Quark 250g,TESCO,1.25,5.0,kg,5.0,kg,11.6,per 100g,Fresh Food
273701571,Almond Breeze Unsweetened Fresh Drink 1 Litre,BLUE DIAMOND,1.9,1.9,litre,1.9,litre,,per 100g,Fresh Food
271935014,Ski Strawberry Mousse 4 X60g,SKI,1.25,5.21,kg,5.21,kg,3.9,per 100g,Fresh Food
311419905,Tesco Sliced Spring Greens 200G,TESCO,1.35,6.75,kg,6.75,kg,3.7,per 100g,Fresh Food
310145337,Tesco Banana Flavoured Milk 1L,TESCO,1.2,1.2,litre,1.2,litre,3.5,per 100g,Fresh Food
299935900,Tesco 2 Cream Slices,TESCO,1.6,0.8,each,0.8,each,4.2,per 100g,Fresh Food
288174554,Tesco Extra Mature Cheddar & Onion Crustless Quiche 340g,TESCO,2.5,7.35,kg,7.35,kg,10.4,per 100g,Fresh Food
300601648,Tesco Chocolate Choux Buns 2 Pack,TESCO,1.65,0.82,each,0.82,each,6.2,per 100g,Fresh Food
260276321,Tesco Perfectly Ripe Mango Twin Pack,TESCO,1.75,0.88,each,0.88,each,0.7,per 100g,Fresh Food
260713127,Tesco Crispy Roast Potatoes 450G,TESCO,2.6,5.78,kg,5.78,kg,2.4,per 100g,Fresh Food
299816712,Eastmans Minced Beef & Onion Pasty 150G,EASTMAN'S,0.5,3.33,kg,3.33,kg,6.3,per 100g,Fresh Food
311211387,Fage Total 5% Fat Greek Recipe Yogurt 950G,FAGE,5.9,6.21,kg,6.21,kg,9.0,per 100g,Fresh Food
311941009,Muller Rice Low Fat Dessert - Apple & Raspberry 6 x 170g,Müller,4.0,3.92,kg,3.92,kg,,,Fresh Food
305984399,"innocent Kids Super Smoothies Strawberries, Kiwis & Apples 4 x 150ml",innocent,4.1,6.83,litre,6.83,litre,0.5,per 100g,Fresh Food
287294534,Tropicana Pineapple Juice 850Ml,TROPICANA,3.5,4.12,litre,4.12,litre,0.5,per 100g,Fresh Food
310094333,Tesco Pepperoni Pasta Bake 400G,TESCO,3.5,8.75,kg,8.75,kg,5.7,per 100g,Fresh Food
266552250,Two Chicks Liquid Egg Whites 500 Ml,two chicks,3.5,7.0,litre,7.0,litre,10.9,per 100g,Fresh Food
311945898,Tesco Party Salad 455G,TESCO,3.0,6.59,kg,6.59,kg,1.3,per 100g,Fresh Food
297763650,Arla Skyr Icelandic Style Yogurt - Vanilla 450g,Arla,2.5,0.56,100g,5.6000000000000005,kg,8.6,per 100g,Fresh Food
250745191,Tesco Danish Blue Cheese 150 G,TESCO,2.55,17.0,kg,17.0,kg,20.3,per 100g,Fresh Food
304388726,Pukka Minced Beef & Onion Pie,PUKKA PIES,2.25,2.25,each,2.25,each,6.6,per 100g,Fresh Food
261893078,Tesco Finest Three Cheese & Chive Cauliflower Cheese 350G,TESCO finest,3.3,9.43,kg,9.43,kg,6.0,per 100g,Fresh Food
262586694,Yeo Valley Organic Fresh Whole Milk 2L,Yeo Valley,3.15,1.58,litre,1.58,litre,3.5,per 100g,Fresh Food
306504063,Cathedral City Mature Lighter Cheddar Cheese 550G,CATHEDRAL CITY,5.3,9.64,kg,9.64,kg,29.1,per 100g,Fresh Food
263759212,Tesco 2 Pork & Egg Gala Pork Pie Slices 250G,TESCO,3.0,3.0,each,3.0,each,11.0,per 100g,Fresh Food
304791542,"Pukka Veggie Cheese, Leek & Potato Pie",PUKKA PIES,2.25,2.25,each,2.25,each,7.1,per 100g,Fresh Food
302621990,Porky Whites 6 Premium Surrey Pork Sausages 400g,Porky Whites,3.5,8.75,kg,8.75,kg,13.0,per 100g,Fresh Food
277926811,Tesco Organic Tenderstem Broccoli 200G,TESCO ORGANIC,2.5,12.5,kg,12.5,kg,4.4,per 100g,Fresh Food
301801698,Woodside Farms Unsmoked Gammon Steaks 300G,WOODSIDE FARMS,2.39,7.97,kg,7.97,kg,16.8,per 100g,Fresh Food
312571249,Tesco Finest Portobello Vitamin D Mushrooms,TESCO finest,1.4,9.33,kg,9.33,kg,1.0,per 100g,Fresh Food
310694458,Tesco Sweet BBQ Pulled Pork & Cheesy Mash 400g,TESCO,3.5,8.75,kg,8.75,kg,6.8,per 100g,Fresh Food
299935922,Tesco Custard Slices 2 Pack,TESCO,1.6,0.8,each,0.8,each,3.2,per 100g,Fresh Food
272584462,Tesco Basted Pork Loin Joint 800G,TESCO,6.1,7.62,kg,7.62,kg,24.7,per 100g,Fresh Food
310191304,Tesco Shepherd's Pie 400G,TESCO,3.5,8.75,kg,8.75,kg,4.6,per 100g,Fresh Food
310125387,Tesco Creamy Mustard Chicken With Potato & Onion Hash 400G,TESCO,3.5,8.75,kg,8.75,kg,8.7,per 100g,Fresh Food
295790856,Milkybar Milk Slices 4X26g,MILKYBAR,1.15,11.06,kg,11.06,kg,6.5,per 100g,Fresh Food
307143735,Tesco Organic Bunched Carrots 400G,TESCO ORGANIC,1.85,4.62,kg,4.62,kg,0.6,per 100g,Fresh Food
279476130,Tesco Roast Beef Dinner 400G,TESCO,3.95,9.88,kg,9.88,kg,6.7,per 100g,Fresh Food
299914861,Creamfields Greek Style Salad Cheese 200G,CREAMFIELDS,0.85,4.25,kg,4.25,kg,13.0,per 100g,Fresh Food
275142629,Tesco Beef Lasagne 1.5Kg,TESCO,8.25,5.5,kg,5.5,kg,8.6,per 100g,Fresh Food
309198459,Dickinson & Morris Large Melton Mowbray Pork Pie 440G,DICKINSON & MORRIS,4.25,9.66,kg,9.66,kg,12.1,per 100g,Fresh Food
264798856,Tesco Peach & Apricot Yogurt Drink 6 X100g,TESCO,2.5,4.17,kg,4.17,kg,2.4,per 100g,Fresh Food
274436278,Tesco Natural Cottage Cheese 600G,TESCO,3.1,5.17,kg,5.17,kg,9.5,per 100g,Fresh Food
258837908,Actimel Raspberry Fat Free Immunity Live Yoghurt Drink Multipack 8X100g,DANONE,3.75,4.69,kg,4.69,kg,2.6,per 100g,Fresh Food
260928737,Actimel Blueberry Immunity Live Yoghurt Drink Multipack 8X100g,DANONE,3.75,4.69,kg,4.69,kg,2.8,per 100g,Fresh Food
253689428,Tesco Strawberry Cheesecake 3 X 100G,TESCO,2.5,8.33,kg,8.33,kg,3.1,per 100g,Fresh Food
291126003,Tesco Smoked Gammon Steaks 2 Pack 450g,TESCO,4.5,10.0,kg,10.0,kg,18.8,per 100g,Fresh Food
300257018,Tesco British Mild Cheddar Cheese 220G,TESCO,2.5,11.36,kg,11.36,kg,25.4,per 100g,Fresh Food
281085768,Tesco Pork Ribs 700G,TESCO,5.8,8.29,kg,8.29,kg,18.6,per 100g,Fresh Food
254490415,Tesco Finest Camembert D'isigny 250G,TESCO finest,3.25,13.0,kg,13.0,kg,21.0,per 100g,Fresh Food
273445948,Pork Farms Medium Pork Pie,PORK FARMS,2.5,2.5,each,2.5,each,9.0,per 100g,Fresh Food
258882358,Yeo Valley Organic Semi-Skimmed Fresh Milk 2L,Yeo Valley,3.15,1.58,litre,1.58,litre,3.6,per 100g,Fresh Food
299497633,Tesco Cashew Nuts 25G,TESCO,0.7,28.0,kg,28.0,kg,20.0,per 100g,Fresh Food
300474164,Tesco Tiramisu 2 x 85g,TESCO,2.1,12.35,kg,12.35,kg,4.7,per 100g,Fresh Food
305828234,Tesco Meat & Cheese Snacking Selection 105G,TESCO,3.0,28.57,kg,28.57,kg,26.0,per 100g,Fresh Food
297954925,The Coconut Collab Natural Coconut Yoghurt 350g,COCONUT COLLABORATIVE,2.5,7.14,kg,7.14,kg,1.2,per 100g,Fresh Food
305044533,Mattessons Smoked Pork Sausage Original 160G,MATTESSONS,2.25,14.06,kg,14.06,kg,15.0,per 100g,Fresh Food
312085986,The Collective Suckies Banana Yogurt 90G,THE COLLECTIVE DAIRY,1.0,11.11,kg,11.11,kg,4.1,per 100g,Fresh Food
285398910,Tesco Mediterranean Inspired Platter 230G,TESCO,3.0,13.04,kg,13.04,kg,6.8,per 100g,Fresh Food
293945270,Tesco 100% Pressed Tomato Juice 1 Litre,TESCO,2.0,2.0,litre,2.0,litre,0.9,per 100g,Fresh Food
305975243,Tesco Finest Rosanna Pink Onions 3 Pack,TESCO finest,1.45,0.48,each,0.48,each,1.0,per 100g,Fresh Food
312104631,Oatly The Original Barista Edition Oat Chilled Drink 1L,OATLY!,2.2,2.2,litre,2.2,litre,1.1,per 100g,Fresh Food
250983242,Yeo Valley Strawberry Yogurt 450G,Yeo Valley,2.25,5.0,kg,5.0,kg,4.5,per 100g,Fresh Food
312563271,Cathedral City Plant Based Mature Cheddar Cheese Flavour Vegan Block 280g,CATHEDRAL CITY,2.75,9.82,kg,9.82,kg,0.2,per 100g,Fresh Food
305529496,"innocent Kids Smoothies Cherries, Strawberries & Apples 4 x 150ml",innocent,3.6,6.0,litre,6.0,litre,0.0,per 100g,Fresh Food
282335126,Président Emmental Cheese Block 200g,PRESIDENT,2.3,11.5,kg,11.5,kg,29.0,per 100g,Fresh Food
282572363,Happy Monkey Milkshakes - Chocolate 3x200ml,HAPPY MONKEY,1.0,1.67,litre,1.67,litre,,,Fresh Food
306816120,Tesco Stuffed Peppers 320G,TESCO,2.0,6.25,kg,6.25,kg,3.4,per 100g,Fresh Food
265279667,Tesco Finest Dry Cure Bacon Lardons 180G,TESCO finest,4.25,23.61,kg,23.61,kg,18.1,per 100g,Fresh Food
275889684,Tesco Cholesterol Lowering Peach & Apricot Yogurt Drinks 6 x 100g,TESCO,3.0,5.0,kg,5.0,kg,2.4,per 100g,Fresh Food
311444765,Minor Figures Barista Oat Drink 1L,MINOR FIGURES,2.1,2.1,litre,2.1,litre,0.3,per 100g,Fresh Food
310662597,Alpro Oat Growing Up Long Life Dairy Free Drink 1-3+ Years 1L,alpro,1.8,1.8,litre,1.8,litre,1.8,per 100g,Fresh Food
283315114,Actimel Immune Support Yogurt Drink - Strawberry & Blueberry 12 x 100g,DANONE,4.5,3.75,kg,3.75,kg,2.9,per 100g,Fresh Food
253201997,Saint Agur Blue Creme Cheese 150G,ST AGUR,3.0,20.0,kg,20.0,kg,13.0,per 100g,Fresh Food
283222229,Sabra Houmous Extra 200G,SABRA,2.55,12.75,kg,12.75,kg,7.0,per 100g,Fresh Food
253922368,Tesco Tiramisu Dessert 500g,TESCO,3.35,6.7,kg,6.7,kg,4.0,per 100g,Fresh Food
311674999,Président Squirty Spray Cream 250g,PRESIDENT,2.6,10.4,kg,10.4,kg,2.2,per 100g,Fresh Food
277759611,Davidstow Classic Cornish Mature Cheddar Cheese 350g,DAVIDSTOW,5.0,14.29,kg,14.29,kg,25.4,per 100g,Fresh Food
287042159,Alpro Plain Coconut Dairy Free Soya Yoghurt Alternative 500g,alpro,2.5,5.0,kg,5.0,kg,3.9,per 100g,Fresh Food
286999255,Annabel Karmel Chicken Tikka & Rice Ready Meal 200G,ANNABEL KARMEL,2.9,14.5,kg,14.5,kg,6.4,per 100g,Fresh Food
309183540,Tesco Mozzarella Slices 250G,TESCO,2.85,11.4,kg,11.4,kg,24.5,per 100g,Fresh Food
306946478,Pukka Vegan Chicken & Mushroom Pie,PUKKA PIES,2.25,10.71,kg,10.71,kg,6.5,per 100g,Fresh Food
314604318,ARCTIC COFFEE VANILLA LATTE 330ML,ARCTIC COFFEE,1.0,3.03,litre,3.03,litre,2.8,per 100g,Fresh Food
284850296,Tesco Sage & Onion Stuffing 336G,TESCO,2.65,7.89,kg,7.89,kg,5.8,per 100g,Fresh Food
251327978,Tesco Arrabbiata Sauce 350G,TESCO,2.2,6.29,kg,6.29,kg,1.4,per 100g,Fresh Food
262697292,Alpro Dark Chocolate Dairy Free Vegan Soya Dessert 4x125g,alpro,1.85,3.7,kg,3.7,kg,3.1,per 100g,Fresh Food
254945593,Tesco Soft Baking Spread 2Kg,TESCO,3.5,1.75,kg,1.75,kg,0.2,per 100g,Fresh Food
304786111,Quorn Mozzarella & Pesto Escalope 240G,QUORN,3.25,13.54,kg,13.54,kg,11.0,per 100g,Fresh Food
306662525,Tesco Diced Root Vegetables 720G,TESCO,1.55,2.15,kg,2.15,kg,0.6,per 100g,Fresh Food
273718534,Tesco Sliced Greens 300G,TESCO,1.9,6.33,kg,6.33,kg,3.0,per 100g,Fresh Food
307759312,Tesco Long Life Coconut Original 1L,TESCO,1.3,1.3,litre,1.3,litre,0.5,per 100g,Fresh Food
255721257,Philadelphia Light Soft Cheese Mini Tubs 4 x 35g,PHILADELPHIA,1.35,9.64,kg,9.64,kg,7.2,per 100g,Fresh Food
285528867,Simon Howie Black Pudding 240G (L),SIMON HOWIE,1.55,6.46,kg,6.46,kg,7.2,per 100g,Fresh Food
305528693,"innocent Kids Smoothies Peaches, Passion Fruits & Oranges 4 x 150ml",innocent,3.6,6.0,litre,6.0,litre,0.7,per 100g,Fresh Food
258458190,Coca-Cola Original Taste 500ml,Coca-Cola,1.89,3.78,litre,3.78,litre,0.0,per 100g,Fresh Food
304781047,Taste Original Chicken Satay Snack 40G,TASTE ORIGINAL,1.3,32.5,kg,32.5,kg,18.3,per 100g,Fresh Food
278082620,Tesco No Added Sugar Cranberry Raspberry Juice Drink 1 Litre,TESCO,1.6,1.6,litre,1.6,litre,,,Fresh Food
312341292,The Collective Suckies Raspberry Yogurt 90G,THE COLLECTIVE DAIRY,1.0,11.11,kg,11.11,kg,4.0,per 100g,Fresh Food
253559988,Tesco Chinese Leaf Each,TESCO,1.45,1.45,each,1.45,each,1.0,per 100g,Fresh Food
256565146,Tesco Pork Fillet,TESCO,8.0,8.0,kg,8.0,kg,22.1,per 100g,Fresh Food
310130222,Tesco 2 Skinless Smoked Basa Fillets 240G,TESCO,1.79,7.46,kg,7.46,kg,16.8,per 100g,Fresh Food
304408369,Tesco Beef Brisket In Gravy 380G,TESCO,5.6,14.74,kg DR.WT,14.74,kg dr.wt,29.1,per 100g,Fresh Food
268890208,Benecol Yogurt Drink - Blueberry 6x67.5g,BENECOL,4.5,11.11,kg,11.11,kg,2.8,per 100g,Fresh Food
312100065,Tesco Finest Sweet & Sour Chicken & Egg Fried Rice 400G,TESCO finest,4.5,11.25,kg,11.25,kg,5.5,per 100g,Fresh Food
306819791,The Tofoo Co. Extra Firm Organic Tofu Naked XL 450g,THE TOFOO CO,3.5,7.78,kg,7.78,kg,16.5,per 100g,Fresh Food
307759329,New Covent Garden Tomato & Basil Soup 560G,NEW COVENT GARDEN,2.45,4.38,kg,4.38,kg,1.6,per 100g,Fresh Food
301443833,Copella Apple Juice 1.35L,COPELLA,3.75,2.78,litre,2.78,litre,0.2,per 100g,Fresh Food
299803065,Tesco Lamb Shank In Mint Gravy 450G,TESCO,6.3,14.0,kg,14.0,kg,26.4,per 100g,Fresh Food
264115299,Bonne Maman Creme Caramel Dessert 4 x 100g,Bonne Maman,3.2,8.0,kg,8.0,kg,4.2,per 100g,Fresh Food
293742497,Tesco Finest Steak & Ale Pie 250G,TESCO finest,4.1,16.4,kg,16.4,kg,10.4,per 100g,Fresh Food
310672922,Tesco Thai Green Chicken Curry & Jasmine Rice 400G,TESCO,3.5,8.75,kg,8.75,kg,7.5,per 100g,Fresh Food
310132744,Tesco Cumberland Pie 400G,TESCO,3.5,8.75,kg,8.75,kg,4.8,per 100g,Fresh Food
292612152,Light & Free Strawberry Greek Style Fat Free Yoghurt 4x115g,DANONE,2.5,5.44,kg,5.44,kg,4.0,per 100g,Fresh Food
274233558,Jarlsberg Cheese 190G,ILCHESTER,2.65,13.95,kg,13.95,kg,28.0,per 100g,Fresh Food
310115402,"Tesco Liver, Bacon & Mash 400G",TESCO,3.5,8.75,kg,8.75,kg,7.6,per 100g,Fresh Food
262018816,Tesco Organic Courgettes 3 Pack,TESCO ORGANIC,2.45,0.82,each,0.82,each,,,Fresh Food
302219551,Cathedral City Lactose Free Mature Cheddar Cheese 200G,CATHEDRAL CITY,2.85,14.25,kg,14.25,kg,25.4,per 100g,Fresh Food
257904848,Herta Chicken Frankfurter Hot Dogs 10 Pack 350G,HERTA,2.75,0.79,100g,7.9,kg,15.4,per 100g,Fresh Food
285694277,Tesco Steak & Ale Puff Pastry Pie 500G,TESCO,4.4,8.8,kg,8.8,kg,10.0,per 100g,Fresh Food
310157951,Tesco Fish Pie 400G,TESCO,3.5,8.75,kg,8.75,kg,6.9,per 100g,Fresh Food
257842554,Auntys Sticky Toffee Steamed Puddings 2 X 95G,AUNTYS,1.5,7.9,kg,7.9,kg,3.7,per 100g,Fresh Food
260153979,Welch's Light Purple Grape Juice Drink 1 Litre,WELCH'S,1.65,1.65,litre,1.65,litre,0.0,per 100g,Fresh Food
258458339,Diet Coke 500Ml,Coca-Cola,1.79,3.58,litre,3.58,litre,0.0,per 100g,Fresh Food
299917300,Love Beets Smokey Shred Beetroot 180G,LOVE BEETS,1.5,8.33,kg,8.33,kg,1.4,per 100g,Fresh Food
265544549,Cadbury Dairy Milk Trifle 2 x 90g,Cadbury,2.0,11.11,kg,11.11,kg,4.3,per 100g,Fresh Food
289043126,Nestle Milkybar Mousse 4 X55g,MILKYBAR,2.0,9.09,kg,9.09,kg,4.9,per 100g,Fresh Food
312703607,The Collective Suckies Peach Apricot Yogurt 90G,THE COLLECTIVE DAIRY,1.0,11.11,kg,11.11,kg,3.9,per 100g,Fresh Food
268412616,Tesco Finest Blueberries 150G,TESCO finest,2.6,17.33,kg,17.33,kg,0.9,per 100g,Fresh Food
264716849,Ginsters Cheese & Onion Pasty 180G,GINSTERS,2.25,12.5,kg,12.5,kg,7.9,per 100g,Fresh Food
256638815,Tesco 2 Baked Potatoes With Cheddar 450G,TESCO,2.6,5.78,kg,5.78,kg,3.4,per 100g,Fresh Food
306940127,Tesco Cheddar With Caramelised Red Onion 180g,TESCO,3.15,17.5,kg,17.5,kg,19.4,per 100g,Fresh Food
275356601,Kinder Chocolate 4 Pack 50G,KINDER,0.85,17.0,kg,17.0,kg,8.7,per 100g,Fresh Food
291845420,Tesco 2 Cod Fishcakes 270G,TESCO,2.5,9.26,kg,9.26,kg,8.8,per 100g,Fresh Food
289708202,Tesco Battered Cod Fillet Bites 200G,TESCO,3.0,15.0,kg,15.0,kg,12.2,per 100g,Fresh Food
275461706,"Tesco Roast In The Bag Pork, Sage & Onion Stuffed Whole Chicken 1.5kg",TESCO,7.0,4.67,kg,4.67,kg,22.5,per 100g,Fresh Food
299054766,Tesco British Lamb Mince 10% Fat 250G,TESCO,6.0,24.0,kg,24.0,kg,19.4,per 100g,Fresh Food
314582688,The Real Seafood Co. Crayfish Tails Ready To Eat 100G,REAL SEAFOOD CO.,4.5,45.0,kg,45.0,kg,19.0,per 100g,Fresh Food
305734051,Beyond Burger Plant Based Patties 226G,BEYOND,4.5,19.91,kg,19.91,kg,16.0,per 100g,Fresh Food
307750009,New Covent Garden Soup Co Mushroom Soup 560G,NEW COVENT GARDEN,2.45,4.38,kg,4.38,kg,1.3,per 100g,Fresh Food
266386982,Tesco Sunflower Seeds 150G,TESCO,1.8,12.0,kg,12.0,kg,19.8,per 100g,Fresh Food
264641188,Tesco 30% Reduced Fat Grated Mature Cheese 250g,TESCO,2.55,10.2,kg,10.2,kg,27.3,per 100g,Fresh Food
305251564,"innocent Kids Smoothies Strawberries, Raspberries & Apples 10 x 150ml",innocent,5.1,3.4,litre,3.4,litre,0.5,per 100g,Fresh Food
251496638,Oatly Organic Oat Drink Long Life 1L,OATLY!,1.5,1.5,litre,1.5,litre,1.1,per 100g,Fresh Food
302972049,Tesco Watermelon Chunks 300G,TESCO,2.55,8.5,kg,8.5,kg,0.4,per 100g,Fresh Food
290369673,Yazoo Banana Milk Drink 400ml,YAZOO,1.6,4.0,litre,4.0,litre,3.0,per 100g,Fresh Food
275477037,Simon Howie Black Pudding 200G,SIMON HOWIE,1.75,8.75,kg,8.75,kg,7.2,per 100g,Fresh Food
276671214,FUEL10K Chocolate High Protein Milk Breakfast Drink 330ml,FUEL,1.6,4.85,litre,4.85,litre,4.6,per 100g,Fresh Food
282111218,The Laughing Cow Cheese Dip & Crunch Spread 140 G,The Laughing Cow,1.85,13.21,kg,13.21,kg,10.5,per 100g,Fresh Food
272012512,Alpro Almond Original Long Life Dairy Free Drink 1L,alpro,2.3,2.3,litre,2.3,litre,0.5,per 100g,Fresh Food
279817799,Tesco Flame Grilled Chicken Breast Mini Fillets 170g,TESCO,3.25,19.12,kg,19.12,kg,23.5,per 100g,Fresh Food
256520009,Tesco 2 Snack Melton Mowbray Pork Pies 150G,TESCO,2.0,13.33,kg,13.33,kg,10.5,per 100g,Fresh Food
305946232,Arctic Coffee Cafe Latte 1 Litre,ARCTIC COFFEE,1.8,1.8,litre,1.8,litre,2.9,per 100g,Fresh Food
314424151,Tropicana Pressed Apple Fruit Juice 1.5L,TROPICANA,4.5,3.0,litre,3.0,litre,0.2,per 100g,Fresh Food
313757081,Tropicana Original Orange Fruit Juice With Bits 1.5L,TROPICANA,4.5,3.0,litre,3.0,litre,0.8,per 100g,Fresh Food
313858318,Tropicana Smooth Orange Juice 1.5L,TROPICANA,4.5,3.0,litre,3.0,litre,0.8,per 100g,Fresh Food
313733345,Tropicana Tropical Fruit Juice 1.5L,TROPICANA,4.5,3.0,litre,3.0,litre,0.0,per 100g,Fresh Food
304399143,Muller Bliss Mascarpone Cherry Yogurts 4 x 110g,Müller,3.0,6.82,kg,6.82,kg,3.3,per 100g,Fresh Food
262043323,Munch Bunch Strawberry Lunchbox Kids Yoghurt Drink 6x90g,MUNCH BUNCH,1.65,3.06,kg,3.06,kg,2.7,per 100g,Fresh Food
261603095,Simon Howie Drycure Unsmoked Back Bacon 220G(L),SIMON HOWIE,3.0,13.64,kg,13.64,kg,19.4,per 100g,Fresh Food
296747441,Tesco Baking Spread 500G,TESCO,1.5,3.0,kg,3.0,kg,,per 100g,Fresh Food
266752278,Cauldron Foods Lincolnshire Sausages 6 Pack 276G,CAULDRON,3.1,11.23,kg,11.23,kg,19.0,per 100g,Fresh Food
311438266,Hula Hoops Big Hoops Crisps - Barbecue Beef 45g,HULA HOOPS,1.25,27.78,kg,27.78,kg,3.6,per 100g,Fresh Food
303666883,Actiph Alkaline Ionised Water 600Ml,GET MORE,1.6,2.67,litre,2.67,litre,0.0,per 100g,Fresh Food
258617858,Tesco Pomegranate Juice Drink 1L,TESCO,1.6,1.6,litre,1.6,litre,0.1,per 100g,Fresh Food
281056432,Tesco Organic Spring Onions 100G,TESCO ORGANIC,1.05,10.5,kg,10.5,kg,2.0,per 100g,Fresh Food
302295862,Cathedral City Lighter Mature Cheddar Cheese Minis 6 x 20g,CATHEDRAL CITY,1.4,11.67,kg,11.67,kg,29.1,per 100g,Fresh Food
295014884,Tesco Roast Chicken Slices 360g,TESCO,4.75,13.19,kg,13.19,kg,26.2,per 100g,Fresh Food
304372029,Tesco Spaghetti 300G,TESCO,1.5,5.0,kg,5.0,kg,4.6,per 100g,Fresh Food
308468286,Cricket St Thomas British Camembert Cheese 220g,CRICKET,2.75,12.5,kg,12.5,kg,19.0,per 100g,Fresh Food
252530666,Tesco Pure Exotic Juice 1 Litre,TESCO,1.6,1.6,litre,1.6,litre,0.4,per 100g,Fresh Food
250536058,Tesco Organic 2 Chicken Fillets,TESCO ORGANIC,23.0,23.0,kg,23.0,kg,24.5,per 100g,Fresh Food
276054144,Tesco Finest British Cornfed Free Range Whole Chicken 1Kg-2.3Kg,TESCO finest,7.5,7.5,kg,7.5,kg,22.0,per 100g,Fresh Food
285400845,Tesco Finest Pork Loin Steaks 400G,TESCO finest,5.5,13.75,kg,13.75,kg,21.3,per 100g,Fresh Food
277615281,Tesco German Salami Selection 120G,TESCO,3.0,25.0,kg,25.0,kg,,,Fresh Food
299770223,Tesco Finest Wensleydale Cheese Cranberries & Blueberry 200G,TESCO finest,3.4,17.0,kg,17.0,kg,17.8,per 100g,Fresh Food
277465578,Tesco Roquefort Cheese 100 G,TESCO,2.8,28.0,kg,28.0,kg,19.8,per 100g,Fresh Food
305965589,Biotiful Gut Health Kefir Milk Drink Original 1 Litre,Biotiful,3.5,3.5,litre,3.5,litre,3.5,per 100g,Fresh Food
308854318,Dairylea Dunkers Ritz Cheese Snacks 6 pack 6x43G,dairylea,3.3,12.79,kg,12.79,kg,9.9,per 100g,Fresh Food
310118785,Tesco Chicken & Bacon Pasta Bake 750G,TESCO,4.3,5.73,kg,5.73,kg,9.2,per 100g,Fresh Food
299054484,Tesco Finest Unsmoked 6 Dry Cure Thick Cut Bacon 240G,TESCO finest,3.8,15.83,kg,15.83,kg,20.0,per 100g,Fresh Food
311795585,Philadelphia Garlic & Herbs Soft Cream Cheese 280G,PHILADELPHIA,3.25,11.61,kg,11.61,kg,6.9,per 100g,Fresh Food
275152254,Gressingham Aromatic Half Duck 570G,Gressingham,9.45,16.58,kg,16.58,kg,16.0,per 100g,Fresh Food
293836945,Alpro Cherry Dairy Free Soya Yoghurt Alternative 500g,alpro,2.5,5.0,kg,5.0,kg,3.6,per 100g,Fresh Food
266659562,Applewood Slices 160G,DISCOVER,2.85,17.81,kg,17.81,kg,24.9,per 100g,Fresh Food
266659527,Mexicana Hot Cheddar Cheese Slices 160 G,DISCOVER,2.95,18.44,kg,18.44,kg,23.5,per 100g,Fresh Food
253141802,Rustlers Hot Dog 146G,RUSTLERS,1.85,12.67,kg,12.67,kg,9.2,per 100g,Fresh Food
304404432,Tesco Finest Vintage Cheddar 200G,TESCO finest,3.75,18.75,kg,18.75,kg,23.6,per 100g,Fresh Food
256991482,Tesco Organic Blueberries 150G,TESCO ORGANIC,2.9,19.33,kg,19.33,kg,0.9,per 100g,Fresh Food
303631291,Tesco Greek Style Yogurt - Coconut 450g,TESCO,1.7,3.78,kg,3.78,kg,3.2,per 100g,Fresh Food
299847820,Tesco 2 Lemon & Pepper Sea Bass Fillets 200G,TESCO,5.95,29.75,kg,29.75,kg,23.4,per 100g,Fresh Food
309757887,Tesco Seasoned Roast Potatoes 800G,TESCO,2.65,3.31,kg,3.31,kg,2.3,per 100g,Fresh Food
311785228,Tesco Finest Jersey Whole Milk 1L,TESCO finest,1.85,1.85,litre,1.85,litre,3.6,per 100g,Fresh Food
306801166,"Tesco Apple, Lemon & Ginger Juice 1L",TESCO,2.0,2.0,litre,2.0,litre,0.3,per 100g,Fresh Food
285334128,Tesco Chicken & Gravy Shortcrust Pie 200G,TESCO,2.1,10.5,kg,10.5,kg,7.8,per 100g,Fresh Food
306501037,Graham's Organic Whole Milk 1L,GRAHAMS,1.9,1.9,litre,1.9,litre,3.5,per 100g,Fresh Food
251892716,Polo Original Mint Tube 34g,POLO,1.0,29.41,kg,29.41,kg,,per 100g,Fresh Food
262478806,Tesco British Double Cream 150Ml,TESCO,1.2,8.0,litre,8.0,litre,1.5,per 100g,Fresh Food
308839556,Philadelphia Light Low Fat Soft Cream Cheese Snacks 3 Pack 126G,PHILADELPHIA,1.4,11.11,kg,11.11,kg,8.3,per 100g,Fresh Food
303579905,Tesco Mushroom Pate 100G,TESCO,1.5,15.0,kg,15.0,kg,3.0,per 100g,Fresh Food
288306532,Copella Apple Juice 900Ml,TROPICANA,2.75,3.06,litre,3.06,litre,0.2,per 100g,Fresh Food
261747006,Oatly Oat Drink - Chocolate 1L,OATLY!,1.5,1.5,litre,1.5,litre,1.3,per 100g,Fresh Food
304780273,Wall's Vegan Jumbo Roll 120G,WALL'S,1.3,10.83,kg,10.83,kg,8.2,per 100g,Fresh Food
258016074,Tesco British Sliced Pork Liver,TESCO,3.4,3.4,kg,3.4,kg,26.8,per 100g,Fresh Food
285507466,Tesco British Rosemary Medium Pot Each,TESCO,1.5,1.5,each,1.5,each,3.3,per 100g,Fresh Food
254426418,Tesco Pink Grapefruit Juice 1 Litre,TESCO,1.6,1.6,litre,1.6,litre,0.0,per 100g,Fresh Food
272260505,Arla LactoFREE Slightly Salted Spreadable Blend of Butter and Rapeseed Oil 250g,LACTOFREE,2.15,8.6,kg,8.6,kg,,per 100g,Fresh Food
312353525,Tesco Flaked Almonds 250G,TESCO,4.35,17.4,kg,17.4,kg,21.1,per 100g,Fresh Food
273556609,Nomadic Yogurt & Oat Clusters - Double Choc 169g,RUMBLERS,1.65,9.76,kg,9.76,kg,5.1,per 100g,Fresh Food
310691450,Tesco Spinach & Ricotta Cannelloni 400G,TESCO,3.5,8.75,kg,8.75,kg,4.8,per 100g,Fresh Food
277734139,Président French Slightly Salted Spreadable 250g,PRESIDENT,3.6,14.4,kg,14.4,kg,1.1,per 100g,Fresh Food
311254788,Ramona's Original Heavenly Houmous 500g,Ramona's,3.55,7.1,kg,7.1,kg,6.4,per 100g,Fresh Food
312104222,Smarties Split Pot Vanilla Flavour Yogurt 4X107g,SMARTIES,2.85,6.66,kg,6.66,kg,3.9,per 100g,Fresh Food
267018676,Tesco Apple Lattice Pie 500G,TESCO,3.5,7.0,kg,7.0,kg,3.6,per 100g,Fresh Food
258091461,Tesco Italian Salami Selection Platter 120G,TESCO,3.0,25.0,kg,25.0,kg,24.5,per 100g,Fresh Food
310660887,Tesco Spaghetti & Meatballs 400G,TESCO,3.5,8.75,kg,8.75,kg,8.1,per 100g,Fresh Food
282997603,Rustlers Bbq Pork Rib Sandwich 157G,RUSTLERS,2.5,15.92,kg,15.92,kg,13.0,per 100g,Fresh Food
312716347,Yeo Valley Organic Natural Yogurt 4X110g,Yeo Valley,2.5,5.68,kg,5.68,kg,4.2,per 100g,Fresh Food
312350427,Tesco Finest Malaysian Inspired Coconut Noodle Laksa 600G,TESCO finest,3.1,5.17,kg,5.17,kg,0.9,per 100g,Fresh Food
287594559,Tesco Watermelon Wedges 550G,TESCO,3.1,5.64,kg,5.64,kg,0.4,per 100g,Fresh Food
311449005,Tesco Pineapple Chunks 300G,TESCO,2.55,8.5,kg,8.5,kg,0.5,per 100g,Fresh Food
259366628,Arla Lactofree Whole Long Life Milk Drink 1L,LACTOLITE,1.5,1.5,litre,1.5,litre,3.3,per 100g,Fresh Food
296233444,Tesco Italian Inspired Smoked Selection 120G,TESCO,3.0,25.0,kg,25.0,kg,24.5,per 100g,Fresh Food
304789056,Mattessons Reduced Fat Smoked Pork Sausage 160g,MATTESSONS,2.25,14.06,kg,14.06,kg,16.0,per 100g,Fresh Food
292612624,Light & Free Cherry Greek Style Fat Free Yoghurt 4x115g,DANONE,2.5,5.44,kg,5.44,kg,4.3,per 100g,Fresh Food
302285959,Vintage Red Fox Cheese 200G,Belton Farm,3.75,18.75,kg,18.75,kg,24.0,per 100g,Fresh Food
309478497,Actimel Kids Strawberry & Banana Lunchbox Yoghurt Drink Multipack 4x100g,Actimel,2.0,5.0,kg,5.0,kg,3.3,per 100g,Fresh Food
251614235,Yeo Valley Organic Half Fat Creme Fraiche 200G,Yeo Valley,1.6,8.0,kg,8.0,kg,3.6,per 100g,Fresh Food
252955739,Alpro Vanilla Dairy Free Vegan Soya Dessert 4x125g,alpro,1.85,3.7,kg,3.7,kg,3.1,per 100g,Fresh Food
309183275,The Real Yorkshire Pudding Co. Gluten Free Large Yorkshire Puddings 160g,REAL YRSHIRE PUD,2.3,14.38,kg,14.38,kg,9.4,per 100g,Fresh Food
252935942,Auntys Golden Syrup Steamed Puddings 2 X 95G,AUNTYS,1.5,7.9,kg,7.9,kg,3.6,per 100g,Fresh Food
252293214,Yeo Valley Raspberry Yogurt 450G,Yeo Valley,2.25,5.0,kg,5.0,kg,4.7,per 100g,Fresh Food
266728037,Cauldron Foods Tofu Pieces 160G,CAULDRON,3.0,18.75,kg,18.75,kg,14.0,per 100g,Fresh Food
256187378,Yeo Valley Honey Greek Style Yogurt 450G,Yeo Valley,2.25,5.0,kg,5.0,kg,3.8,per 100g,Fresh Food
296424875,Tesco Imperator Carrot 450G,TESCO,1.85,4.11,kg,4.11,kg,0.5,per 100g,Fresh Food
265161034,Happy Monkey Smoothies Orange & Mango 4 x 180ml,HAPPY MONKEY,2.3,3.19,litre,3.19,litre,,per 100g,Fresh Food
253582556,Tesco Cheese & Onion Sandwich,TESCO,1.5,1.5,each,1.5,each,10.7,per 100g,Fresh Food
311679527,Philadelphia Chives Soft Cream Cheese 165G,PHILADELPHIA,2.25,13.64,kg,13.64,kg,7.2,per 100g,Fresh Food
271935153,Nestle Ski Lemon Meringue Mousse 4 X60g,SKI,1.25,5.21,kg,5.21,kg,3.8,per 100g,Fresh Food
287972469,Arla Lactofree Grated Mature Cheddar Cheese 200g,LACTOFREE,2.0,10.0,kg,10.0,kg,25.0,per 100g,Fresh Food
299947263,Tesco Sticky Toffee Pudding 400G,TESCO,4.15,10.38,kg,10.38,kg,3.1,per 100g,Fresh Food
304390423,Tesco Maple Bbq Pork Loin Steaks 600G,TESCO,6.15,10.25,kg,10.25,kg,26.7,per 100g,Fresh Food
273196447,Tesco Cholesterol Reducing Blueberry Yogurt Drink 6 X100g,TESCO,3.0,5.0,kg,5.0,kg,2.4,per 100g,Fresh Food
311683850,Muller Rice Low Fat Dessert - Original & Strawberry 6 x 170g,Müller,4.0,3.92,kg,3.92,kg,,,Fresh Food
299774138,Finne Brogue 6 Naked Unsmoked Back Bacon 200G,FINNEBROGUE,3.75,18.75,kg,18.75,kg,29.4,per 100g,Fresh Food
306494659,Tesco Finest 4 Vintage Cheddar & Caramelised Onion Rolls 188G,TESCO finest,3.0,15.96,kg,15.96,kg,8.5,per 100g,Fresh Food
261965092,Tesco Organic Beef Steak Mince 15% Fat 500G,TESCO ORGANIC,8.5,17.0,kg,17.0,kg,19.7,per 100g,Fresh Food
305968649,This Isn't Bacon Plant-Based Rashers 120G,THIS ISN'T,3.5,29.17,kg,29.17,kg,20.1,per 100g,Fresh Food
301443856,Copella Apple And Elderflower Juice 1.35L,COPELLA,3.75,2.78,litre,2.78,litre,0.1,per 100g,Fresh Food
285363243,Free From Violife Cream Cheese Alternative 200G,DUMMY,2.75,13.75,kg,13.75,kg,,,Fresh Food
305966087,Tesco Finest 2 Scotch Eggs 260G,TESCO finest,3.0,11.54,kg,11.54,kg,14.0,per 100g,Fresh Food
297149440,Tesco Gouda & Chorizo Rollitos 88g,TESCO,3.0,34.09,kg,34.09,kg,22.3,per 100g,Fresh Food
264511626,Tesco Tuna & Cucumber Sandwich,TESCO,2.2,2.2,each,2.2,each,10.1,per 100g,Fresh Food
305520119,Oatly Light Oat Drink Chilled 1L,OATLY!,2.2,2.2,litre,2.2,litre,1.1,per 100g,Fresh Food
278049407,Cully & Sully Smoked Haddock & Salmon Chowder 400g,CULLY & SULLY,2.45,6.12,kg,6.12,kg,2.9,per 100g,Fresh Food
264336757,Pork Farms Original Pork Pies 4 Pack,PORK FARMS,2.0,0.5,each,0.5,each,9.4,per 100g,Fresh Food
256056991,Tesco Roasted Monkey Nuts 250G,TESCO,1.35,5.4,kg,5.4,kg,28.2,per 100g,Fresh Food
259727861,Jus-Rol Shortcrust Block 500G,JUS-ROL,1.55,3.1,kg,3.1,kg,5.7,per 100g,Fresh Food
305055877,Tesco Parmentier Potatoes 400G,TESCO,2.1,5.25,kg,5.25,kg,2.0,per 100g,Fresh Food
295747045,Tesco Pomegranate 250G,TESCO,2.8,11.2,kg,11.2,kg,1.3,per 100g,Fresh Food
267312994,Yeo Valley Organic Whole Milk Lemon Curd Yogurt 450G,Yeo Valley,2.25,5.0,kg,5.0,kg,4.1,per 100g,Fresh Food
305972822,Violife Epic Cheddar Cheese Alternative 200g,VIOLIFE,2.0,10.0,kg,10.0,kg,1.3,per 100g,Fresh Food
257630874,Ocean Spray Cranberry & Raspberry Juice Drink 1 Litre,OCEAN SPRAY,1.9,1.9,litre,1.9,litre,,per 100g,Fresh Food
310132519,Tesco Plant Chef 2 Meat Free Burgers 226G,TESCO Plant Chef,2.0,8.85,kg,8.85,kg,13.9,per 100g,Fresh Food
283111735,Tesco Cashew Nuts Snack Pack 60G,TESCO,1.0,16.67,kg,16.67,kg,19.3,per 100g,Fresh Food
299912189,Tesco Bubble & Squeak Mash 350G,TESCO,1.75,5.0,kg,5.0,kg,2.1,per 100g,Fresh Food
308449568,Tesco Potato Wedges 500G,TESCO,1.5,3.0,kg,3.0,kg,2.6,per 100g,Fresh Food
295445707,Tesco Free From Apricot & Banana Soya Yogurt 4X90g,TESCO free FROM,1.25,3.47,kg,3.47,kg,4.3,per 100g,Fresh Food
281054492,Tesco Large Spring Onions Bunched 130G,TESCO,1.0,7.69,kg,7.69,kg,2.0,per 100g,Fresh Food
256858664,Tesco Organic Leeks 400G,TESCO ORGANIC,1.95,4.88,kg,4.88,kg,1.5,per 100g,Fresh Food
306650136,Don Simon Pineapple & Coconut Juice Drink 1.5Ltr,DON SIMON,0.9,0.6,litre,0.6,litre,0.1,per 100g,Fresh Food
273429703,Tesco Brunswick Ham Slices 130G.,TESCO,1.29,9.92,kg,9.92,kg,20.0,per 100g,Fresh Food
304406643,Califia Farms Oat Barista Long Life Dairy Free Drink 1L,CALIFIA FARMS,2.1,2.1,litre,2.1,litre,0.8,per 100g,Fresh Food
273601015,Najma Halal  Sliced Turkey Breast 150G,SIBEL,2.95,19.67,kg,19.67,kg,20.5,per 100g,Fresh Food
274419114,Rustlers Double Decker Cheese Burger 237G,RUSTLERS,3.0,12.66,kg,12.66,kg,14.1,per 100g,Fresh Food
276902311,Tesco Cheddar With Chillies 200 G,TESCO,2.85,14.25,kg,14.25,kg,21.5,per 100g,Fresh Food
306504230,UFIT High Protein Milkshake Drink - Strawberry 330ml,U FIT,1.8,5.46,litre,5.46,litre,7.6,per 100g,Fresh Food
287960604,Arla Skyr Icelandic Style Yogurt - Strawberry 450g,Arla,2.5,0.56,100g,5.6000000000000005,kg,8.8,per 100g,Fresh Food
307736495,New Covent Garden Lentil & Smoked Bacon Soup 560G,NEW COVENT GARDEN,2.45,4.38,kg,4.38,kg,4.3,per 100g,Fresh Food
310699735,Tesco Macaroni Cheese 750G,TESCO,4.3,5.73,kg,5.73,kg,7.7,per 100g,Fresh Food
309202473,Pizza Express Ready Rolled Pizza Dough 400G,PIZZA EXPRESS,2.4,6.0,kg,6.0,kg,8.5,per 100g,Fresh Food
284254950,Alpro Strawberry Dairy Free Soya Yoghurt Alternative 500g,alpro,2.5,5.0,kg,5.0,kg,3.6,per 100g,Fresh Food
306947517,Pukka Vegan Minced Beef & Onion Pie,PUKKA PIES,2.25,10.71,kg,10.71,kg,6.1,per 100g,Fresh Food
287632423,Tesco Chicken & Bacon Caesar Salad 265G,TESCO,3.0,11.32,kg,11.32,kg,9.2,per 100g,Fresh Food
302971880,Tesco Melon Medley 300G,TESCO,2.55,8.5,kg,8.5,kg,0.5,per 100g,Fresh Food
292612941,Light & Free Peach Greek Style Fat Free Yoghurt 4x115g,DANONE,2.5,5.44,kg,5.44,kg,4.3,per 100g,Fresh Food
258056187,Tesco Prunes 250G,TESCO,2.1,8.4,kg,8.4,kg,2.1,per 100g,Fresh Food
309474478,Yamas Authentic Greek Feta Pdo 150G,YAMAS,2.0,13.33,kg,13.33,kg,16.0,per 100g,Fresh Food
311797243,Tropicana Pressed Apple Juice 900Ml,TROPICANA,3.15,3.5,litre,3.5,litre,0.2,per 100g,Fresh Food
252074422,Tesco Broccoli & Stilton Soup 600G,TESCO,1.85,3.08,kg,3.08,kg,2.1,per 100g,Fresh Food
291974710,Graham's Gold Jersey Milk 1 Litre,graham's THE family DAIRY,1.95,1.95,litre,1.95,litre,3.7,per 100g,Fresh Food
252834693,Tesco Organic Curly Kale 200G,TESCO ORGANIC,1.85,9.25,kg,9.25,kg,3.4,per 100g,Fresh Food
285355869,Tesco Steak Puff Pastry Pie 500G,TESCO,4.4,8.8,kg,8.8,kg,10.4,per 100g,Fresh Food
304417273,Muller Bliss Mascarpone Peach & Apricot Yogurts 4 x 110g,Müller,3.0,6.82,kg,6.82,kg,3.3,per 100g,Fresh Food
276745807,Alpro Soya Chocolate Longlife Drink Alternative 1 Litre,alpro,1.8,1.8,litre,1.8,litre,3.1,per 100g,Fresh Food
256220670,Tesco Coriander Medium Pot,TESCO,1.5,1.5,each,1.5,each,2.1,per 100g,Fresh Food
302308722,Old Amsterdam Mature Gouda Cheese 150g,OLD AMSTERDAM,3.5,23.33,kg,23.33,kg,,,Fresh Food
272260494,Arla LactoFREE  Soft Cheese 200g,LACTOFREE,1.65,8.25,kg,8.25,kg,7.8,per 100g,Fresh Food
259160159,Alpro Soya Chilled Dairy Free Alternative to Cream 250ml,alpro,1.15,4.6,litre,4.6,litre,2.0,per 100g,Fresh Food
298766887,Paw Patrol Slices 100G,PAW PATROL,1.1,11.0,kg,11.0,kg,11.3,per 100g,Fresh Food
258126721,Delamere Dairy Sterilised Longlife Whole Milk 1 Litre,PURE MILK,1.2,1.2,litre,1.2,litre,3.3,per 100g,Fresh Food
256731301,Tesco Lemongrass Minimum 2 Stems,TESCO,0.6,0.3,each,0.3,each,1.8,per 100g,Fresh Food
299848829,Tesco Reduced Fat Salami Slices 12 Pack 100g,TESCO,1.1,11.0,kg,11.0,kg,27.1,per 100g,Fresh Food
299818290,"Tesco Calorie Controlled Cod Mornay, Mash & Peas 380g",TESCO CALORIE CONTROLLED,3.5,9.21,kg,9.21,kg,7.6,per 100g,Fresh Food
306664546,Tesco 2 Lamb Rump Steaks 300G,TESCO,5.85,19.5,kg,19.5,kg,19.0,per 100g,Fresh Food
268552569,Tesco Finest Spinach Pinenut Pasta 215G,TESCO finest,3.75,17.44,kg,17.44,kg,7.2,per 100g,Fresh Food
309772684,Tesco Finest King Prawn Linguine 400G,TESCO finest,4.5,11.25,kg,11.25,kg,5.8,per 100g,Fresh Food
273556431,Nomadic Low Fat Yogurt & Oat Clusters - Strawberry 169g,RUMBLERS,1.65,9.76,kg,9.76,kg,4.8,per 100g,Fresh Food
310665326,Tesco Vegetable Lasagne 400G,TESCO,3.5,8.75,kg,8.75,kg,3.5,per 100g,Fresh Food
266520697,Tesco Finest Smoked Pancetta Slices 110G,TESCO finest,3.1,28.18,kg,28.18,kg,18.0,per 100g,Fresh Food
310187877,Tesco Tuna Pasta Bake 400G,TESCO,3.5,8.75,kg,8.75,kg,8.0,per 100g,Fresh Food
273147114,Highland Game Venison Grill Steaks 300G,HIGHLAND RETAIL LIMITED,3.5,11.67,kg,11.67,kg,17.0,per 100g,Fresh Food
285694127,Tesco Chicken & Gravy Shortcrust Pastry Pie 500G,TESCO,4.4,8.8,kg,8.8,kg,8.3,per 100g,Fresh Food
291546440,Najma Halal Wafer Thin Turkey 125G,NAJMA,3.0,24.0,kg,24.0,kg,20.0,per 100g,Fresh Food
297657822,Tesco Raspberry Jam Sponge Puddings 2 Pack 220g,TESCO,2.8,12.73,kg,12.73,kg,3.1,per 100g,Fresh Food
311277755,Nestle Milkybar Dessert 2X65g,Nestle,2.0,15.38,kg,15.38,kg,4.4,per 100g,Fresh Food
294015458,Tesco Crumbed Ham Joint 500G,TESCO,7.5,15.0,kg,15.0,kg,21.6,per 100g,Fresh Food
310127031,Mowi 2 Scottish Salmon Fillets 230G,MOWI,5.95,25.87,kg,25.87,kg,25.1,per 100g,Fresh Food
310125655,Tesco Finest Comte Aop 180G,TESCO finest,3.75,20.83,kg,20.83,kg,27.0,per 100g,Fresh Food
258058058,Tesco Soft Figs 250G,TESCO,2.95,11.8,kg,11.8,kg,3.1,per 100g,Fresh Food
288986181,Cathedral City Mild Cheddar Cheese 550G,CATHEDRAL CITY,5.3,9.64,kg,9.64,kg,25.4,per 100g,Fresh Food
293789460,Tesco Finest Salted Caramel Mousse 100G,TESCO finest,1.15,11.5,kg,11.5,kg,3.4,per 100g,Fresh Food
303823219,Chop Ginger Puree 75G,CHOP,1.65,22.0,kg,22.0,kg,,per 100g,Fresh Food
287295032,Tropicana Tropical Juice 850Ml,TROPICANA,3.25,3.82,litre,3.82,litre,0.0,per 100g,Fresh Food
299818210,Tesco Calorie Controlled Chicken In Mushroom Sauce 370G,TESCO CALORIE CONTROLLED,3.5,9.46,kg,9.46,kg,8.4,per 100g,Fresh Food
254954991,Tesco Cheese & Tomato Pasta 300G,TESCO,1.8,6.0,kg,6.0,kg,6.2,per 100g,Fresh Food
252955630,Alpro Chocolate Dairy Free Vegan Soya Dessert 4x125g,alpro,1.85,3.7,kg,3.7,kg,3.1,per 100g,Fresh Food
310138219,Primula Cheese & Prawns Tube 140g,PRIMULA,1.85,13.21,kg,13.21,kg,13.6,per 100g,Fresh Food
268219251,Innocent Apple Juice 900Ml,innocent,3.2,3.56,litre,3.56,litre,0.2,per 100g,Fresh Food
266044886,Emmi Skinny Caffe Latte 230ml,emmi,2.0,8.7,litre,8.7,litre,2.9,per 100g,Fresh Food
262478586,Tesco British Single Cream 150Ml,TESCO,0.95,6.33,litre,6.33,litre,3.3,per 100g,Fresh Food
312586825,Tesco Finest Beef Dripping Roast Potatoes 800G,TESCO finest,3.6,4.5,kg,4.5,kg,2.3,per 100g,Fresh Food
257524758,Yazoo Chocolate Milkshake 1 Litre Bottle,YAZOO,2.1,2.1,litre,2.1,litre,3.2,per 100g,Fresh Food
256204223,Tesco Thyme Medium Pot,TESCO,1.5,1.5,each,1.5,each,3.0,per 100g,Fresh Food
311787946,Philadelphia Sweet Chilli Soft Cream Cheese 165G,PHILADELPHIA,2.25,13.64,kg,13.64,kg,6.6,per 100g,Fresh Food
273197423,"Cheestrings Twisted Cheese Snacks 4 Pk, 80 G",GOLDEN VALE,1.75,21.88,kg,21.88,kg,23.0,per 100g,Fresh Food
312705588,The Collective Suckies No Added Sugar Mango & Peach Kids Yoghurt Pouch 90g,THE COLLECTIVE DAIRY,1.0,11.11,kg,11.11,kg,4.0,per 100g,Fresh Food
288354192,Crisp N' Dry Solid Block 250G,CRISP'N'DRY,1.0,4.0,kg,4.0,kg,0.0,per 100g,Fresh Food
307135970,Kinder Milk Slice Milk And Honey 3 X 28G,KINDER,0.95,11.31,kg,11.31,kg,7.9,per 100g,Fresh Food
281068426,Tesco Organic Pepper 250G,TESCO ORGANIC,1.75,7.0,kg,7.0,kg,0.8,per 100g,Fresh Food
308844486,The Pizza Company Cookie Dough Dessert 150G,THE PIZZA COMPANY,3.25,21.67,kg,21.67,kg,5.2,per 100g,Fresh Food
300990939,Ms Molly's Jelly & Custard Dessert 3 Pack 375G,Ms Molly's,0.89,2.37,kg,2.37,kg,,,Fresh Food
310169977,Tesco Salmon Tails 260G,TESCO,4.25,16.35,kg,16.35,kg,25.3,per 100g,Fresh Food
293861718,Tesco Pork Loin Chops 2 Pack 450G,TESCO,4.8,10.67,kg,10.67,kg,20.6,per 100g,Fresh Food
305948269,"innocent Kids Super Smoothies Mangoes, Peaches, Apricots & Apples 4 x 150ml",innocent,4.1,6.83,litre,6.83,litre,0.57,per 100g,Fresh Food
297662314,Tesco Finest Pork Sausage Ragu With Pasta 400G,TESCO finest,4.5,11.25,kg,11.25,kg,8.8,per 100g,Fresh Food
254694710,Tesco Tuna & Sweetcorn Pasta 300G,TESCO,3.1,10.33,kg,10.33,kg,7.3,per 100g,Fresh Food
252965693,Galbani Dolcelatte Italian Mild Blue Cheese 150g,GALBANI,3.0,20.0,kg,20.0,kg,17.0,per 100g,Fresh Food
268111124,Pilgrims Choice Lighter Mature Cheddar Cheese 350G,PILGRIMS CHOICE,3.6,10.29,kg,10.29,kg,27.9,per 100g,Fresh Food
308104251,Petits Filous Raspberry Dairy Free Kids Yoghurt Pots 4x95g,PETITS FILOUS,2.95,7.76,kg,7.76,kg,1.7,per 100g,Fresh Food
289599764,Tesco Gammon Steak With Cheese & Pineapple 345G,TESCO,4.9,14.2,kg,14.2,kg,16.9,per 100g,Fresh Food
308094186,Wall's 10 Hearty Sausage Rolls 550G,WALL'S,3.0,5.46,kg,5.46,kg,8.5,per 100g,Fresh Food
300743036,The Tofoo Co. Smoked Organic Tofu 225G,THE TOFOO CO,2.85,12.67,kg,12.67,kg,16.9,per 100g,Fresh Food
310137998,Tesco Ham Hock In Mustard Sauce 400G,TESCO,3.5,8.75,kg,8.75,kg,8.5,per 100g,Fresh Food
299497679,Tesco Mixed Nuts & Pecans 25G,TESCO,0.7,28.0,kg,28.0,kg,20.1,per 100g,Fresh Food
268805110,Onken Natural Biopot Yogurt 1kg,ONKEN,2.55,2.55,kg,2.55,kg,4.5,per 100g,Fresh Food
272103255,Alpro Almond Original Chilled Dairy Free Drink 1L,alpro,2.2,2.2,litre,2.2,litre,0.5,per 100g,Fresh Food
311226914,Tesco Italian Pitted Nocellara Olives 140G,TESCO,3.0,21.43,kg,21.43,kg,0.9,per 100g,Fresh Food
312352388,Cathedral City Plant Based Mature Cheddar Cheese Flavour Vegan Slices 150g,CATHEDRAL CITY,2.0,13.33,kg,13.33,kg,0.2,per 100g,Fresh Food
256942268,Oasis Summer Fruits 500 M,Oasis,2.0,4.0,litre,4.0,litre,0.0,per 100g,Fresh Food
263277540,Tesco 10 Reduced Fat Mild Slices 200G,TESCO,1.45,7.25,kg,7.25,kg,15.8,per 100g,Fresh Food
305948408,Tesco Pineapple Paradise Fruit Smoothie 750Ml,TESCO,1.95,2.6,litre,2.6,litre,0.4,per 100g,Fresh Food
250342022,Tesco Organic Spinach 200G,TESCO ORGANIC,1.95,9.75,kg,9.75,kg,2.6,per 100g,Fresh Food
267309503,Arla Lactofree Semi Skimmed Long Life Milk Drink 5 x 20ml,LACTOFREE,0.95,9.5,litre,9.5,litre,3.4,per 100g,Fresh Food
256648058,Pomegreat Pomegranate Juice Drink 1 Litre,POMEGREAT,1.9,1.9,litre,1.9,litre,0.1,per 100g,Fresh Food
270927464,"innocent Strawberries, Bananas & Apples Smoothie 750ml",innocent,3.5,4.67,litre,4.67,litre,0.53,per 100g,Fresh Food
266597882,Ocean Spray Blueberry Juice Drink 1 Litre,OCEAN SPRAY,1.9,1.9,litre,1.9,litre,,per 100g,Fresh Food
276730237,Coca Cola Zero 4X330ml Can,Coca-Cola,3.25,2.46,litre,2.46,litre,0.0,per 100g,Fresh Food
288043116,Tesco Organic White Potatoes 1.5Kg,TESCO ORGANIC,1.8,1.2,kg,1.2,kg,1.8,per 100g,Fresh Food
311693106,Tesco Plant Chef Soya Alternative To Plain Yogurt 500G,TESCO Plant Chef,1.25,2.5,kg,2.5,kg,4.7,per 100g,Fresh Food
261718731,Tesco Growing Mint Medium Pot,TESCO,1.5,1.5,each,1.5,each,3.8,per 100g,Fresh Food
276105696,Tesco Pork Stir Fry 500G,TESCO,4.3,8.6,kg,8.6,kg,22.7,per 100g,Fresh Food
251631082,Tesco Peppered Smoked Mackerel Fillets,TESCO,25.0,25.0,kg,25.0,kg,20.2,per 100g,Fresh Food
310156128,Tesco Lamb Rogan Josh With Pilau Rice 400G,TESCO,3.5,8.75,kg,8.75,kg,5.6,per 100g,Fresh Food
256531486,Tesco Lamb Shoulder Half,TESCO,15.0,15.0,kg,15.0,kg,14.1,per 100g,Fresh Food
268880284,Tesco Finest Unsmoked Wiltshire Cured Crackling Gammon Joint,TESCO finest,12.0,12.0,kg,12.0,kg,18.7,per 100g,Fresh Food
291242200,Charlie Bigham's Chicken Tikka & Rice 805G,Charlie Bigham's,9.95,12.36,kg,12.36,kg,7.0,per 100g,Fresh Food
291360698,Tesco Organic Chicken Thigh Fillet 400G,TESCO ORGANIC,8.6,21.5,kg,21.5,kg,19.9,per 100g,Fresh Food
305433666,Tesco Finest 8 Unsmoked Bacon Medallions 200G,TESCO finest,4.4,22.0,kg,22.0,kg,22.3,per 100g,Fresh Food
281693238,Tesco Hot Smoked Salmon Fillets 180G,TESCO,5.95,33.06,kg,33.06,kg,24.1,per 100g,Fresh Food
260333496,Tesco British Whole Uht Milk 6 X 1 Litre,TESCO,6.15,1.02,litre,1.02,litre,3.5,per 100g,Fresh Food
306821384,Tesco Finest Cooked Canadian Coldwater Prawns 150g,TESCO finest,4.25,28.33,kg,28.33,kg,14.6,per 100g,Fresh Food
276683488,Innocent Apple & Mango Juice 1.35 Litre,innocent,4.4,3.26,litre,3.26,litre,0.4,per 100g,Fresh Food
263449907,Tesco Apple Juice 1.75 Litre,TESCO,3.25,1.86,litre,1.86,litre,0.3,per 100g,Fresh Food
305251351,"innocent Kids Orange, Mango & Pineapple Smoothies 10x150ml",innocent,5.1,3.4,litre,3.4,litre,0.7,per 100g,Fresh Food
266375344,Tesco Pistachios 200g,TESCO,2.85,14.25,kg,14.25,kg,24.9,per 100g,Fresh Food
288500630,Rude Health Organic Almond Longlife Dairy Free Drink 1L,RUDE HEALTH,2.3,2.3,litre,2.3,litre,,per 100g,Fresh Food
259208151,Tesco Bread & Butter Puddings 2 Pack 120g,TESCO,2.8,11.67,kg,11.67,kg,4.6,per 100g,Fresh Food
263663739,Cully And Sully Tomato & Basil Soup 400 G,CULLY & SULLY,2.45,6.12,kg,6.12,kg,1.0,per 100g,Fresh Food
293836997,Alpro Blueberry Dairy Free Soya Yoghurt Alternative 500g,alpro,2.5,5.0,kg,5.0,kg,3.7,per 100g,Fresh Food
264789203,Quorn Sausage Rolls 3 Pack 210g,QUORN,3.1,14.76,kg,14.76,kg,12.0,per 100g,Fresh Food
307134699,Tesco Finest Sliced Cavolo Nero 200G,TESCO finest,1.6,8.0,kg,8.0,kg,3.4,per 100g,Fresh Food
302972366,Tesco Tropical Tray 250G,TESCO,2.55,10.2,kg,10.2,kg,0.6,per 100g,Fresh Food
304797910,Ginsters Vegan Quorn Pasty 180G,GINSTERS,2.0,11.11,kg,11.11,kg,6.4,per 100g,Fresh Food
256212432,Tesco Curled Parsley Medium Pot,TESCO,1.5,1.5,each,1.5,each,3.3,per 100g,Fresh Food
261290326,Simon Howie Original Haggis 454G,LOCAL S/HOWIE,2.75,6.06,kg,6.06,kg,10.8,per 100g,Fresh Food
258836704,Yazoo Strawberry Milkshake 1 Litre Bottle,YAZOO,2.1,2.1,litre,2.1,litre,3.0,per 100g,Fresh Food
279684822,Tesco Edamame Beans 150G,TESCO,1.6,10.67,kg,10.67,kg,14.4,per 100g,Fresh Food
292226511,Rosedene Farms Strawberries 227G,ROSEDENE FARMS,1.79,7.88,kg,7.88,kg,0.6,per 100g,Fresh Food
279322733,Mash Direct Potato Cheese Onion Croquettes 300G,MASH DIRECT,2.4,8.0,kg,8.0,kg,4.3,per 100g,Fresh Food
264013990,Tesco Baby Aubergines 350G,TESCO,2.35,6.71,kg,6.71,kg,0.9,per 100g,Fresh Food
272167259,Cadbury Starbar Chocolate Bar 49g,Cadbury,0.95,19.39,kg,19.39,kg,10.0,per 100g,Fresh Food
309454934,Tesco Tempura Prawns 200G,TESCO,3.5,17.5,kg,17.5,kg,11.8,per 100g,Fresh Food
289765781,Tesco Roasting Herbs 30g,TESCO,0.8,26.67,kg,26.67,kg,4.3,per 100g,Fresh Food
304413790,Tesco Tarragon 20G,TESCO,0.5,25.0,kg,25.0,kg,3.4,per 100g,Fresh Food
287661181,Tesco Lemon Mousse 6 X60g,TESCO,0.85,2.36,kg,2.36,kg,2.8,per 100g,Fresh Food
251884298,Tesco Large Pork Leg Joint,TESCO,7.0,7.0,kg,7.0,kg,18.9,per 100g,Fresh Food
305526666,Tesco Finest 8 Smoked Bacon Medallions 200G,TESCO finest,4.4,22.0,kg,22.0,kg,22.4,per 100g,Fresh Food
273636475,Tesco Finest Mortadella 140G,TESCO finest,3.1,22.14,kg,22.14,kg,16.2,per 100g,Fresh Food
305948529,Tesco Organic Mature Cheddar 400G,TESCO,5.3,13.25,kg,13.25,kg,25.4,per 100g,Fresh Food
311262317,Minor Figures Organic Barista Oat Drink 1L,MINOR FIGURES,2.15,2.15,litre,2.15,litre,0.2,per 100g,Fresh Food
282319267,Tesco British Hard Goats Cheese 200G,TESCO,4.0,20.0,kg,20.0,kg,24.8,per 100g,Fresh Food
276760184,Alpro Soya Vanilla Original Long Life Dairy Free Drink 1L,alpro,1.8,1.8,litre,1.8,litre,3.0,per 100g,Fresh Food
266828570,Pom Wonderful 100% Pomegranate Juice 710Ml,POM,4.75,6.69,litre,6.69,litre,0.3,per 100g,Fresh Food
308870949,Tesco Cranberries 100G,TESCO,2.0,20.0,kg,20.0,kg,0.3,per 100g,Fresh Food
271529162,Tesco Breaded Chunky Haddock Fillets 350g,TESCO,5.25,15.0,kg,15.0,kg,14.3,per 100g,Fresh Food
265949520,Tesco Caramel Panna Cotta Dessert 2 X120g,TESCO,2.3,9.58,kg,9.58,kg,3.1,per 100g,Fresh Food
260079497,Big Tom Tomato Juice 750Ml,BIG TOM,3.25,4.33,litre,4.33,litre,0.6,per 100g,Fresh Food
294070408,Tesco Raw King Prawns 165G,TESCO,3.5,21.21,kg,21.21,kg,14.3,per 100g,Fresh Food
279426357,Tesco Organic Green Beans 225G,TESCO ORGANIC,2.3,10.22,kg,10.22,kg,2.1,per 100g,Fresh Food
303823191,Chop Garlic Puree 75G,CHOP,1.65,22.0,kg,22.0,kg,5.4,per 100g,Fresh Food
293860450,Onken Set Natural Yogurt 1kg,ONKEN,2.55,2.55,kg,2.55,kg,3.3,per 100g,Fresh Food
250281502,Tesco Organic Medjool Dates 200G,TESCO ORGANIC,2.5,12.5,kg,12.5,kg,2.0,per 100g,Fresh Food
251496258,Pepsi Max No Sugar Cola Bottle 500ml,PEPSI,1.79,3.58,litre,3.58,litre,0.0,per 100g,Fresh Food
294083301,Alpro Oat Original Chilled Dairy Free Drink 1L,alpro,2.1,2.1,litre,2.1,litre,0.4,per 100g,Fresh Food
277053207,Tesco Melon Slices 450G,TESCO,2.55,5.67,kg,5.67,kg,0.4,per 100g,Fresh Food
302677255,Tesco Milled Flax Seed Mix 175G,TESCO,1.95,11.14,kg,11.14,kg,21.0,per 100g,Fresh Food
303807239,Tesco Kids Cheese & Tomato 2 Pizzas 232G,TESCO KIDS,3.1,13.36,kg,13.36,kg,11.2,per 100g,Fresh Food
307741868,Alpro Barista Coconut Long Life Dairy Free Drink 1L,alpro,2.25,2.25,litre,2.25,litre,1.5,per 100g,Fresh Food
306493016,Arctic Coffee Caramel Latte 1L,CREDITON DAIRY,1.8,1.8,litre,1.8,litre,2.8,per 100g,Fresh Food
257328680,Tesco Egg & Cress Sandwich,TESCO,1.5,1.5,each,1.5,each,9.2,per 100g,Fresh Food
270928025,Innocent Smoothie - Mangoes Passion Fruits & Apples 750ml,innocent,3.5,4.67,litre,4.67,litre,0.0,per 100g,Fresh Food
288043433,Tesco Organic Baby Potatoes 750G,TESCO ORGANIC,1.45,1.93,kg,1.93,kg,1.8,per 100g,Fresh Food
309161756,Tesco Cheddar with Pickled Onion & Chive 180g,TESCO,3.15,17.5,kg,17.5,kg,20.8,per 100g,Fresh Food
299045691,Tesco Mango Chunks 120G,TESCO,1.5,12.5,kg,12.5,kg,0.7,per 100g,Fresh Food
312706322,The Collective No Added Sugar Suckies Strawberry & Banana Yoghurt 90g,THE COLLECTIVE DAIRY,1.0,11.11,kg,11.11,kg,4.1,per 100g,Fresh Food
308095559,Walkers Ready Salted Grab Bag Crisps 45g,WALKERS,1.2,26.67,kg,26.67,kg,6.4,per 100g,Fresh Food
306805536,Tesco White Wine Scottish Mussels 500G,TESCO,2.65,5.3,kg,5.3,kg,6.8,per 100g,Fresh Food
303853009,Higgidy Spinach Feta Red Pepper Quiche 400G,Higgidy,4.6,11.5,kg,11.5,kg,7.6,per 100g,Fresh Food
293944759,Tesco Indian Saag Aloo 300G,TESCO,2.6,8.67,kg,8.67,kg,2.3,per 100g,Fresh Food
299982652,Tesco Finest Dine In Creamy Buttery Mash 450g,TESCO finest,3.3,7.33,kg,7.33,kg,2.1,per 100g,Fresh Food
300118092,Tesco Sweetened Soya Drink 1L,TESCO,1.3,1.3,litre,1.3,litre,3.5,per 100g,Fresh Food
264510919,Tesco Southern Fried Chicken Pasta 300G,TESCO,3.1,10.33,kg,10.33,kg,6.7,per 100g,Fresh Food
310165503,Peperami Chorizo 5X20g,PEPERAMI,3.0,30.0,kg,30.0,kg,25.0,per 100g,Fresh Food
260671636,Tesco Organic Greek Feta Cheese 200 G,TESCO ORGANIC,2.9,14.5,kg,14.5,kg,17.0,per 100g,Fresh Food
279468791,Tesco Finest 2 Wild Caught Sockeye Salmon Fillets 230G,TESCO finest,9.45,41.09,kg,41.09,kg,24.3,per 100g,Fresh Food
254279131,Tesco Prawn Mayonnaise Sandwich,TESCO,2.75,2.75,each,2.75,each,9.2,per 100g,Fresh Food
305056231,Tesco Mango 450G,TESCO,4.1,9.11,kg,9.11,kg,0.7,per 100g,Fresh Food
287438170,Tropicana Smooth Orange Juice 300ml,TROPICANA,2.25,7.5,litre,7.5,litre,0.8,per 100g,Fresh Food
299803088,Tesco 2X Lamb Shanks In Red Wine Gravy 780G,TESCO,8.7,11.15,kg,11.15,kg,23.8,per 100g,Fresh Food
301868365,Tesco Honey Roast Ham Joint 500G,TESCO,7.5,15.0,kg,15.0,kg,21.3,per 100g,Fresh Food
305965900,Oatly Greek Style Oatgurt 400G,OATLY!,2.6,6.5,kg,6.5,kg,3.3,per 100g,Fresh Food
310092827,Tesco King Prawn Tikka Masala & Pilau Rice 400G,TESCO,3.5,8.75,kg,8.75,kg,4.0,per 100g,Fresh Food
276775005,Tesco Cabbage And Leek,TESCO,1.8,6.0,kg,6.0,kg,2.3,per 100g,Fresh Food
271754096,Gressingham Duck Fat 250G,Gressingham,3.5,14.0,kg,14.0,kg,,per 100g,Fresh Food
300661887,Arctic Coffee Cafe Latte 330Ml,CREDITON DAIRY,1.0,3.03,litre,3.03,litre,3.0,per 100g,Fresh Food
309459261,Light & Free Sticky Toffee Greek Style Fat Free Yoghurt 4x115g,LIGHT & FREE,2.4,5.22,kg,5.22,kg,4.5,per 100g,Fresh Food
262174830,Tesco Dutch Gouda Cheese 265 G,TESCO,2.65,10.0,kg,10.0,kg,24.7,per 100g,Fresh Food
309175515,Califia Farms Oat Barista Chilled Dairy Free Drink 1L,CALIFIA FARMS,2.1,2.1,litre,2.1,litre,0.8,per 100g,Fresh Food
289828949,Bonne Maman Chocolate Mousse Dessert 2x70g,Bonne Maman,2.2,15.71,kg,15.71,kg,3.6,per 100g,Fresh Food
257574329,Tesco Flat Leaf Parsley Medium Pot,TESCO,1.5,1.5,each,1.5,each,3.0,per 100g,Fresh Food
302300961,Hawes Traditional Wensleydale 190G,HAWES TRAD,3.0,15.79,kg,15.79,kg,23.7,per 100g,Fresh Food
307733227,Oatly Whippable Creamy Oat 250Ml,OATLY!,1.35,5.4,litre,5.4,litre,,per 100g,Fresh Food
311428027,Discos Salt & Vinegar Grab Bag Crisps 50G,DISCOS,1.25,25.0,kg,25.0,kg,3.3,per 100g,Fresh Food
265445131,Pringles Sour Cream & Onion Snacks 40G,PRINGLES,1.25,31.25,kg,31.25,kg,6.3,per 100g,Fresh Food
293417088,Trebor Mighties Extra Strong Sugar Free Mints 12.5g,Cadbury,0.75,60.0,kg,60.0,kg,,per 100g,Fresh Food
307144291,Tesco Plant Chef 2 Meat-Free Sausage Rolls 120g,TESCO Plant Chef,1.25,10.42,kg,10.42,kg,11.3,per 100g,Fresh Food
308476276,Tesco Scotch Bonnet Chillies 50G,TESCO,0.79,15.8,kg,15.8,kg,1.8,per 100g,Fresh Food
303631037,Creamfields Mango Passion Fruit Low Fat Yogurt 450G,CREAMFIELDS,0.89,1.98,kg,1.98,kg,2.4,per 100g,Fresh Food
308099872,Tesco Carvery Beef Joint,TESCO,9.99,9.99,kg,9.99,kg,19.3,per 100g,Fresh Food
306805703,Tesco 2 Beef Ranch Steaks With Garlic & Chilli 250G,TESCO,6.95,27.8,kg,27.8,kg,30.0,per 100g,Fresh Food
291244329,Charlie Bigham's Fish Pie 340G,Charlie Bigham's,6.5,19.12,kg,19.12,kg,7.0,per 100g,Fresh Food
273968064,Yeo Valley Greek Style Natural Yogurt 950G,Yeo Valley,4.0,4.21,kg,4.21,kg,4.5,per 100g,Fresh Food
251922538,"Quorn Meat Free Peppered Steaks 2 Pack, 196G",QUORN,3.5,17.86,kg,17.86,kg,13.0,per 100g,Fresh Food
303869977,Galbani Italian Burrata Cheese 150g,GALBANI,3.5,23.33,kg DR.WT,23.33,kg dr.wt,8.0,per 100g,Fresh Food
297673042,Koko Dairy Free Unsweetened Alternative Drink 1 Litre,KOKO,1.85,1.85,litre,1.85,litre,1.2,per 100g,Fresh Food
266387520,Tesco Fruit And Nut Mix 200G,TESCO,2.85,14.25,kg,14.25,kg,11.4,per 100g,Fresh Food
310185076,Tesco Finest Stratford Blue Cheese 150G,TESCO finest,3.25,21.67,kg,21.67,kg,21.0,per 100g,Fresh Food
306499769,Najma Halal Mini Chicken Sausages - Smoked 400g,NAJMA,2.85,7.12,kg,7.12,kg,14.7,per 100g,Fresh Food
281760672,Tesco 30% Reduced Fat Prawn Cocktail 170G,TESCO,2.75,16.18,kg,16.18,kg,10.6,per 100g,Fresh Food
272407558,"Abra Ca Debora Sweet Pancakes 6 Pack, 375 G",Abra ca Debora,2.3,6.13,kg,6.13,kg,6.0,per 100g,Fresh Food
286999157,Annabel Karmel Beef Cottage Pie Ready Meal 200G,ANNABEL KARMEL,2.9,14.5,kg,14.5,kg,5.5,per 100g,Fresh Food
297662010,Tesco Ready To Bake Chocolate Chip Cookie Dough 300G,TESCO,2.45,8.17,kg,8.17,kg,4.7,per 100g,Fresh Food
250715394,Pie D'Angloys Soft Cheese 200 G,BEL,3.0,15.0,kg,15.0,kg,16.0,per 100g,Fresh Food
302971908,Tesco Melon & Grapes 300G,TESCO,2.55,8.5,kg,8.5,kg,0.6,per 100g,Fresh Food
306952551,Holy Moly Guacamole Original 150G,HOLY MOLY,2.35,15.67,kg,15.67,kg,1.6,per 100g,Fresh Food
311786193,Squeaky Bean Applewood Smoked Ham Style Slices 80G,SQUEAKY BEAN,2.5,31.25,kg,31.25,kg,24.0,per 100g,Fresh Food
260378143,St Helen's Farm Natural Goats Milk Yogurt 450G,ST HELENS,2.4,5.33,kg,5.33,kg,5.5,per 100g,Fresh Food
297186889,Jordan River Dates 800G,JORDAN RIVER,3.7,4.62,kg,4.62,kg,1.8,per 100g,Fresh Food
254357592,Yeo Valley 0% Fat Vanilla Yogurt 450G,Yeo Valley,2.25,5.0,kg,5.0,kg,5.8,per 100g,Fresh Food
297297274,Tesco Fresh Cream Bramley Apple Turnovers 2 Pack 160g,TESCO,1.7,10.62,kg,10.62,kg,3.9,per 100g,Fresh Food
267908975,Tesco Choi Sum 200G,TESCO,1.7,8.5,kg,8.5,kg,1.0,per 100g,Fresh Food
264865165,Smint Peppermint 35G,SMINT,1.5,42.86,kg,42.86,kg,0.0,per 100g,Fresh Food
271284352,Tesco Battered Haddock Goujons 200G,TESCO,2.75,13.75,kg,13.75,kg,12.0,per 100g,Fresh Food
288307410,Copella Apple & Elderflower Juice 900Ml,TROPICANA,2.75,3.06,litre,3.06,litre,0.1,per 100g,Fresh Food
310191051,Tesco Natural Yogurt 1Kg,TESCO,2.0,2.0,kg,2.0,kg,5.2,per 100g,Fresh Food
294793618,Tesco Free From Chocolate Sponge 115G,TESCO free FROM,1.3,11.3,kg,11.3,kg,2.9,per 100g,Fresh Food
299054668,Tesco Sweetcure Smoked Mackerel Strips 200G,TESCO,5.0,25.0,kg,25.0,kg,21.5,per 100g,Fresh Food
306649409,Tesco Green Olives With Herbs 60G,TESCO,1.3,21.67,kg,21.67,kg,1.2,per 100g,Fresh Food
264524598,Kellogg's Rice Krispies Squares Cereal Bar Totally Chocolate Single 36g,Kellogg's,0.95,26.39,kg,26.39,kg,4.4,per 100g,Fresh Food
304799856,Alpro High Protein Soya Original Long Life Dairy Free Drink 1L,alpro,2.5,2.5,litre,2.5,litre,5.0,per 100g,Fresh Food
310670285,Tesco Chicken Arrabbiata 400G,TESCO,3.5,8.75,kg,8.75,kg,7.9,per 100g,Fresh Food
305528318,"Innocent Super Smoothie Energise, Strawberry & Cherry 750ml",innocent,4.5,6.0,litre,6.0,litre,1.5,per 100g,Fresh Food
297630099,Red Fox Aged Red Leicester 200G,Belton Farm,3.0,15.0,kg,15.0,kg,24.4,per 100g,Fresh Food
285694087,Tesco Puff Pastry Chicken & Bacon Pie 500g,TESCO,4.4,8.8,kg,8.8,kg,8.8,per 100g,Fresh Food
298025440,Coca-Cola Original Taste 4x250ml,Coca-Cola,5.2,5.2,litre,5.2,litre,0.0,per 100g,Fresh Food
307734514,New Covent Garden Soup Co Carrot & Coriander Soup 560G,NEW COVENT GARDEN,2.45,4.38,kg,4.38,kg,0.8,per 100g,Fresh Food
254477674,Tesco Chicken Caesar Wrap,TESCO,3.0,3.0,each,3.0,each,10.9,per 100g,Fresh Food
278083043,Cawston Press Brilliant Beetroot Juice 1L,CAWSTON PRESS,3.35,3.35,litre,3.35,litre,1.0,per 100g,Fresh Food
299054461,Tesco Finest Smoked 6 Dry Cure Thick Cut Bacon 240g ,TESCO finest,3.8,15.83,kg,15.83,kg,21.2,per 100g,Fresh Food
311428157,Tesco Finest Satay Chicken With Jasmine Rice 400G,TESCO finest,4.5,11.25,kg,11.25,kg,9.1,per 100g,Fresh Food
314117365,Plenish Turmeric Defence Shot 60ml,Plenish,2.0,33.33,litre,33.33,litre,0.7,per 100g,Fresh Food
254982847,Herta Jumbo Frankfurters Hot Dogs 4 Pack 360g,HERTA,3.25,9.03,kg,9.03,kg,11.5,per 100g,Fresh Food
305205390,Plenish Organic Almond Milk Dairy Alternative Chilled 1L,Plenish,2.25,2.25,litre,2.25,litre,0.9,per 100g,Fresh Food
303543032,Vivera Veggie Greek Kebab 175G,VIVERA,2.65,15.14,kg,15.14,kg,14.0,per 100g,Fresh Food
303630770,Yeo Valley Kefir Yogurt Mango & Passion Fruit 350G,Yeo Valley,2.0,5.71,kg,5.71,kg,4.0,per 100g,Fresh Food
276671358,FUEL10K Strawberry High Protein Milk Breakfast Drink 330ml,FUEL,1.6,4.85,litre,4.85,litre,4.6,per 100g,Fresh Food
287294655,Tropicana Orange & Mango Juice 850Ml,TROPICANA,3.25,3.82,litre,3.82,litre,0.8,per 100g,Fresh Food
282623160,Royal Port Beef & Cheese Patty 140G,ROYAL,1.35,9.64,kg,9.64,kg,8.4,per 100g,Fresh Food
274983482,Tesco Melon & Pineapple Finger 300G,TESCO,2.55,8.5,kg,8.5,kg,0.4,per 100g,Fresh Food
306803285,Pukka Chicken Balti Pie,PUKKA PIES,2.25,2.25,each,2.25,each,8.3,per 100g,Fresh Food
284904542,Alpro Coconut Long Life Drink 1L,alpro,2.3,2.3,litre,2.3,litre,0.1,per 100g,Fresh Food
256867175,Dr Pepper Regular 500 M,Dr Pepper,2.0,4.0,litre,4.0,litre,0.0,per 100g,Fresh Food
260506661,Coca-Cola Zero Sugar 500ml,Coca-Cola,1.89,3.78,litre,3.78,litre,0.0,per 100g,Fresh Food
312712723,Tesco Deli Roast Turkey Breast 120G,TESCO,3.1,25.83,kg,25.83,kg,23.6,per 100g,Fresh Food
289685149,Naked Green Machine Super Smoothie 750ml,NAKED,4.0,5.33,litre,5.33,litre,0.3,per 100g,Fresh Food
285347378,Tesco Minced Steak & Onion Shortcrust Pie 200G,TESCO,2.1,10.5,kg,10.5,kg,8.5,per 100g,Fresh Food
294793630,Tesco Free From Syrup Sponge 115G,TESCO free FROM,1.3,11.3,kg,11.3,kg,2.8,per 100g,Fresh Food
303806914,The Pizza Co Chicken Pops 128G,THE PIZZA COMPANY,3.4,26.56,kg,26.56,kg,19.2,per 100g,Fresh Food
297673140,Tesco Sweet Potato Mash 400G,TESCO,1.75,4.38,kg,4.38,kg,1.1,per 100g,Fresh Food
302305587,Tesco Finest Dine In Ranch Steaks with Peppercorn Melt 303g,TESCO finest,7.5,24.75,kg,24.75,kg,25.9,per 100g,Fresh Food
254894531,Cadbury Crunchie Chocolate Bar Single 40g,Cadbury,0.95,23.75,kg,23.75,kg,3.1,per 100g,Fresh Food
271025014,Tesco Butter Basted Frozen Turkey Breast Joint 780G,TESCO,11.65,14.94,kg,14.94,kg,29.8,per 100g,Fresh Food
265216846,Tesco Aromatic Shredded Duck & Pancakes 230G,TESCO,4.15,18.04,kg,18.04,kg,13.6,per 100g,Fresh Food
312563757,Tesco Deglet Nour Dates 500g,TESCO,3.45,6.9,kg,6.9,kg,3.3,per 100g,Fresh Food
273600828,Najma Halal Sliced Chicken Breast 150G,BIG & FESTIVE,2.95,1.97,100g,19.7,kg,15.0,per 100g,Fresh Food
305982954,Yeo Valley Organic 0% Greek Recipe Yogurt 450g,Yeo Valley,3.4,7.56,kg,7.56,kg,10.0,per 100g,Fresh Food
310674387,Tesco Finest 2 Beer Battered Cod Fillets 380G,TESCO finest,6.4,16.84,kg,16.84,kg,13.6,per 100g,Fresh Food
288178014,Innocent Summer Fruits Juice 1.35L,innocent,4.4,3.26,litre,3.26,litre,0.4,per 100g,Fresh Food
302529973,Biotiful Gut Health Kefir Milk Drink Original 500ml,Biotiful,2.6,5.2,litre,5.2,litre,3.5,per 100g,Fresh Food
308492439,Yeo Valley Organic Kefir - Strawberry 4 x 100g,YEO VALLEY ORGANIC,2.6,6.5,kg,6.5,kg,4.2,per 100g,Fresh Food
308472021,Tesco Free From Quiche Lorraine 160G,TESCO free FROM,2.3,14.38,kg,14.38,kg,8.1,per 100g,Fresh Food
302290699,Tesco Finest Oyster Mushroom Cluster 150G,TESCO finest,2.15,14.33,kg,14.33,kg,1.0,per 100g,Fresh Food
300544554,Vivera Plant-Based Shawarma Kebab 175g,VIVERA,2.65,15.14,kg,15.14,kg,15.0,per 100g,Fresh Food
299769905,T Double Gloucester Chive And Onion Cheese Slices 150G,TESCO,2.1,14.0,kg,14.0,kg,21.9,per 100g,Fresh Food
308472089,Graham's Natural Cottage Cheese Full Fat 300G,graham's THE family DAIRY,1.65,5.5,kg,5.5,kg,12.0,per 100g,Fresh Food
312107052,The Coconut Collab Double Cream 220ml,COCONUT COLLABORATIVE,1.95,8.86,litre,8.86,litre,,per 100g,Fresh Food
278609932,Tesco Double Chocolate Sundae Dessert 200G,TESCO,1.9,9.5,kg,9.5,kg,5.4,per 100g,Fresh Food
309449394,Robinsons Ready to Drink Raspberry & Apple Juice Drink 500ml,Robinsons,1.75,3.5,litre,3.5,litre,,per 100g,Fresh Food
308115508,UFIT High Protein Milkshake - White Chocolate 330ml,U FIT,1.8,5.46,litre,5.46,litre,7.6,per 100g,Fresh Food
309756479,Yeo Valley Organic Little Yeos No Added Sugar Kids Yogurt 6x42g,YEO VALLEY ORGANIC,1.9,7.54,kg,7.54,kg,3.9,per 100g,Fresh Food
289880192,Tesco Lamb Chops 550G,TESCO,9.85,17.91,kg,17.91,kg,18.5,per 100g,Fresh Food
257574583,Tesco Organic Ripe & Ready Avocados Minimum 2 Pack,TESCO ORGANIC,2.6,1.3,each,1.3,each,1.9,per 100g,Fresh Food
293353820,Philadelphia Original Soft Cream Cheese Mini Tub 4 Pack 140G ,PHILADELPHIA,1.35,9.64,kg,9.64,kg,5.4,per 100g,Fresh Food
259153934,Walkers Baked Crisps - Sea Salt 37.5g,WALKERS,1.2,32.0,kg,32.0,kg,5.9,per 100g,Fresh Food
263450571,"Tesco 100% Pure Apple, Peach, Mango & Passion Fruit Juice 1L",TESCO,2.0,2.0,litre,2.0,litre,0.9,per 100g,Fresh Food
264685493,Cherrygood Cherry Juice Drink 1 Litre,CHERRYGOOD,1.8,1.8,litre,1.8,litre,0.1,per 100g,Fresh Food
265500659,Rustlers Southern Fried Chicken Sandwich 158 G,RUSTLERS,2.5,15.82,kg,15.82,kg,9.6,per 100g,Fresh Food
260027755,Tesco Blueberry Juice Drink 1 Litre,TESCO,1.6,1.6,litre,1.6,litre,0.1,per 100g,Fresh Food
305990282,Tesco Green Vegetable Medley 250G,TESCO,2.25,9.0,kg,9.0,kg,4.6,per 100g,Fresh Food
258104839,Delamere Dairy Sterilised Semi-Skimmed Milk 1 Litre,SLIMMER,1.2,1.2,litre,1.2,litre,3.3,per 100g,Fresh Food
306501400,Crouton Company Garlic & Herb Croutons 40G,CROUTON CO,0.55,13.75,kg,13.75,kg,2.4,per 100g,Fresh Food
306943101,Cadbury Twirl Orange Chocolate Bar 43g,Cadbury,0.95,22.09,kg,22.09,kg,,,Fresh Food
299443162,Tesco Cheese Crust 6 X Mini Pork Pies 300G,TESCO,2.25,7.5,kg,7.5,kg,11.6,per 100g,Fresh Food
303630999,Creamfields Strawberry Low Fat Yogurt 450G,CREAMFIELDS,0.89,1.98,kg,1.98,kg,2.5,per 100g,Fresh Food
255547786,Tesco Ripe Papaya Each,TESCO,2.0,2.0,each,2.0,each,0.7,per 100g,Fresh Food
281693371,Tesco Steamed Salmon Fillets 180G,TESCO,5.95,33.06,kg,33.06,kg,23.1,per 100g,Fresh Food
310152680,Tesco 4 Boneless Sea Bass Fillets 360G,TESCO,10.95,30.42,kg,30.42,kg,25.3,per 100g,Fresh Food
308465485,Tesco Organic British Beef Steak Mince 5% Fat 500G,TESCO ORGANIC,9.25,18.5,kg,18.5,kg,21.9,per 100g,Fresh Food
313626714,Castello Tickler Extra Mature Cheddar Cheese 300g,CASTELLO,3.55,11.83,kg,11.83,kg,25.0,per 100g,Fresh Food
307149464,Squeaky Bean Ready To Eat Deli Pastrami Sandwich Slice 90G,SQUEAKY BEAN,3.0,33.33,kg,33.33,kg,31.0,per 100g,Fresh Food
287732489,"Tesco Chicken, Tomato & Basil Pasta 300g",TESCO,3.1,10.33,kg,10.33,kg,5.5,per 100g,Fresh Food
263879352,Cawston Press Apple & Ginger Juice 1 Litre,CAWSTON PRESS,3.35,3.35,litre,3.35,litre,,per 100g,Fresh Food
297763857,Tesco Finest French Brie With Truffle 135G,TESCO finest,3.55,26.3,kg,26.3,kg,17.5,per 100g,Fresh Food
254279217,Tesco Smoked Ham And Cheddar Cheese Sandwich,TESCO,2.75,2.75,each,2.75,each,13.2,per 100g,Fresh Food
310662289,Tesco Thai Red Chicken Curry With Jasmine Rice 400G,TESCO,3.5,8.75,kg,8.75,kg,7.9,per 100g,Fresh Food
287872392,Tesco Pineapple 500G,TESCO,3.5,7.0,kg,7.0,kg,0.5,per 100g,Fresh Food
303853022,Higgidy Cheddar & Onion Veggie Rolls 160G,Higgidy,3.15,19.69,kg,19.69,kg,9.3,per 100g,Fresh Food
300496748,Tesco Calorie Controlled Spaghetti Bolognese 380G,TESCO CALORIE CONTROLLED,3.5,9.21,kg,9.21,kg,5.9,per 100g,Fresh Food
255420953,Tesco Ham And Cheddar Cheese Sub,TESCO,3.0,3.0,each,3.0,each,13.0,per 100g,Fresh Food
283910688,FUEL10K Vanilla High Protein Milk Breakfast Drink 330ml,FUEL,1.6,4.85,litre,4.85,litre,4.6,per 100g,Fresh Food
293624597,The Coconut Collab Chocolate Pots 4x45g,COCONUT COLLABORATIVE,2.95,1.64,100g,16.4,kg,2.0,per 100g,Fresh Food
250226517,Président Grated Emmental Cheese 200g,PRESIDENT,2.85,14.25,kg,14.25,kg,29.0,per 100g,Fresh Food
306810996,Tesco Smoked Mackerel Flakes 120G,TESCO,3.4,28.33,kg,28.33,kg,22.1,per 100g,Fresh Food
254273258,Herta Original Frankfurter Classics 4S 140G,HERTA,1.75,12.5,kg,12.5,kg,12.3,per 100g,Fresh Food
303668495,Muller Light Strawberry Yogurt 160G,Müller,0.9,5.62,kg,5.62,kg,5.6,per 100g,Fresh Food
306663547,Oatly Organic Oat Drink Chilled 1L,OATLY!,1.95,1.95,litre,1.95,litre,1.1,per 100g,Fresh Food
311941902,Muller Corner Banana Chocolate Flakes Yogurt 124g,Müller,0.95,7.66,kg,7.66,kg,5.0,per 100g,Fresh Food
272012817,Alpro Hazelnut Longlife Drink Alternative 1 Litre,alpro,2.3,2.3,litre,2.3,litre,0.4,per 100g,Fresh Food
305949511,Tesco Fire Pit Patatas Bravas 400G,FIRE PIT,2.5,6.25,kg,6.25,kg,2.7,per 100g,Fresh Food
262078306,Tesco Spicy Chicken Pasta 275G,TESCO,1.8,6.54,kg,6.54,kg,6.4,per 100g,Fresh Food
257804243,Auntys Spotted Dick Steamed Puddings 2 Pack 190G,AUNTYS,1.5,7.9,kg,7.9,kg,4.1,per 100g,Fresh Food
266460168,Pringles Original Crisps 40g,PRINGLES,1.25,31.25,kg,31.25,kg,6.1,per 100g,Fresh Food
289685190,Naked Blue Machine Super Smoothie 750ml,NAKED,4.0,5.33,litre,5.33,litre,0.2,per 100g,Fresh Food
262079459,Red Bull Energy Drink 355Ml,Red Bull,2.3,6.48,litre,6.48,litre,0.0,per 100g,Fresh Food
255601872,Fry's Turkish Delight Chocolate Bar 51G,FRY'S,0.95,18.63,kg,18.63,kg,1.2,per 100g,Fresh Food
294350141,Walkers Squares Salt & Vinegar Grab Bag Crisps 40g,WALKERS,1.2,30.0,kg,30.0,kg,2.6,per 100g,Fresh Food
282572461,Happy Monkey Milkshake Strawberry 3X200ml,HAPPY MONKEY,1.0,1.67,litre,1.67,litre,,,Fresh Food
302301597,Tesco Oak Smoked Jalapeno & Red Pepper Cheddar 180g,TESCO,3.15,17.5,kg,17.5,kg,22.3,per 100g,Fresh Food
287024636,Tesco Organic Ripe & Ready Pears 550G,TESCO ORGANIC,2.7,4.91,kg,4.91,kg,0.3,per 100g,Fresh Food
304411319,Tesco Slow Roasting Beef Joint,TESCO,18.0,18.0,kg,18.0,kg,24.0,per 100g,Fresh Food
291242061,Charlie Bigham's Lasagne 690G,Charlie Bigham's,9.95,14.42,kg,14.42,kg,8.5,per 100g,Fresh Food
291244404,Charlie Bigham's Lasagne 355G,Charlie Bigham's,6.5,18.31,kg,18.31,kg,7.3,per 100g,Fresh Food
290922180,Highland Game Venison Steaks 250G,HIGHLAND RETAIL LIMITED,7.6,30.4,kg,30.4,kg,22.9,per 100g,Fresh Food
311799293,The Vegetarian Butcher Impeckable Vegan Chicken Breast 180g,The Vegetarian Butcher,3.15,17.5,kg,17.5,kg,16.0,per 100g,Fresh Food
311432301,Tesco Finest Coffee & Amaretto Tiramisu Dessert 400g,TESCO finest,4.55,11.38,kg,11.38,kg,4.1,per 100g,Fresh Food
254668811,Ocean Spray Cranberry Classic Juice Drink 4 X 1 Litre,OCEAN SPRAY,6.0,1.5,litre,1.5,litre,,per 100g,Fresh Food
268397729,Gressingham Duck Legs 462G,Gressingham,4.8,10.39,kg,10.39,kg,16.0,per 100g,Fresh Food
310091768,Tesco Chicken & Chorizo Pasta 400G,TESCO,3.5,8.75,kg,8.75,kg,7.2,per 100g,Fresh Food
300876351,Heck Simply Chicken Chipolatas 340G,HECK,3.25,9.56,kg,9.56,kg,20.0,per 100g,Fresh Food
308453188,Tesco Chorizo Sausages For Cooking 200G,TESCO,2.7,13.5,kg,13.5,kg,17.1,per 100g,Fresh Food
309454243,Quorn Sweet Chilli Bites 180G,QUORN,2.6,14.44,kg,14.44,kg,12.0,per 100g,Fresh Food
306654086,Cathedral City Vintage Our Strongest Cheddar Cheese 350G,CATHEDRAL CITY,3.39,9.69,kg,9.69,kg,25.4,per 100g,Fresh Food
303543019,Vivera Veggie Mince 220G,VIVERA,2.65,12.04,kg,12.04,kg,20.0,per 100g,Fresh Food
303673199,Tesco Prawn Layered Salad 300G,TESCO,3.0,10.0,kg,10.0,kg,4.6,per 100g,Fresh Food
253780811,"Mini Babybel Light Cheese 6 Pack, 120 G",BABYBEL,2.45,20.42,kg,20.42,kg,25.0,per 100g,Fresh Food
299770148,Tesco Finest Vintage Coastal Bite Cheese 200G,TESCO finest,2.55,12.75,kg,12.75,kg,25.4,per 100g,Fresh Food
309188788,Tesco Finest Breakfast Pork Patties 4 Pack 320g,TESCO finest,3.7,11.56,kg,11.56,kg,16.8,per 100g,Fresh Food
310142732,Tesco Spicy Beef Chilli & Rice 400G,TESCO,3.5,8.75,kg,8.75,kg,5.6,per 100g,Fresh Food
282555050,Ginsters Chicken Tikka Slice 170G,GINSTERS,2.25,13.24,kg,13.24,kg,8.2,per 100g,Fresh Food
304388732,Clawson Creamy Barnstone Blue Cheese 170g,LONG CLAWSON,3.0,17.65,kg,17.65,kg,23.7,per 100g,Fresh Food
311938279,Muller Corner Strawberry Yogurt with White Chocolate Shortcake Balls 124g,Müller,0.95,7.66,kg,7.66,kg,4.9,per 100g,Fresh Food
256942988,Oasis Citrus Punch 500ml,Oasis,2.0,4.0,litre,4.0,litre,0.0,per 100g,Fresh Food
254261635,Tesco Lambs Hearts,TESCO,7.3,7.3,kg,7.3,kg,21.0,per 100g,Fresh Food
251328672,Yazoo Banana Milkshake 1 Litre Bottle,YAZOO,2.1,2.1,litre,2.1,litre,3.0,per 100g,Fresh Food
264556669,Monster Energy Drink 500ml,MONSTER,2.0,4.0,litre,4.0,litre,,per 100g,Fresh Food
303694434,Tesco Fajita Cooked Chicken Breast Mini Fillets 170G,TESCO,3.25,19.12,kg,19.12,kg,22.8,per 100g,Fresh Food
285363404,Tesco Steak & Onion Lattice Bar 500G,TESCO,4.4,8.8,kg,8.8,kg,12.1,per 100g,Fresh Food
308467863,Walkers Cheese & Onion Grab Bag Crisps 45g,WALKERS,1.2,26.67,kg,26.67,kg,6.6,per 100g,Fresh Food
264556446,Red Bull Energy Drink 473Ml,Red Bull,2.7,5.71,litre,5.71,litre,0.0,per 100g,Fresh Food
300708626,Mash Direct Beer Battered Chips 400G,Mash Direct,2.4,6.0,kg,6.0,kg,2.2,per 100g,Fresh Food
264013984,Tesco Rocket Chillies 250G,TESCO,1.75,7.0,kg,7.0,kg,2.6,per 100g,Fresh Food
293171580,Tesco Organic Pink Lady Apples Approx 4,TESCO ORGANIC,2.5,5.68,kg,5.68,kg,0.5,per 100g,Fresh Food
252944332,Maltesers Kingsize 58.5G,maltesers,1.1,18.8,kg,18.8,kg,8.3,per 100g,Fresh Food
309753989,Tesco Seasonal Apples Minimum 5 Pack,TESCO,2.0,0.4,each,0.4,each,0.6,per 100g,Fresh Food
291855931,Tesco Breaded Salmon Fishcakes 270G,TESCO,2.5,9.26,kg,9.26,kg,11.0,per 100g,Fresh Food
294136643,Tesco Italian Pecorino Cheese 170 G,TESCO,4.0,23.53,kg,23.53,kg,27.0,per 100g,Fresh Food
262801515,Tesco Bombay Potatoes 300g,TESCO,2.6,8.67,kg,8.67,kg,1.8,per 100g,Fresh Food
292716692,Porky Lights 6 Premium British Low Fat Pork Sausages 400G,G. WHITE & CO,3.7,9.25,kg,9.25,kg,16.0,per 100g,Fresh Food
268228401,Tesco Finest Halloumi Cheese 225 G,TESCO finest,3.65,16.22,kg,16.22,kg,22.0,per 100g,Fresh Food
310652451,Tesco Chicken Tikka Masala 400G,TESCO,3.85,9.62,kg,9.62,kg,12.3,per 100g,Fresh Food
297738721,Taste Inc Protein Real Flamegrilled Chicken Breast Fillets Original Multipack (5x35g),Taste Inc. Protein,3.0,17.14,kg,17.14,kg,24.0,per 100g,Fresh Food
308478078,Yeo Valley Organic Kefir - Mango & Passion Fruit 4 x 100g,YEO VALLEY ORGANIC,2.6,6.5,kg,6.5,kg,4.0,per 100g,Fresh Food
294173961,Tesco Finest Mature English Cheddar Cheese 350G,TESCO finest,4.0,11.43,kg,11.43,kg,25.4,per 100g,Fresh Food
294302010,Tesco Beechwood Smoked Cheese Slices 10 Pack 250g,TESCO,3.75,15.0,kg,15.0,kg,20.7,per 100g,Fresh Food
264265944,Tesco Tuna & Cucumber Sandwich,TESCO,2.2,2.2,each,2.2,each,10.1,per 100g,Fresh Food
309205239,Tarczynski Exclusive Pork Kabanos 105G,TARCZYNSKI,2.55,24.29,kg,24.29,kg,26.0,per 100g,Fresh Food
302685683,Tesco Snack Pack Mango 35G,TESCO,1.0,28.57,kg,28.57,kg,1.8,per 100g,Fresh Food
278191773,Capricorn Somerset Goats Cheese 85g,CAPRICORN,1.8,21.18,kg,21.18,kg,19.0,per 100g,Fresh Food
253978518,Emmi Caffe Latte Cappuccino Ready To Drink 230Ml,emmi,2.0,8.7,litre,8.7,litre,3.0,per 100g,Fresh Food
312088891,Tesco Chicken Tikka Masala Meal For One 500g,TESCO,4.7,9.4,kg,9.4,kg,5.3,per 100g,Fresh Food
292613675,Tesco Caesar Dressing 175Ml,TESCO,1.5,8.57,litre,8.57,litre,2.6,per 100g,Fresh Food
303917339,Alpro Coconut No Sugar Long Life Dairy Free Drink 1L,alpro,2.3,2.3,litre,2.3,litre,0.1,per 100g,Fresh Food
297132838,Pepsi Max Cherry No Sugar Cola Bottle 500ml,PEPSI,1.79,3.58,litre,3.58,litre,0.0,per 100g,Fresh Food
260422235,Tesco Sausage Bacon & & Egg Triple,TESCO,3.25,3.25,each,3.25,each,10.8,per 100g,Fresh Food
260255657,Tesco Just Ham Sandwich,TESCO,1.5,1.5,each,1.5,each,11.8,per 100g,Fresh Food
308103511,Tesco Sweet Chilli Salmon Fillets 230g,TESCO,5.5,23.91,kg,23.91,kg,21.3,per 100g,Fresh Food
296703038,Tesco The Chicken Club Sandwich,TESCO,3.25,3.25,each,3.25,each,12.0,per 100g,Fresh Food
311271859,Mccoy's Flame Grilled Steak Grab Bag 45G,McCOY'S,1.25,27.78,kg,27.78,kg,6.9,per 100g,Fresh Food
306820949,Tesco Garlic Scottish Mussels 500G,TESCO,2.65,5.3,kg,5.3,kg,7.3,per 100g,Fresh Food
305827828,Hearty Food Co. 4 Breaded Fish Fillets 600G,HEARTY FOOD CO.,2.99,4.98,kg,4.98,kg,,,Fresh Food
312208094,Tesco Deli Ox Tongue 100G,TESCO,3.75,37.5,kg,37.5,kg,18.1,per 100g,Fresh Food
308850419,Quorn Vegan Pepperoni Slices 100G,QUORN,2.6,26.0,kg,26.0,kg,11.0,per 100g,Fresh Food
251741199,Tesco Pure Orange Juice With Bits 1 Litre,TESCO,1.6,1.6,litre,1.6,litre,0.5,per 100g,Fresh Food
310693617,Tesco Cottage Pie 750G,TESCO,4.3,5.73,kg,5.73,kg,5.0,per 100g,Fresh Food
291241874,Charlie Bigham's Fish Pie 655G,Charlie Bigham's,9.95,15.19,kg,15.19,kg,7.1,per 100g,Fresh Food
304399212,Tesco Finest 2 Yellowfin Tuna Steaks 240g,TESCO finest,10.0,41.67,kg,41.67,kg,29.0,per 100g,Fresh Food
296492107,Higgidy Bacon & Cheddar Quiche 400G,Higgidy,4.6,11.5,kg,11.5,kg,9.2,per 100g,Fresh Food
312082321,Tesco Finest Chicken Pad Thai 380G,TESCO finest,4.5,11.84,kg,11.84,kg,6.6,per 100g,Fresh Food
268094074,Vita Coco Original Coconut Water 1 Litre,VITA COCO,4.0,4.0,litre,4.0,litre,0.0,per 100g,Fresh Food
302489656,Peperami & Cheese Snack Box 50G,PEPERAMI,1.55,31.0,kg,31.0,kg,25.4,per 100g,Fresh Food
305943419,Oatly Oatgurt - Strawberry 400g,OATLY!,2.6,6.5,kg,6.5,kg,1.4,per 100g,Fresh Food
264952868,Tesco Cheese Triple Sandwich,TESCO,3.25,3.25,each,3.25,each,10.3,per 100g,Fresh Food
308085151,Tesco Free From Cheese & Onion Quiche 160G,TESCO free FROM,2.3,14.38,kg,14.38,kg,8.0,per 100g,Fresh Food
309472739,Tesco Watermelon & Mango 230G,TESCO,2.55,11.09,kg,11.09,kg,0.5,per 100g,Fresh Food
292619260,Tesco French Style Dressing 175Ml,TESCO,1.5,8.57,litre,8.57,litre,0.5,per 100g,Fresh Food
312097868,Pizza Company Waffle Fries 300G,THE PIZZA COMPANY,3.4,11.33,kg,11.33,kg,3.4,per 100g,Fresh Food
304797893,Alpro 50g High Protein Soya Chocolate Flavour Long Life Dairy Free Drink 1L,alpro,2.5,2.5,litre,2.5,litre,5.0,per 100g,Fresh Food
282925010,Alpro Coconut Original Chilled Dairy Free Drink 1L,alpro,2.2,2.2,litre,2.2,litre,0.1,per 100g,Fresh Food
254735283,Tesco Rhubarb Pie,TESCO,1.9,1.9,each,1.9,each,2.9,per 100g,Fresh Food
305529640,Oatly Oat Drink - Chocolate Deluxe 1L,OATLY!,1.95,1.95,litre,1.95,litre,1.4,per 100g,Fresh Food
252061921,Fanta Orange 500 M,FANTA,2.0,4.0,litre,4.0,litre,0.0,per 100g,Fresh Food
301513359,Tesco Pink Lady Apple & Grape Pot 100G,TESCO,1.5,15.0,kg,15.0,kg,0.4,per 100g,Fresh Food
304783080,Alpro Barista Almond Long Life Dairy Free Drink 1L,alpro,2.25,2.25,litre,2.25,litre,0.5,per 100g,Fresh Food
287733373,Tesco Pickled Pink Slaw 140G,TESCO,1.35,9.64,kg,9.64,kg,0.6,per 100g,Fresh Food
311442721,Tesco Free From Soya Alternative to Greek Style Yogurt 400g,TESCO Plant Chef,1.5,3.75,kg,3.75,kg,5.8,per 100g,Fresh Food
278003312,Ferrero Rocher 3 Pack 37.5G,FERRERO,1.65,44.0,kg,44.0,kg,8.2,per 100g,Fresh Food
303673972,Onken Naked Strawberry Yogurt Pouch 110G,ONKEN,1.3,11.82,kg,11.82,kg,4.0,per 100g,Fresh Food
303675912,Tesco Egg Protein Pot 90G,TESCO,1.4,15.56,kg,15.56,kg,12.6,per 100g,Fresh Food
312230705,"Innocent Super Smoothie Revitalise Raspberry, Cranberry, Pomegranate & Apple with Vitamins 300ml",innocent,2.5,8.33,litre,8.33,litre,0.42,per 100g,Fresh Food
311441267,Hula Hoops Big Hoops Salted Grab Bag 45G,HULA HOOPS,1.25,27.78,kg,27.78,kg,3.2,per 100g,Fresh Food
311447192,"Tesco Melon, Kiwi & Strawberry 125g",TESCO,1.5,12.0,kg,12.0,kg,0.7,per 100g,Fresh Food
299971694,Tesco 2 Mini Melton Mowbray Pork Pies 100G,TESCO,1.3,13.0,kg,13.0,kg,10.3,per 100g,Fresh Food
294350106,Walkers Quavers Cheese Grab Bag Crisps 34g,WALKERS,1.2,35.29,kg,35.29,kg,0.8,per 100g,Fresh Food
297661822,Quorn Spinach And Red Pepper Slices 100G,QUORN,2.6,26.0,kg,26.0,kg,15.0,per 100g,Fresh Food
303615512,Tesco Finest Spinach Ricotta Girasoli 250G,TESCO finest,3.5,14.0,kg,14.0,kg,8.0,per 100g,Fresh Food
312087310,Tesco Finest Mushroom Pappardelle 400G,TESCO finest,4.5,11.25,kg,11.25,kg,5.6,per 100g,Fresh Food
305521078,"Innocent Super Smoothie Invigorate, Kiwi & Cucumber Juice with Vitamins 750ml",innocent,4.5,6.0,litre,6.0,litre,1.3,per 100g,Fresh Food
301511851,Finne Brogue Naked 6 Smoked Back Bacon 200G,FINNEBROGUE,3.75,18.75,kg,18.75,kg,28.0,per 100g,Fresh Food
293754713,Mars Chocolate Flavoured Milk Drink No Added Sugar 400Ml,Mars,1.6,4.0,litre,4.0,litre,3.2,per 100g,Fresh Food
306947984,Tesco Chicken Caesar Salad 185G,TESCO,3.0,16.22,kg,16.22,kg,11.6,per 100g,Fresh Food
311951737,This Isn't Chicken Plant Based Pieces 170G,THIS,3.5,20.59,kg,20.59,kg,22.0,per 100g,Fresh Food
298231627,Hearty Food Company Mac 'N' Cheese 400G,HEARTY FOOD CO.,2.2,5.5,kg,5.5,kg,7.0,per 100g,Fresh Food
309193983,Pizza Express Pizza Dough 400G,PIZZA EXPRESS,2.4,6.0,kg,6.0,kg,8.6,per 100g,Fresh Food
305829498,Tesco Pilau Rice 250G,TESCO,1.7,6.8,kg,6.8,kg,2.8,per 100g,Fresh Food
285421181,Yeo Valley Organic Fat Free Creme Fraiche 200G,Yeo Valley,1.6,8.0,kg,8.0,kg,7.6,per 100g,Fresh Food
309461999,Arctic Coffee Double Shot 330Ml,ARCTIC COFFEE,1.0,3.03,litre,3.03,litre,3.0,per 100g,Fresh Food
312088597,Tesco British Turkey Meatballs 12 Pack 336g,TESCO,3.3,9.82,kg,9.82,kg,26.0,per 100g,Fresh Food
254017373,Alpro Caramel Dairy Free Vegan Soya Dessert 4x125g,alpro,1.85,3.7,kg,3.7,kg,3.2,per 100g,Fresh Food
311668391,Muller Rice Strawberry Low Fat Dessert 170G,Müller,0.95,5.59,kg,5.59,kg,3.0,per 100g,Fresh Food
306944250,Tesco Lemon & Parsley Smoked Mackerel Strips 200G,TESCO,5.0,25.0,kg,25.0,kg,21.6,per 100g,Fresh Food
309175008,Rude Health Almond with Calcium Dairy Free Drink 1L,RUDE HEALTH,1.8,1.8,litre,1.8,litre,,per 100g,Fresh Food
255339785,Fanta Zero Sugar Orange 500ml,FANTA,1.95,3.9,litre,3.9,litre,0.0,per 100g,Fresh Food
285694219,Tesco Steak Shortcrust Pie 500G,TESCO,4.4,8.8,kg,8.8,kg,10.4,per 100g,Fresh Food
305834520,Jolly Hog 6 British Pork Sausages Gluten Free 400G,THE JOLLY HOG,3.8,9.5,kg,9.5,kg,19.0,per 100g,Fresh Food
289708182,Bonne Maman Strawberry Mousse 2 x 70g,Bonne Maman,2.2,15.71,kg,15.71,kg,2.4,per 100g,Fresh Food
314309720,Tesco Plant Chef 2 Southern Fried Fillets 230G,TESCO Plant Chef,2.55,11.09,kg,11.09,kg,9.6,per 100g,Fresh Food
274215027,Tyrrells Mixed Root Vegetable Crisps 40G,TYRRELLS,1.1,27.5,kg,27.5,kg,5.1,per 100g,Fresh Food
299497656,Tesco Almonds 25G,TESCO,0.7,28.0,kg,28.0,kg,25.1,per 100g,Fresh Food
311961521,Oatly Barista Edition Oat Drink 500ml,OATLY!,1.3,2.6,litre,2.6,litre,1.1,per 100g,Fresh Food
276153908,Lindt Lindor Chocolate Treat Bar 38G,Lindt,1.35,35.53,kg,35.53,kg,5.5,per 100g,Fresh Food
292286456,Cadbury Wispa Gold Chocolate & Caramel Bar Single 48g,Cadbury,0.95,19.79,kg,19.79,kg,4.7,per 100g,Fresh Food
285490967,Rude Health Organic Oat Drink 1L,RUDE HEALTH,2.3,2.3,litre,2.3,litre,0.5,per 100g,Fresh Food
273429640,Tesco German Sausage Selection 115g,TESCO,3.0,26.09,kg,26.09,kg,12.6,per 100g,Fresh Food
312578757,Innocent Kids Super Smoothie Blueberry 4X150ml,innocent,4.1,6.83,litre,6.83,litre,0.24,per 100g,Fresh Food
305942328,Yeo Valley Organic 5% Greek Recipe Yogurt 450g,Yeo Valley,3.4,7.56,kg,7.56,kg,9.0,per 100g,Fresh Food
301429579,Tesco Chicken & Bacon Pasta 300G,TESCO,3.1,10.33,kg,10.33,kg,8.0,per 100g,Fresh Food
289553761,Tesco Lightly Dusted Plaice Fillets 265G,TESCO,5.5,20.76,kg,20.76,kg,16.1,per 100g,Fresh Food
308462603,This Isn't Bacon Plant Based Lardons 120G,THIS,3.5,29.17,kg,29.17,kg,24.0,per 100g,Fresh Food
254482788,Tesco Bread & Butter Pudding 500G,TESCO,4.15,8.3,kg,8.3,kg,5.2,per 100g,Fresh Food
303969755,Tofoo Co Tempeh 200G,THE TOFOO CO,2.85,14.25,kg,14.25,kg,22.2,per 100g,Fresh Food
302300689,Shaken Udder Chocolush Milkshake 750ml,SHAKEN UDDER,2.7,3.6,litre,3.6,litre,3.5,per 100g,Fresh Food
310681796,Tesco Chicken & Black Bean With Egg Fried Rice 400G,TESCO,3.5,8.75,kg,8.75,kg,8.3,per 100g,Fresh Food
309764348,Miekovita Gouda Cheese Slices 500G,MLEKOVITA,4.8,9.6,kg,9.6,kg,25.0,per 100g,Fresh Food
302677376,Tesco Fruit & Nut Snack Pot 55G,TESCO,1.0,18.18,kg,18.18,kg,13.6,per 100g,Fresh Food
308845456,Gü Chocolate & Honeycomb Desserts 2x86.5g,GU,3.95,22.83,kg,22.83,kg,3.4,per 100g,Fresh Food
296161511,Bonne Maman Salted Caramel Creme 2 x 90g,Bonne Maman,2.2,12.22,kg,12.22,kg,2.0,per 100g,Fresh Food
253928581,Tesco Spray Carnations Flowers Bouquet,TESCO,3.0,3.0,each,3.0,each,,,Fresh Food
274833833,Simon Howie Premium Pork Sausages 300G,SIMON HOWIE,2.6,8.67,kg,8.67,kg,20.2,per 100g,Fresh Food
306502105,Fulfil Chocolate Salted Caramel Vitamin & Protein Bar 40G,FULFIL,2.1,52.5,kg,52.5,kg,37.0,per 100g,Fresh Food
266374921,Tesco Hazelnuts 200G,TESCO WHOLEFOODS,2.85,14.25,kg,14.25,kg,14.1,per 100g,Fresh Food
266385276,"Tesco Chicken, Bacon & Stuffing Sandwich",TESCO,2.75,2.75,each,2.75,each,13.4,per 100g,Fresh Food
256659600,Delamere Skimmed Sterilised Milk 1 Litre,SLIMMER,1.2,1.2,litre,1.2,litre,3.4,per 100g,Fresh Food
310662266,Tango Apple Sugar Free Bottle 500ml,TANGO,1.95,3.9,litre,3.9,litre,,per 100g,Fresh Food
311201828,Muller Corner Toffee Hoops Yogurt 124G,Müller,0.95,7.66,kg,7.66,kg,4.9,per 100g,Fresh Food
255375088,Auntys Strawberry Steamed Puddings 2X95g,AUNTYS,1.5,7.9,kg,7.9,kg,3.6,per 100g,Fresh Food
290328463,Monster Energy Drink Ultra 500ml,MONSTER,2.0,4.0,litre,4.0,litre,,per 100g,Fresh Food
257741719,Evian Natural Bottled Mineral Still Water 750ml,EVIAN,1.5,2.0,litre,2.0,litre,,,Fresh Food
283112187,Tesco Chocolate Fruit & Nut Mix Snack Pack 60G,TESCO,1.0,16.67,kg,16.67,kg,12.4,per 100g,Fresh Food
253525487,Tesco Bacon Lettuce & Tom Sandwich,TESCO,2.75,2.75,each,2.75,each,10.5,per 100g,Fresh Food
267482964,Mountain Dew Citrus Blast Bottle 500ml,MOUNTAIN DEW,1.75,3.5,litre,3.5,litre,0.0,per 100g,Fresh Food
300118119,Tesco Sweetened Coconut Drink 1L,TESCO,1.3,1.3,litre,1.3,litre,0.4,per 100g,Fresh Food
311442168,Nik Naks Nice 'N' Spicy Grab Bag Crisps 45G,NIK NAKS,1.25,27.78,kg,27.78,kg,6.1,per 100g,Fresh Food
307337472,Tesco Finest Rainbow Chard 200G,TESCO finest,1.65,8.25,kg,8.25,kg,1.8,per 100g,Fresh Food
294350129,Walkers Wotsits Cheese Grab Bag Crisps 36g,WALKERS,1.2,33.33,kg,33.33,kg,1.6,per 100g,Fresh Food
250267952,Volvic Natural Bottled Mineral Still Water 1L,VOLVIC,1.1,1.1,litre,1.1,litre,,,Fresh Food
311263224,Mccoy's Salt & Vinegar Grab Bag Crisps 45G,McCOY'S,1.25,27.78,kg,27.78,kg,6.5,per 100g,Fresh Food
303881777,Crouton Company Pepper & Salt Croutons 40G,CROUTON CO,0.55,13.75,kg,13.75,kg,2.4,per 100g,Fresh Food
258263068,"Tesco Fresh Cream Horns 2 Pack, 110 G",TESCO,1.65,15.0,kg,15.0,kg,4.6,per 100g,Fresh Food
279467089,Nestle Yorkie Duo 72G,Nestle,1.3,18.06,kg,18.06,kg,7.0,per 100g,Fresh Food
284539591,Tesco Finest Rump Joint Cornish Sea Salt & Pepper 500G,TESCO finest,12.25,24.5,kg,24.5,kg,26.1,per 100g,Fresh Food
310844967,Vadasz Raw Kimchi 400G,Vadasz,4.5,11.25,kg,11.25,kg,1.1,per 100g,Fresh Food
309477285,Tesco Finest Goat Cheese & Caramelised Red Onion Ravioli 250G,TESCO finest,3.5,14.0,kg,14.0,kg,7.2,per 100g,Fresh Food
299770183,Tesco Finest Extra Mature Double Gloucester Cheese 200G,TESCO finest,3.35,16.75,kg,16.75,kg,22.9,per 100g,Fresh Food
254501715,Tesco Pork Belly Joint,TESCO,7.5,7.5,kg,7.5,kg,16.7,per 100g,Fresh Food
253983583,Ocean Spray Cranberry Classic Light Juice Drink 4 X 1 Litre,OCEAN SPRAY,6.0,1.5,litre,1.5,litre,,per 100g,Fresh Food
311265781,Ramona's Heavenly Houmous - Jalapeno 500g,Ramona's,3.55,7.1,kg,7.1,kg,6.2,per 100g,Fresh Food
312705867,Biotiful Gut Health Kefir Milk Drink Strawberry 1 Litre,Biotiful,3.5,3.5,litre,3.5,litre,3.3,per 100g,Fresh Food
305988798,Biotiful Gut Health Kefir Milk Drink Cherry 500ml,Biotiful,2.6,5.2,litre,5.2,litre,3.3,per 100g,Fresh Food
298025889,Benefit 100% Prune Juice 1Litre,GET MORE,3.95,3.95,litre,3.95,litre,0.1,per 100g,Fresh Food
309763159,Vivera Plant Chicken Breast 180G,VIVERA,3.15,17.5,kg,17.5,kg,11.0,per 100g,Fresh Food
311675710,Tesco All Butter Cheddar Cheese Twist,TESCO,1.2,1.2,each,1.2,each,11.0,per 100g,Fresh Food
304403024,Vivera Veggie Bacon Pieces 175G,VIVERA,2.9,16.57,kg,16.57,kg,17.0,per 100g,Fresh Food
254279183,Tesco Chicken Salad Sandwich,TESCO,2.75,2.75,each,2.75,each,11.6,per 100g,Fresh Food
309778073,Tesco Mushroom Stroganoff & Rice 400G,TESCO,3.5,8.75,kg,8.75,kg,3.1,per 100g,Fresh Food
308861429,Abra-Ca-Debora Buttermilk Pancakes 240G,Abra ca Debora,2.3,9.58,kg,9.58,kg,6.7,per 100g,Fresh Food
296457330,Emmi Caffe Latte Mr Big Skinny 370Ml,emmi,2.95,7.97,litre,7.97,litre,3.1,per 100g,Fresh Food
307361223,Peperami Tender Jerky Original 50G,PEPERAMI,2.15,43.0,kg,43.0,kg,29.0,per 100g,Fresh Food
275216744,Beet It 1L,SUNRAYSIA,3.35,3.35,litre,3.35,litre,0.8,per 100g,Fresh Food
309206774,BOL Coconut Turmeric Lentil Daal Power Pot 450g,BOL,3.25,7.22,kg,7.22,kg,4.7,per 100g,Fresh Food
309209569,BOL Spanish Butter Bean Stew Power Pot 450g,BOL,3.25,7.22,kg,7.22,kg,4.8,per 100g,Fresh Food
252946036,Tesco Rhubarb 400G,TESCO,3.0,7.5,kg,7.5,kg,0.9,per 100g,Fresh Food
309455196,Krakus Zywiecka Podsuszana 80G,KRAKUS,1.4,17.5,kg,17.5,kg,27.0,per 100g,Fresh Food
308487292,Davidstow 36 Month Reserve Cheddar 200G,DAVIDSTOW,2.75,13.75,kg,13.75,kg,25.4,per 100g,Fresh Food
259154000,Walkers Baked Cheese & Onion Grab Bag Crisps 37.5g,WALKERS,1.2,32.0,kg,32.0,kg,6.1,per 100g,Fresh Food
303068069,Monster Energy Drink Mango Loco 500ml,Coca-Cola,2.0,4.0,litre,4.0,litre,,per 100g,Fresh Food
311685197,Mash Direct Skinny Fries 250G,MASH DIRECT,2.5,10.0,kg,10.0,kg,2.2,per 100g,Fresh Food
306820961,Tesco Chicken Drumsticks 2Kg,TESCO,4.3,2.15,kg,2.15,kg,19.0,per 100g,Fresh Food
256530838,Tesco British Lamb Neck Fillets,TESCO,23.85,23.85,kg,23.85,kg,18.4,per 100g,Fresh Food
302686941,Tesco Brazil Nut Snack Pack 60G,TESCO,1.0,16.67,kg,16.67,kg,14.3,per 100g,Fresh Food
292367810,Tesco British Lamb Boneless Rolled Breast Joint,TESCO,9.5,9.5,kg,9.5,kg,16.2,per 100g,Fresh Food
302143294,Charlie Bigham's Cottage Pie 325G,Charlie Bigham's,6.5,20.0,kg,20.0,kg,8.7,per 100g,Fresh Food
312584476,Lurpak Lighter Spreadable Blend of Butter and Rapeseed Oil 750g,LURPAK,6.0,8.0,kg,8.0,kg,0.3,per 100g,Fresh Food
299829524,Tesco Finest Butternut Squash & Provola Girasoli 250G,TESCO finest,3.5,14.0,kg,14.0,kg,7.7,per 100g,Fresh Food
261621240,Tesco Finest Kidderton Ash Goat's Cheese 150g,TESCO finest,3.9,26.0,kg,26.0,kg,19.7,per 100g,Fresh Food
291546266,Najma Halal Chicken Slices With Herbs 150g,NAJMA,3.0,20.0,kg,20.0,kg,16.0,per 100g,Fresh Food
257450902,Tesco Southern Fried Chicken Wrap,TESCO,3.0,3.0,each,3.0,each,7.6,per 100g,Fresh Food
307157206,Tesco Finest Steak & Stilton Pie 250G,TESCO finest,4.1,16.4,kg,16.4,kg,8.7,per 100g,Fresh Food
310148927,Quorn Garlic & Herb Bites 180G,QUORN,2.6,14.44,kg,14.44,kg,12.0,per 100g,Fresh Food
290359587,Lisner Matjas Herring Fillets 400G,LISNER,3.35,8.38,kg,8.38,kg,14.9,per 100g,Fresh Food
310190311,The Delicious Dessert Company Sticky Toffee Eclairs 2 Pack,The Delicious Dessert Company,2.6,1.3,each,1.3,each,4.4,per 100g,Fresh Food
290594532,Tesco Flax Seeds 150G,TESCO,1.8,12.0,kg,12.0,kg,24.1,per 100g,Fresh Food
291547259,Najma Halal Turkey Chorizo Slice 80G,NAJMA,1.8,22.5,kg,22.5,kg,26.1,per 100g,Fresh Food
309785179,Mighty Barista M.Lk Uht Drink 1 Litre,MIGHTY,1.5,1.5,litre,1.5,litre,0.9,per 100g,Fresh Food
282514122,Tesco Organic British Lamb Mince 20% Fat 400G,TESCO ORGANIC,6.35,15.88,kg,15.88,kg,16.8,per 100g,Fresh Food
272902283,Tesco Plain Pretzel,TESCO,1.2,1.2,each,1.2,each,9.3,per 100g,Fresh Food
268957943,Tesco Finest Langres Soft Cheese 180 G,TESCO finest,3.5,19.44,kg,19.44,kg,16.0,per 100g,Fresh Food
253144396,Fanta Fruit Twist 500ml,FANTA,2.0,4.0,litre,4.0,litre,0.0,per 100g,Fresh Food
314119789,Grenade Protein Bars Salted Caramel 35g,GRENADE,2.15,61.43,kg,61.43,kg,34.0,per 100g,Fresh Food
309745671,Ginster Pasty Bombay Potato & Spinach 180G,GINSTERS,2.0,11.11,kg,11.11,kg,3.9,per 100g,Fresh Food
300644614,Ginsters Vegan Moroccan Vegetable Pasty 180G,GINSTERS,2.0,11.11,kg,11.11,kg,3.8,per 100g,Fresh Food
253552538,"Tesco Fresh Cream Raspberry Turnover 2 Pack, 148 G",TESCO,1.7,11.49,kg,11.49,kg,4.7,per 100g,Fresh Food
255871539,Tesco Hoisin Duck Wrap,TESCO,3.0,3.0,each,3.0,each,9.4,per 100g,Fresh Food
263674951,Red Bull Sugar Free Energy Drink 355Ml,Red Bull,2.2,6.2,litre,6.2,litre,0.0,per 100g,Fresh Food
284603630,Nutella & Go! Hazelnut Chocolate Spread and Breadsticks Snack Pot 1 x 48g,NUTELLA,1.5,31.25,kg,31.25,kg,7.3,per 100g,Fresh Food
253845148,Innocent Smoothie - Strawberries & Bananas 250ml,innocent,2.0,8.0,litre,8.0,litre,0.53,per 100g,Fresh Food
292054967,Tesco Finest Dine In Salted Caramel Profiteroles 6pk,TESCO finest,3.5,28.23,kg,28.23,kg,5.0,per 100g,Fresh Food
303543216,Tesco Cocktail Sausages & Ketchup Dip 98G,TESCO,1.3,13.26,kg,13.26,kg,11.1,per 100g,Fresh Food
311430205,Tesco Perfectly Ripe Plums 325G,TESCO,2.65,8.15,kg,8.15,kg,0.6,per 100g,Fresh Food
277975101,Juice Burst Orange Juice 500 Ml,JUICE BURST,1.95,3.9,litre,3.9,litre,0.7,per 100g,Fresh Food
266678049,Tesco White Flesh Sweet Potatoes Loose,TESCO,0.75,3.0,kg,3.0,kg,1.1,per 100g,Fresh Food
308853233,Tonys Chocolonely Milk Chocolate Bar 50G,TONY'S,1.35,27.0,kg,27.0,kg,7.7,per 100g,Fresh Food
308460489,Tony's Chocolonely Milk Caramel Seasalt47g,TONY'S,1.35,28.72,kg,28.72,kg,6.9,per 100g,Fresh Food
262319165,Tic Tac Fresh Mint 18G,TIC TAC,0.75,41.67,kg,41.67,kg,0.1,per 100g,Fresh Food
306941276,Don Simon Juice Drink - Lemon & Raspberry 1.5L,DON SIMON,0.9,0.6,litre,0.6,litre,0.1,per 100g,Fresh Food
309494949,Tesco Finest Thick Cut Ribeye Steak 350G,TESCO finest,12.75,36.43,kg,36.43,kg,19.9,per 100g,Fresh Food
268880572,Tesco Finest Smoked Wiltshire Cured Crackling Gammon Joint,TESCO finest,12.0,12.0,kg,12.0,kg,18.4,per 100g,Fresh Food
268405255,Gressingham Duck Breast Fillets 397G,Gressingham,9.0,22.67,kg,22.67,kg,17.0,per 100g,Fresh Food
309474668,Huel Ready-to-Drink Complete Meal - Chocolate 500ml,Huel,3.5,7.0,litre,7.0,litre,4.0,per 100g,Fresh Food
297297350,Tesco Creamy Rice Puddings 2 Pack 346g,TESCO,2.8,8.09,kg,8.09,kg,2.3,per 100g,Fresh Food
305975715,Walls 8 Thick Pork Sausages 410G,WALLS,3.25,7.93,kg,7.93,kg,16.0,per 100g,Fresh Food
302286988,Tesco Boneless Haddock Fillets 280G,TESCO,5.85,20.89,kg,20.89,kg,19.4,per 100g,Fresh Food
283222287,Sabra Houmous Garlic Red Pepper 200G,SABRA,2.55,12.75,kg,12.75,kg,6.0,per 100g,Fresh Food
275158012,Tesco Pork Fillet Medallions 300G,TESCO,4.15,13.83,kg,13.83,kg,22.4,per 100g,Fresh Food
304410044,Tesco Finest Cheddar Mozzarella & Chorizo Bake 150G,TESCO finest,3.65,24.33,kg,24.33,kg,11.7,per 100g,Fresh Food
259160983,Irn-Bru Soft Drink Bottle 500ml,IRN-BRU,1.95,3.9,litre,3.9,litre,,per 100g,Fresh Food
312108863,Tesco Calorie Controlled Chicken Roast Dinner 380G,TESCO CALORIE CONTROLLED,3.5,9.21,kg,9.21,kg,7.8,per 100g,Fresh Food
260169362,Buxton Still Natural Mineral Water Sports Cap 1L,BUXTON,1.75,1.75,litre,1.75,litre,,,Fresh Food
302354211,Tarczynski Ham Frankfurters 220g,TARCZYNSKI,2.3,10.46,kg,10.46,kg,14.0,per 100g,Fresh Food
309747513,Tesco Boneless Salmon Fillets 4 Pack 520g,TESCO,9.45,18.17,kg,18.17,kg,25.3,per 100g,Fresh Food
259153617,Red Bull Energy Drink 250Ml,Red Bull,1.95,7.8,litre,7.8,litre,0.0,per 100g,Fresh Food
308099964,Shepherds Purse Harrogate Blue 100G,SHEPHERDS PURSE,3.0,30.0,kg,30.0,kg,20.3,per 100g,Fresh Food
302308503,Tesco Lactose Free Greek Yogurt 400G,LACTOSE FREE,1.65,4.12,kg,4.12,kg,6.4,per 100g,Fresh Food
312224932,Tesco Calorie Controlled Tomato & Basil Chicken 380G,TESCO CALORIE CONTROLLED,3.5,9.21,kg,9.21,kg,7.8,per 100g,Fresh Food
303127030,Tesco Finest 4 Pork Cheese & Jalapeno Hot Dogs 400G,TESCO finest,3.3,8.25,kg,8.25,kg,14.5,per 100g,Fresh Food
305518993,Innocent Super Smoothie Energise 300ml,innocent,2.5,8.33,litre,8.33,litre,1.5,per 100g,Fresh Food
270928457,innocent Pineapples Bananas & Coconuts Smoothie 750ml,innocent,3.5,4.67,litre,4.67,litre,0.21,per 100g,Fresh Food
311252600,Mccoy's Thai Sweet Chicken Grab Bag Crisps 45G,McCOY'S,1.25,27.78,kg,27.78,kg,6.7,per 100g,Fresh Food
264441586,Walkers Monster Munch Pickled Onion Crisps 40g,WALKERS,1.2,30.0,kg,30.0,kg,2.4,per 100g,Fresh Food
310161536,Orkney Coloured0 Mature Scottish Island Cheddar Cheese 200g,ORKNEY,2.75,13.75,kg,13.75,kg,25.0,per 100g,Fresh Food
260951547,Tesco Lamb Whole Shoulder Joint,TESCO,14.9,14.9,kg,14.9,kg,14.1,per 100g,Fresh Food
250527991,Tesco Organic Whole Chicken,TESCO ORGANIC,10.0,10.0,kg,10.0,kg,19.7,per 100g,Fresh Food
309489858,Tesco Finest Salt-Aged Pork Crackling Loin Joint,TESCO finest,9.25,9.25,kg,9.25,kg,26.5,per 100g,Fresh Food
312084152,Tesco Sweet & Sour Chicken Meal For One 500G,TESCO,4.7,9.4,kg,9.4,kg,5.8,per 100g,Fresh Food
313003426,Wasabi Sweet Chilli Chicken Yakisoba Noodles 450G,WASABI,4.8,10.67,kg,10.67,kg,5.7,per 100g,Fresh Food
312579385,Wasabi Chicken Katsu Curry With Rice 450G,WASABI,4.8,10.67,kg,10.67,kg,4.8,per 100g,Fresh Food
299829582,"Tesco Finest Nduja, Mascarpone, Red Onion Ravioli 250G",TESCO finest,3.5,14.0,kg,14.0,kg,7.9,per 100g,Fresh Food
303088668,Tesco Finest Sweetcure Smoked Mackerel Fillets 160G,TESCO finest,6.1,38.12,kg,38.12,kg,21.4,per 100g,Fresh Food
285385424,Tesco Raspberry Jam Roly Poly 460G,TESCO,4.45,9.67,kg,9.67,kg,4.0,per 100g,Fresh Food
303415189,Innocent Plus Blue Bolt Guava & Lime Juice with Vitamins 750ml,innocent,4.0,5.33,litre,5.33,litre,0.17,per 100g,Fresh Food
293944771,Tesco Indian Tarka Dahl 300G,TESCO,2.6,8.67,kg,8.67,kg,5.9,per 100g,Fresh Food
310676768,Tesco Vegetable Tikka Masala With Pilau Rice 400g,TESCO,3.5,8.75,kg,8.75,kg,3.1,per 100g,Fresh Food
278935113,Tesco Feta Semi Dried Tomato Pasta 290G,TESCO,3.1,10.69,kg,10.69,kg,5.5,per 100g,Fresh Food
302312238,Violife Greek White Feta Cheese Alternative,VIOLIFE,2.85,12.39,kg,12.39,kg,0.0,per 100g,Fresh Food
277820452,Vita Coco Original Coconut Water 4 X 330ml,VITA COCO,5.0,3.79,litre,3.79,litre,0.0,per 100g,Fresh Food
304404829,Tesco Finest Bresaola 8 Slices 70G,TESCO finest,3.1,44.29,kg,44.29,kg,34.0,per 100g,Fresh Food
312216677,Tesco Calorie Controlled Chicken Tikka Masala & Pilau Rice 380G,TESCO CALORIE CONTROLLED,3.5,9.21,kg,9.21,kg,7.3,per 100g,Fresh Food
305250974,Leap Wild Smoked Sockeye Salmon 100G,LEAP,9.0,90.0,kg,90.0,kg,24.4,per 100g,Fresh Food
266891815,Starbucks Caramel Macchiato Iced Coffee 220ml,STARBUCKS,2.2,10.0,litre,10.0,litre,2.9,per 100g,Fresh Food
274622236,Tesco Free Range Egg Mayonnaise Sandwich,TESCO,2.2,2.2,each,2.2,each,9.9,per 100g,Fresh Food
309206653,Tesco Finest Red Leicester Bite With Garlic & Black Pepper 150G,TESCO finest,3.65,24.33,kg,24.33,kg,12.3,per 100g,Fresh Food
313732219,Fulfil Vitamin & Protein Bar - Chocolate Peanut Butter Flavour 40g,FULFIL,2.1,52.5,kg,52.5,kg,36.0,per 100g,Fresh Food
314322133,Fulfil Chocolate Brownie Flavour Vitamin & Protein Bar 40g,FULFIL,2.1,52.5,kg,52.5,kg,34.4,per 100g,Fresh Food
303668126,Muller Light Banana Custard Yogurt 160G,Müller,0.9,5.62,kg,5.62,kg,5.5,per 100g,Fresh Food
309186491,Rude Health Coconut with Calcium Dairy Free Drink 1L,RUDE HEALTH,1.8,1.8,litre,1.8,litre,,per 100g,Fresh Food
304417388,Beretta Whole Salami Milano 120G,BERETTA,2.5,20.83,kg,20.83,kg,28.0,per 100g,Fresh Food
251074208,San Pellegrino Sparkling Natural Mineral Water 500ml,SAN PELLEGRINO,1.5,3.0,litre,3.0,litre,,,Fresh Food
263709140,Dr Pepper Zero 500Ml,Dr Pepper,1.95,3.9,litre,3.9,litre,0.0,per 100g,Fresh Food
258016172,Tesco Lambs Kidneys,TESCO,8.0,8.0,kg,8.0,kg,25.2,per 100g,Fresh Food
296029820,Tesco Small White Roses Bouquet,TESCO,3.0,3.0,each,3.0,each,,,Fresh Food
297689029,Tesco All Butter Chocolate Twist,TESCO,1.2,1.2,each,1.2,each,6.5,per 100g,Fresh Food
305979037,Tesco Chicken Triple Sandwich,TESCO,3.25,3.25,each,3.25,each,12.6,per 100g,Fresh Food
309497409,Tesco 2 Lightly Seasoned Lamb Grill Steaks 300G,TESCO,4.1,13.67,kg,13.67,kg,20.4,per 100g,Fresh Food
309452032,Cadbury Wispa Duo Chocolate Bar 47.4g,Cadbury,1.35,28.48,kg,28.48,kg,6.6,per 100g,Fresh Food
266667362,Tesco Eddoes Loose,TESCO,0.33,3.5,kg,3.5,kg,1.4,per 100g,Fresh Food
311258375,Mccoy's Cheddar & Onion Grab Bag Crisps 45G,McCOY'S,1.25,27.78,kg,27.78,kg,7.4,per 100g,Fresh Food
277746822,Cadbury Dairy Milk Marvellous Creations Jelly Candy Bar 47G,Cadbury,0.95,20.21,kg,20.21,kg,6.4,per 100g,Fresh Food
291243267,Charlie Bigham's Thai Red Chicken Curry & Rice 835G,Charlie Bigham's,9.95,11.92,kg,11.92,kg,6.5,per 100g,Fresh Food
305962673,Charlie Bigham's Thai Green Chicken Curry & Fragrant Rice 805G,Charlie Bigham's,9.95,12.36,kg,12.36,kg,6.6,per 100g,Fresh Food
302143547,Charlie Bigham's Chicken Tikka Masala 403G,Charlie Bigham's,6.5,16.13,kg,16.13,kg,7.0,per 100g,Fresh Food
283690780,Ufit Pro50 Protein Drink Chocolate 500Ml,U FIT,3.0,6.0,litre,6.0,litre,10.0,per 100g,Fresh Food
299598669,Tesco 6 Boneless Salmon Fillets 780G,TESCO,13.75,17.63,kg,17.63,kg,25.3,per 100g,Fresh Food
260942646,Tesco Organic Fairtrade Cashew Nuts 150g,TESCO ORGANIC,3.4,22.67,kg,22.67,kg,20.0,per 100g,Fresh Food
314685866,Tesco Cooked & Peeled King Prawns 210g,TESCO,5.25,25.0,kg,25.0,kg,18.4,per 100g,Fresh Food
306660487,The Pizza Company Seasoned Potato Wedges 300G,THE PIZZA COMPANY,3.4,11.33,kg,11.33,kg,2.9,per 100g,Fresh Food
311949675,Heinz Seriously Good Vegan Mayonnaise 775G,HEINZ,3.95,5.1,kg,5.1,kg,0.5,per 100g,Fresh Food
297755683,Najma Halal Spanish Selection Pack 120G,NAJMA,2.65,22.08,kg,22.08,kg,,,Fresh Food
310687628,Tesco Sweet And Sour Chicken 400G,TESCO,3.85,9.62,kg,9.62,kg,7.7,per 100g,Fresh Food
285693742,Bonne Maman Creme Brulee Dessert 2x100g,Bonne Maman,3.2,16.0,kg,16.0,kg,4.5,per 100g,Fresh Food
311279822,The Coconut Collab Raspberry Coconut Yoghurt 350g,COCONUT COLLABORATIVE,2.5,7.14,kg,7.14,kg,0.7,per 100g,Fresh Food
305967119,Arctic Coffee Caramel Latte 330Ml,ARCTIC COFFEE,1.0,3.03,litre,3.03,litre,2.8,per 100g,Fresh Food
251806135,Sprite 500ml,SPRITE,2.0,4.0,litre,4.0,litre,0.0,per 100g,Fresh Food
310120292,Tesco Finest 2 Soft Set Scotch Eggs 260G,TESCO finest,4.1,15.77,kg,15.77,kg,14.4,per 100g,Fresh Food
282854370,Tesco Turmeric 100G,TESCO,1.55,15.5,kg,15.5,kg,0.3,per 100g,Fresh Food
311426355,Muller Corner Vanilla Yogurt with Chocolate Digestive Biscuits,Müller,0.95,7.66,kg,7.66,kg,4.9,per 100g,Fresh Food
308105313,Mighty Pea M.Lk Unsweetened Milk Alternative 1 Litre,MIGHTY,1.9,1.9,litre,1.9,litre,2.0,per 100g,Fresh Food
304377780,Noel Sliced Tapas Selection 120G,NOEL,3.0,25.0,kg,25.0,kg,,,Fresh Food
255658833,Ribena Blackcurrant Juice Drink 500ml,RIBENA,1.85,3.7,litre,3.7,litre,0.0,per 100g,Fresh Food
277975204,Juice Burst Apple Juice 500Ml,JUICE BURST,1.95,3.9,litre,3.9,litre,,per 100g,Fresh Food
255769120,Alpro Soya Chocolate Chilled Dairy Free Drink 1L,alpro,1.8,1.8,litre,1.8,litre,3.3,per 100g,Fresh Food
254858713,Tahira Chicken Mortadella with Paprika 200g,TAHIRA,1.5,7.5,kg,7.5,kg,11.2,per 100g,Fresh Food
258755425,Kettle Chips Sea Salt & Balsamic Vinegar Crisps 40 G,KETTLE,1.1,27.5,kg,27.5,kg,6.2,per 100g,Fresh Food
311276937,Tesco Fruity Granola Shot 25G,TESCO,0.7,28.0,kg,28.0,kg,,,Fresh Food
309763453,Tesco Baking Sweet Potatoes 2 Pack,TESCO,1.85,0.92,each,0.92,each,1.1,per 100g,Fresh Food
268018496,Tesco Fresh Cream Meringues 2 Pack,TESCO,1.8,30.0,kg,30.0,kg,3.9,per 100g,Fresh Food
254894669,Cadbury Twirl Chocolate Bar Single 43g,Cadbury,0.95,22.09,kg,22.09,kg,7.0,per 100g,Fresh Food
264716826,Ginsters Chicken & Bacon Pasty 180G,GINSTERS,2.25,12.5,kg,12.5,kg,7.8,per 100g,Fresh Food
303836629,Skittles Vegan Chewy Sweets Fruit Flavoured Bag 45g,SKITTLES,0.75,16.67,kg,16.67,kg,0.0,per 100g,Fresh Food
258508460,Trebor Extra Strong Peppermint Mints Roll 41.3g,TREBOR,0.75,18.16,kg,18.16,kg,0.3,per 100g,Fresh Food
304789816,Tesco 2 Cape Hake Fillets 240G,TESCO,4.4,18.33,kg,18.33,kg,21.5,per 100g,Fresh Food
256725879,Tesco Organic Seasonal Cabbage,TESCO ORGANIC,1.35,1.35,each,1.35,each,2.4,per 100g,Fresh Food
310688040,Tesco Fish Pie 750G,TESCO,4.3,5.73,kg,5.73,kg,7.4,per 100g,Fresh Food
291244485,Charlie Bigham's Macaroni Cheese 340G,Charlie Bigham's,6.5,19.12,kg,19.12,kg,9.5,per 100g,Fresh Food
283668387,UFIT Pro50 Protein Drink - Strawberry 500ml,U FIT,3.0,6.0,litre,6.0,litre,10.0,per 100g,Fresh Food
311212562,Tesco Finest Italian Pepperoni 90G,TESCO finest,3.1,34.44,kg,34.44,kg,26.0,per 100g,Fresh Food
310686186,Tesco Plant Chef Meat-Free Balls 12 Pack 336g,TESCO Plant Chef,3.6,10.71,kg,10.71,kg,11.1,per 100g,Fresh Food
278504353,Tesco Finest Epoisses Cheese 125g,TESCO finest,3.65,29.2,kg,29.2,kg,17.0,per 100g,Fresh Food
309455501,Tesco Finest Nduja 70G,TESCO finest,3.1,44.29,kg,44.29,kg,9.2,per 100g,Fresh Food
309758349,Huel Ready-to-Drink Complete Meal - Vanilla 500ml,Huel,3.5,7.0,litre,7.0,litre,4.0,per 100g,Fresh Food
254501341,Tesco Honey & Mustard Chicken Pasta 300G,TESCO,3.1,10.33,kg,10.33,kg,7.9,per 100g,Fresh Food
310136817,Mowi Smoked Salmon Slices 4 Pack 100g,MOWI,5.95,59.5,kg,59.5,kg,24.6,per 100g,Fresh Food
258580504,Tesco Organic Mixed Nuts 200G,TESCO ORGANIC,3.3,16.5,kg,16.5,kg,21.1,per 100g,Fresh Food
268018483,Tesco Fresh Toffee Cream Meringues 2 Pack 60g,TESCO,1.8,30.0,kg,30.0,kg,3.5,per 100g,Fresh Food
304378427,Tesco Hunters Gammon Steaks 345G,TESCO,4.9,14.2,kg,14.2,kg,17.9,per 100g,Fresh Food
309185428,Dickinson & Morris Melton Mowbray Pork Pie 145G,DICKINSON & MORRIS,2.0,13.79,kg,13.79,kg,11.8,per 100g,Fresh Food
309160106,Tesco Finest Vintage Cheddar & Sauvignon Blanc Bake 150G,TESCO finest,3.65,24.33,kg,24.33,kg,8.6,per 100g,Fresh Food
297794503,Eatlean Grated Cheese 180g,EATLEAN,2.2,12.22,kg,12.22,kg,36.3,per 100g,Fresh Food
311252721,Muller Rice Vanilla Custard Low Fat Dessert 170G,Müller,0.95,5.59,kg,5.59,kg,3.2,per 100g,Fresh Food
293369835,Tesco Red & Orange Roses Flowers Bouquet,TESCO,5.0,5.0,each,5.0,each,,,Fresh Food
265633041,Lipton Ice Tea Lemon Bottle 500ml,Lipton,1.95,3.9,litre,3.9,litre,0.0,per 100g,Fresh Food
252168830,Evian Natural Bottled Mineral Still Water 500ml,EVIAN,1.15,2.3,litre,2.3,litre,,,Fresh Food
256538277,Ribena Blackcurrant Juice Drink No Added Sugar 500ml,RIBENA,1.85,3.7,litre,3.7,litre,0.0,per 100g,Fresh Food
305965670,Jolly Hog 12 British Chipolatas Gluten Free 340G,THE JOLLY HOG,3.8,11.18,kg,11.18,kg,19.0,per 100g,Fresh Food
312347308,The Mussel Shack Cooked Mussel Meats 150G,The Mussel Shack,2.0,13.33,kg,13.33,kg,17.9,per 100g,Fresh Food
250792387,Lucozade Energy Drink Original 500ml,Lucozade,1.69,3.38,litre,3.38,litre,0.0,per 100g,Fresh Food
307160609,Tesco Strawberry Jam & Cream Scones 2 Pack,TESCO,1.65,0.82,each,0.82,each,6.0,per 100g,Fresh Food
311222817,Mccoy's Sizzling King Prawn Grab Bag Crisps 45G,McCOY'S,1.25,27.78,kg,27.78,kg,6.3,per 100g,Fresh Food
309466874,Lindt Milk Chocolate Hazelnut Bar 35g,Lindt,1.35,38.57,kg,38.57,kg,7.6,per 100g,Fresh Food
305043373,Reese's Nutrageous Chocolate 47G,Reese's,1.1,23.4,kg,23.4,kg,12.0,per 100g,Fresh Food
274110433,Propercorn Sweet & Salty 30G,PROPERCORN,1.0,33.33,kg,33.33,kg,7.6,per 100g,Fresh Food
308478429,Cadbury Dairy Milk Chocolate Duo Bar 54.4g,Cadbury,1.35,24.82,kg,24.82,kg,7.4,per 100g,Fresh Food
251496828,Smint Single 8G,SMINT,1.1,137.5,kg,137.5,kg,0.0,per 100g,Fresh Food
302011963,Mash Direct Beer Battered Onion Rings 200G,MASH DIRECT,2.25,11.25,kg,11.25,kg,2.3,per 100g,Fresh Food
311939399,Haribo Fruitilicious 42G,HARIBO,0.6,14.29,kg,14.29,kg,6.4,per 100g,Fresh Food
254734606,Kinder Bueno Bar 43G,KINDER,1.05,24.42,kg,24.42,kg,8.6,per 100g,Fresh Food
278721090,Tesco Coconut Each,TESCO,1.25,1.25,each,1.25,each,3.2,per 100g,Fresh Food
312346505,Quorn Vegan Roast Beef Style Slices 105G,QUORN,2.6,24.76,kg,24.76,kg,26.0,per 100g,Fresh Food
309461165,Tesco Finest Slow Cooked Beef Bourguignon 540G,TESCO finest,7.95,14.72,kg,14.72,kg,12.8,per 100g,Fresh Food
266804039,Gressingham Spatchcock Poussin 450G,Gressingham,4.5,10.0,kg,10.0,kg,23.0,per 100g,Fresh Food
299829501,Tesco Finest Porcini & Black Truffle Mezzelune 250G,TESCO finest,3.5,14.0,kg,14.0,kg,6.4,per 100g,Fresh Food
305524708,"Innocent Super Smoothie Blue Spark, Guava & Pineapple 750ml",innocent,4.5,6.0,litre,6.0,litre,0.0,per 100g,Fresh Food
312236342,Tesco Calorie Controlled Spaghetti Carbonara 380G,TESCO CALORIE CONTROLLED,3.5,9.21,kg,9.21,kg,5.2,per 100g,Fresh Food
312697728,Biotiful Gut Health Kefir Milk Drink Vanilla 1 Litre,Biotiful,3.5,3.5,litre,3.5,litre,3.3,per 100g,Fresh Food
311802486,Tesco Calorie Controlled Beef Lasagne 380G,TESCO CALORIE CONTROLLED,3.5,9.21,kg,9.21,kg,6.2,per 100g,Fresh Food
268328146,Bottle Green Twin Pack 2 X 750Ml,bottlegreen,6.0,4.0,litre,4.0,litre,0.0,per 100g,Fresh Food
305530401,Tesco Chilli & Lime King Prawns 150G,TESCO,3.95,26.33,kg,26.33,kg,16.1,per 100g,Fresh Food
309460713,Shaken Udder Vanillalicious Milkshake 750Ml,SHAKEN UDDER,2.7,3.6,litre,3.6,litre,3.2,per 100g,Fresh Food
291197275,Lisner Vegetable Salad Green Pea 500G,LISNER,2.5,5.0,kg,5.0,kg,1.9,per 100g,Fresh Food
296703073,Tesco Tuna Crunch Sub,TESCO,3.0,3.0,each,3.0,each,10.5,per 100g,Fresh Food
310680716,Holy Moly Guacamole Original 3 x 57g,HOLY MOLY,2.65,15.5,kg,15.5,kg,1.6,per 100g,Fresh Food
265853039,Tuna & Sweetcorn Sandwich,TESCO,2.2,2.2,each,2.2,each,10.4,per 100g,Fresh Food
310148187,Ginsters Creamy Garlic Mushroom Slice 170G,GINSTERS,2.25,13.24,kg,13.24,kg,4.0,per 100g,Fresh Food
311781169,Bonne Maman Clementine & Lemon Mousse Dessert 2x70g,Bonne Maman,2.2,15.71,kg,15.71,kg,2.8,per 100g,Fresh Food
309191985,Tarczynski Pork Kabanos & Chilli 105G,TARCZYNSKI,2.55,24.29,kg,24.29,kg,27.0,per 100g,Fresh Food
310685803,Tesco Pepperoni Pasta Bake 750G,TESCO,4.3,5.73,kg,5.73,kg,6.0,per 100g,Fresh Food
312091644,Tesco Meal For One Chicken Jalfrezi 500g,TESCO,4.7,9.4,kg,9.4,kg,6.3,per 100g,Fresh Food
309187115,Alpro Barista Oat Chilled Dairy Free Drink 750ml,alpro,1.75,2.33,litre,2.33,litre,0.7,per 100g,Fresh Food
296673026,Tesco Yellow Roses Flowers Bouquet,TESCO,5.0,0.83,each,0.83,each,,,Fresh Food
314703783,Duda Kabanosy Wieprz Owe Pork Sausage 95G,Duda,1.75,18.42,kg,18.42,kg,28.0,per 100g,Fresh Food
268913536,Gressingham Duck Fillets 250G,Gressingham,5.0,20.0,kg,20.0,kg,16.0,per 100g,Fresh Food
301513394,Tesco Pink Lady Apple Pot 80G,TESCO,1.5,18.75,kg,18.75,kg,0.4,per 100g,Fresh Food
293438070,Tesco Small Red & Orange Roses Bouquet,TESCO,3.0,3.0,each,3.0,each,,,Fresh Food
311945063,Deliciously Ella Chocolate Orange Dipped Almonds 27g,DELICIOUSLY ELLA,1.5,55.56,kg,55.56,kg,13.8,per 100g,Fresh Food
268891449,Shaken Udder Chocolush Milkshake 330Ml,SHAKEN UDDER,1.7,5.15,litre,5.15,litre,3.5,per 100g,Fresh Food
314593807,Piatnica Semi-Fat Curd Cheese 250g,PIATNICA,1.9,7.6,kg,7.6,kg,16.0,per 100g,Fresh Food
262253149,Capri-Sun Orange 330ml Kids' Juice Drink,Capri-Sun,1.5,4.54,litre,4.54,litre,,per 100g,Fresh Food
297297412,Tesco Strawberry Jam Victoria Sponge Cake 360g,TESCO,3.5,9.72,kg,9.72,kg,3.0,per 100g,Fresh Food
278002866,Get More Vitamin D Still Water Mango & Passionfruit Drink 500ml,GET MORE,1.25,2.5,litre,2.5,litre,0.0,per 100g,Fresh Food
308489186,Cadbury Boost Duo Chocolate Bar 63g,Cadbury,1.35,21.43,kg,21.43,kg,5.2,per 100g,Fresh Food
309498605,Tesco Finest Thick Cut Sirloin Steak 350G,TESCO finest,11.6,33.14,kg,33.14,kg,20.5,per 100g,Fresh Food
252505933,Tesco Organic Beef Roasting Joint,TESCO ORGANIC,21.75,21.75,kg,21.75,kg,27.2,per 100g,Fresh Food
311807397,Tesco Raisins And Cranberries 500G,TESCO,5.0,10.0,kg,10.0,kg,1.9,per 100g,Fresh Food
312361256,Tesco British Turkey Burgers 4 Pack 454g,TESCO,4.95,10.9,kg,10.9,kg,24.5,per 100g,Fresh Food
302292491,Tesco Finest Smoked Scottish Salmon Fillets 240g,TESCO finest,6.5,27.08,kg,27.08,kg,23.3,per 100g,Fresh Food
305950186,Jolly Hog Smoked Bacon 200G,THE JOLLY HOG,3.75,18.75,kg,18.75,kg,31.0,per 100g,Fresh Food
304790382,Tesco Finest Prosciutto Cotto With Herbs 100G,TESCO finest,3.1,31.0,kg,31.0,kg,20.6,per 100g,Fresh Food
303415121,Innocent Berry Set Go Juice 750Ml,innocent,4.0,5.33,litre,5.33,litre,0.18,per 100g,Fresh Food
312355598,Ivy's Reserve Vintage Cheddar 300G,IVY'S,3.5,11.67,kg,11.67,kg,25.4,per 100g,Fresh Food
309757812,Krakus Chicken & Pork Kabanosy 250G,KRAKUS,3.7,14.8,kg,14.8,kg,26.0,per 100g,Fresh Food
312098470,Tesco Feta Cubes 410G,TESCO,2.9,19.33,kg DR.WT,19.33,kg dr.wt,16.5,per 100g,Fresh Food
301512084,Finne Brogue Naked Ultimate Pork Sausage 400G,FINNEBROGUE,3.5,8.75,kg,8.75,kg,15.6,per 100g,Fresh Food
298025503,Coca-Cola Zero Sugar 4x250ml,Coca-Cola,4.75,4.75,litre,4.75,litre,0.0,per 100g,Fresh Food
255420968,Tesco Chicken & Bacon Sub,TESCO,3.0,3.0,each,3.0,each,13.6,per 100g,Fresh Food
287939251,Tropicana Multivitamins Juice 300 Ml,TROPICANA,2.25,7.5,litre,7.5,litre,0.4,per 100g,Fresh Food
296545962,Tesco Coronation Chicken Sandwich,TESCO,2.75,2.75,each,2.75,each,11.9,per 100g,Fresh Food
287438135,Tropicana Orange Juice Original 300 Ml,TROPICANA,2.25,7.5,litre,7.5,litre,0.8,per 100g,Fresh Food
300284515,Tesco Cheese & Pickle Sandwich,TESCO,2.2,2.2,each,2.2,each,11.3,per 100g,Fresh Food
310126251,Tesco Coconut Chicken Curry & Jasmine Rice 400G,TESCO,3.5,8.75,kg,8.75,kg,7.7,per 100g,Fresh Food
309452372,Elit Chicken Hot Dogs 650G,ELIT,2.35,3.62,kg,3.62,kg,11.0,per 100g,Fresh Food
306653980,Fulfil Peanut & Caramel Vitamin & Protein Bar 40G,FULFIL,2.1,52.5,kg,52.5,kg,36.0,per 100g,Fresh Food
292891822,Tesco All Butter Croissant,TESCO,1.2,1.2,each,1.2,each,7.9,per 100g,Fresh Food
252062033,Fanta Lemon 500 M,FANTA,2.0,4.0,litre,4.0,litre,0.0,per 100g,Fresh Food
251616826,Diet Coke Caffeine Free 500 M,Coca-Cola,1.79,3.58,litre,3.58,litre,0.0,per 100g,Fresh Food
311781359,The Delicious Dessert Company Triple Chocolate Eclairs 2 Pack,The Delicious Dessert Company,2.6,1.3,each,1.3,each,,,Fresh Food
254279200,Tesco Bacon & Egg Sandwich,TESCO,2.75,2.75,each,2.75,each,11.9,per 100g,Fresh Food
292389520,Coca-Cola Zero Sugar Cherry 500ml,Coca-Cola,1.79,3.58,litre,3.58,litre,0.0,per 100g,Fresh Food
298026024,Red Bull Energy Drink Sugar Free 473Ml,Red Bull,2.6,5.5,litre,5.5,litre,0.0,per 100g,Fresh Food
312213064,Tesco Calorie Controlled Chilli & Rice 380G,TESCO CALORIE CONTROLLED,3.5,9.21,kg,9.21,kg,6.5,per 100g,Fresh Food
296526940,Peperami Original Salami 22.5G,PEPERAMI,1.3,57.78,kg,57.78,kg,23.0,per 100g,Fresh Food
274623051,Vita Coco Original Coconut Water 500ml,VITA COCO,2.5,5.0,litre,5.0,litre,0.0,per 100g,Fresh Food
309489582,Naked Blue Machine Blueberry Smoothie 300Ml,NAKED,2.9,9.67,litre,9.67,litre,,,Fresh Food
304403639,Beretta Antipasto 120G,BERETTA,3.0,25.0,kg,25.0,kg,26.0,per 100g,Fresh Food
305525264,"Innocent Super Smoothie Tropical Defence Mango, Coconut Milk, Apple & Ginger with Vitamins 300ml",innocent,2.5,8.33,litre,8.33,litre,0.0,per 100g,Fresh Food
271131482,Mentos Mint Roll 38G,MENTOS,0.95,25.0,kg,25.0,kg,0.0,per 100g,Fresh Food
309468198,Tesco Finest Zamli Dates 200G,TESCO finest,2.5,12.5,kg,12.5,kg,1.9,per 100g,Fresh Food
306658519,Lindt Lindor Salted Caramel Milk Chocolate Bar 38G,Lindt,1.35,35.53,kg,35.53,kg,5.3,per 100g,Fresh Food
292573531,Kit Kat 4 Finger Milk Chocolate Bar 41.5g,KITKAT,1.0,24.1,kg,24.1,kg,6.9,per 100g,Fresh Food
301745279,Tesco Bbq Pork Riblets 300G,TESCO,5.6,18.67,kg,18.67,kg,25.5,per 100g,Fresh Food
305528975,Tesco Organic 2 Boneless Salmon Fillets 265G,TESCO ORGANIC,8.3,31.32,kg,31.32,kg,23.2,per 100g,Fresh Food
297955423,Charlie Bigham's Meatballs Al Forno 325G,Charlie Bigham's,6.5,20.0,kg,20.0,kg,7.1,per 100g,Fresh Food
310139437,Tesco Trio Of Olives 300G,TESCO,4.85,16.17,kg,16.17,kg,1.2,per 100g,Fresh Food
305945348,Jolly Hog Unsmoked Bacon 200G,THE JOLLY HOG,3.75,18.75,kg,18.75,kg,31.0,per 100g,Fresh Food
272824674,Tesco Finest Porchetta 120G,TESCO finest,3.1,25.83,kg,25.83,kg,18.0,per 100g,Fresh Food
303415144,Innocent Citrus Shield Juice 750Ml,innocent,4.0,5.33,litre,5.33,litre,0.0,per 100g,Fresh Food
309784179,The Jolly Hog Outdoor Bred Roasted Ham 100G,THE JOLLY HOG,3.25,32.5,kg,32.5,kg,24.6,per 100g,Fresh Food
312351821,The Gym Kitchen Chicken Tikka 400G,THE GYM KITCHEN,4.0,10.0,kg,10.0,kg,34.0,per 100g,Fresh Food
312582714,This Isn't Beef Plant Based Mince 250G,THIS,3.5,14.0,kg,14.0,kg,17.2,per 100g,Fresh Food
312225171,The Gym Kitchen Thai Green Chicken Curry 400G,THE GYM KITCHEN,4.0,10.0,kg,10.0,kg,31.0,per 100g,Fresh Food
312561244,1912 Artisan Blue Stilton Cheese 150G,1912,3.0,20.0,kg,20.0,kg,23.7,per 100g,Fresh Food
260169304,The Black Farmer Premium Pork Sausages 6 Pack 400G,THE BLACK FARMER,3.5,8.75,kg,8.75,kg,14.8,per 100g,Fresh Food
312358514,The Gym Kitchen Piri Piri Chicken 400G,THE GYM KITCHEN,4.0,10.0,kg,10.0,kg,35.0,per 100g,Fresh Food
285693848,Bonne Maman baba au rhum Dessert 2x140g,Bonne Maman,3.2,11.43,kg,11.43,kg,2.2,per 100g,Fresh Food
273799270,Tesco Mooli Each,TESCO,2.1,2.1,each,2.1,each,0.8,per 100g,Fresh Food
296029780,Tesco White Roses Flowers Bouquet,TESCO,5.0,5.0,each,5.0,each,,,Fresh Food
305950687,"Tesco Bbq Chicken, Bacon & Cheese Sandwich",TESCO,3.0,3.0,each,3.0,each,13.6,per 100g,Fresh Food
306859063,Lion White Duo Chocolate Bar 60g,Nestle,1.3,21.67,kg,21.67,kg,5.7,per 100g,Fresh Food
268890865,Shaken Udder Vanilla-Licious Milkshake 330Ml,SHAKEN UDDER,1.7,5.15,litre,5.15,litre,3.2,per 100g,Fresh Food
296747717,Peperami Red Hot Stick 22.5G,PEPERAMI,1.3,57.78,kg,57.78,kg,22.0,per 100g,Fresh Food
296029842,Tesco Yellow Small Roses Flowers Bouquet,TESCO,3.0,3.0,each,3.0,each,,,Fresh Food
256128751,Red Bull Sugar Free Energy Drink 250Ml,Red Bull,1.7,6.8,litre,6.8,litre,0.0,per 100g,Fresh Food
263850201,Lucozade Energy Drink Orange 500ml,Lucozade,1.69,3.38,litre,3.38,litre,0.0,per 100g,Fresh Food
273799051,Tesco Dudhi Each,TESCO,3.6,3.6,each,3.6,each,0.4,per 100g,Fresh Food
299970171,Tesco Deli Meat Feast Sub,TESCO,3.0,3.0,each,3.0,each,12.0,per 100g,Fresh Food
253845275,Innocent Smoothie Mangoes Passion Fruits & Apples 250ml,innocent,2.0,8.0,litre,8.0,litre,0.0,per 100g,Fresh Food
264801783,Lisner Herring Creamy Sauce 280G,LISNER,2.1,7.5,kg,7.5,kg,6.0,per 100g,Fresh Food
255231748,Lucozade Sport Drink Orange 500ml,Lucozade,1.69,3.38,litre,3.38,litre,,per 100g,Fresh Food
312227353,Tesco 2 Battered Cod Fillets 300G,TESCO,3.95,13.17,kg,13.17,kg,11.5,per 100g,Fresh Food
310681738,Smint Xxl Sugarfree Sweet Mint,SMINT,1.5,42.86,kg,42.86,kg,0.0,per 100g,Fresh Food
311431509,Hula Hoops Big Hopps Salt & Vinegar Grab Bag 45G,HULA HOOPS,1.25,27.78,kg,27.78,kg,3.2,per 100g,Fresh Food
292094654,Yorkie Raisin & Biscuit Duo Chocolate Bar 66g,Nestle,1.3,19.7,kg,19.7,kg,6.3,per 100g,Fresh Food
252506569,Tesco Organic Beef Sirloin Steak,TESCO ORGANIC,38.0,38.0,kg,38.0,kg,21.6,per 100g,Fresh Food
306812320,Tesco Finest Sirloin Steak With Garlic & Onion Butter 220G,TESCO finest,7.5,34.09,kg,34.09,kg,25.4,per 100g,Fresh Food
309450846,Tesco Organic Raspberries 150G,TESCO ORGANIC,3.25,21.67,kg,21.67,kg,0.8,per 100g,Fresh Food
308483117,Tesco Finest 2 Beef Rump Steaks 510G,TESCO finest,13.4,26.28,kg,26.28,kg,20.7,per 100g,Fresh Food
312083533,Tesco Chicken & Black Bean Meal For One 500G,TESCO,4.7,9.4,kg,9.4,kg,6.6,per 100g,Fresh Food
312705369,This Isn't Pork Plant Based Sausages 270G,THIS,3.75,13.89,kg,13.89,kg,10.7,per 100g,Fresh Food
261834005,Tesco Organic Walnuts 100G,TESCO ORGANIC,3.0,30.0,kg,30.0,kg,14.7,per 100g,Fresh Food
303415167,Innocent Wonder Green Juice 750Ml,innocent,4.0,5.33,litre,5.33,litre,0.18,per 100g,Fresh Food
304415845,Tgi Smoked Pork Ribs With Bourbon Bbq Sauce 450G,TGI FRIDAY,5.5,12.22,kg,12.22,kg,19.5,per 100g,Fresh Food
266385672,Tesco Sweet Chilli Chicken Wrap,TESCO,3.0,3.0,each,3.0,each,9.3,per 100g,Fresh Food
312583310,Tesco Basted Beef Joint 751G,TESCO,13.0,17.31,kg,17.31,kg,25.6,per 100g,Fresh Food
298025388,Diet Coke 4x250ml,Coca-Cola,4.75,4.75,litre,4.75,litre,0.0,per 100g,Fresh Food
262860352,Tesco Goji Berries 100G,TESCO,2.0,20.0,kg,20.0,kg,10.5,per 100g,Fresh Food
305949436,Kirstys Lentil Cottage Pie 400G,Kirsty's,3.3,8.25,kg,8.25,kg,1.7,per 100g,Fresh Food
309489449,The Jolly Hog Outdoor Bred Black Treacle Ham 100G,THE JOLLY HOG,3.25,32.5,kg,32.5,kg,24.0,per 100g,Fresh Food
296703050,Tesco Spicy Bean Wrap,TESCO,3.0,3.0,each,3.0,each,7.9,per 100g,Fresh Food
312364224,Tesco 8 Turkey Sausages 454G,TESCO,3.5,7.71,kg,7.71,kg,17.6,per 100g,Fresh Food
287004009,Tropicana Multivitamin Juice - Multifruit 850ml,TROPICANA,3.5,4.12,litre,4.12,litre,0.0,per 100g,Fresh Food
266356851,Tesco Organic Almonds 200 G,TESCO ORGANIC,3.3,16.5,kg,16.5,kg,21.1,per 100g,Fresh Food
302947950,Tesco Pink Lady Apple And Grape Snack Pot 100G,TESCO,1.5,15.0,kg,15.0,kg,0.4,per 100g,Fresh Food
308081921,Tesco Organic Lamb Chops 300G,TESCO ORGANIC,6.6,22.0,kg,22.0,kg,18.5,per 100g,Fresh Food
313604936,Don Simon Orange Juice Smooth 1Ltr,DON SIMON,2.5,2.5,litre,2.5,litre,0.6,per 100g,Fresh Food
253091889,Polo Sugar Free Mints Roll 33.4G,POLO,1.0,29.94,kg,29.94,kg,,per 100g,Fresh Food
268352466,Volvic Touch of Fruit Strawberry Still Flavoured Water 750ml,VOLVIC,1.95,2.6,litre,2.6,litre,0.0,per 100g,Fresh Food
262080192,Vimto Still Drink 500ml,VIMTO,1.4,2.8,litre,2.8,litre,0.0,per 100g,Fresh Food
303415109, Innocent Plus Blue Bolt Guava & Lime Juice with Vitamins 330ml,innocent,2.3,6.97,litre,6.97,litre,0.17,per 100g,Fresh Food
309749321,Naked Green Machine Apple Banana Smoothie 300Ml,NAKED,2.9,9.67,litre,9.67,litre,,,Fresh Food
305523053,Tesco Lemon & Garlic King Prawns 150G,TESCO,3.95,26.33,kg,26.33,kg,16.2,per 100g,Fresh Food
311961354,Pukka Steak Slice 170G,PUKKA PIES,1.95,11.47,kg,11.47,kg,9.0,per 100g,Fresh Food
305519738,Leap Free Not Farmed Albacore Tuna 220G,LEAP,6.9,31.36,kg,31.36,kg,31.4,per 100g,Fresh Food
291243388,Charlie Bigham's Cottage Pie 650G,Charlie Bigham's,9.95,15.31,kg,15.31,kg,8.5,per 100g,Fresh Food
291243320,Charlie Bigham's Moussaka 655G,Charlie Bigham's,9.95,15.19,kg,15.19,kg,7.3,per 100g,Fresh Food
306954094,Tesco Swedish Style Meatballs 600G,TESCO,6.85,11.42,kg,11.42,kg,11.1,per 100g,Fresh Food
294070300,Tesco Finest Scottish Loch Trout Fillets 260g,TESCO finest,6.45,24.81,kg,24.81,kg,23.5,per 100g,Fresh Food
311785390,Vadasz Raw Garlic & Dill Sauerkraut 400G,Vadasz,4.5,11.25,kg,11.25,kg,1.2,per 100g,Fresh Food
314701508,Krakus Zywiecka Sucha 230g,KRAKUS,3.55,15.44,kg,15.44,kg,22.0,per 100g,Fresh Food
309484679,Krakus Kielbasa Slaska 550G,KRAKUS,4.55,8.27,kg,8.27,kg,15.0,per 100g,Fresh Food
299956091,Tesco 12 Mozzarella Sticks 240G,TESCO,3.5,14.58,kg,14.58,kg,14.1,per 100g,Fresh Food
308841512,Squeaky Bean Chargrilled Cajun Mini Fillets 120g,SQUEAKY BEAN,3.25,27.08,kg,27.08,kg,22.0,per 100g,Fresh Food
305250058,Nando's Vegan Perinaise Peri Peri Mayonnaise 265G,Nando's,2.55,9.62,kg,9.62,kg,0.29,per 100g,Fresh Food
273369186,Tesco Finest Morbier Aop Cheese 200 G,TESCO finest,3.8,19.0,kg,19.0,kg,22.0,per 100g,Fresh Food
309778476,The Tofoo Co. Organic Scrambled Tofu 200G,THE TOFOO CO,2.85,14.25,kg,14.25,kg,15.4,per 100g,Fresh Food
287438020,Copella Apple Juice 300Ml,COPELLA,1.95,6.5,litre,6.5,litre,0.2,per 100g,Fresh Food
312585037,Mockingbird Raw Greens Smoothie 750Ml,MOCKINGBIRD,4.5,6.0,litre,6.0,litre,0.52,per 100g,Fresh Food
265229520,Tesco Chicken & Bacon Mayonnaise Sandwich,TESCO,2.2,2.2,each,2.2,each,12.4,per 100g,Fresh Food
302685493,Tesco Mixed Raisins 200g,TESCO,2.0,10.0,kg,10.0,kg,3.0,per 100g,Fresh Food
303673373,Muller Light Vanilla Dark Chocolate Yogurt 160G,Müller,0.9,5.62,kg,5.62,kg,5.8,per 100g,Fresh Food
268352610,Volvic Touch of Fruit Lemon & Lime Still Flavoured Water 750ml,VOLVIC,1.95,2.6,litre,2.6,litre,0.0,per 100g,Fresh Food
310110799,Tarczynski Classic Chicken Kabanos 200G,TARCZYNSKI,2.65,13.25,kg,13.25,kg,24.0,per 100g,Fresh Food
305979377,Coco Cabana Coconut Water 1 Litre,COCO CABANA,2.5,2.5,litre,2.5,litre,0.0,per 100g,Fresh Food
311425759,Jacob's Mini Cheddars Original Snacks Grab Bag 45g,JACOB'S,1.1,24.44,kg,24.44,kg,10.3,per 100g,Fresh Food
309777689,Sokolow Frankfurters 1Kg,SOKOLOW,3.8,3.8,kg,3.8,kg,11.0,per 100g,Fresh Food
252506788,Tesco Organic Beef Small Rump Steak,TESCO ORGANIC,33.35,33.35,kg,33.35,kg,21.3,per 100g,Fresh Food
297596496,"Love,Corn Bbq Roasted Corn Snack 45G",LOVE CORN,1.1,24.44,kg,24.44,kg,7.3,per 100g,Fresh Food
297385417,Kp Original Salted Peanuts 50G,KP,1.1,22.0,kg,22.0,kg,30.0,per 100g,Fresh Food
304416169,Tesco Whole Mackerel,TESCO,9.9,9.9,kg,9.9,kg,19.0,per 100g,Fresh Food
250073150,Nature Valley Crunchy Oats & Honey 42g,NATURE VALLEY,0.75,17.86,kg,17.86,kg,8.7,per 100g,Fresh Food
268296889,Kinder Bueno White 39G,KINDER,1.05,26.92,kg,26.92,kg,8.8,per 100g,Fresh Food
295098991,Bay Fishmongers Salmon,BAY FISHMONGERS,11.4,11.4,kg,11.4,kg,19.4,per 100g,Fresh Food
279835057,Tesco Finest Vintage Gouda Cheese 200 G,TESCO finest,4.45,22.25,kg,22.25,kg,28.0,per 100g,Fresh Food
307756413,Charlie Bigham's Shepherd's Pie 325G,Charlie Bigham's,6.5,20.0,kg,20.0,kg,8.1,per 100g,Fresh Food
258701017,Tesco Fairtrade Organic Brazil Nuts 150g,TESCO FAIRTRADE,3.75,25.0,kg,25.0,kg,14.3,per 100g,Fresh Food
309765128,Tesco Finest Lime Infused Mango 100G,TESCO finest,3.6,36.0,kg,36.0,kg,2.3,per 100g,Fresh Food
313168121,This Isn't Pork Plant-Based Onion Sausages 270G,THIS,3.75,13.89,kg,13.89,kg,11.0,per 100g,Fresh Food
265448335,Tesco Raw Scallops 150G,TESCO,5.0,33.33,kg,33.33,kg,22.7,per 100g,Fresh Food
277809714,Tesco Lemon Meringue Pie 520G,TESCO,4.25,8.17,kg,8.17,kg,4.2,per 100g,Fresh Food
262838702,Tesco Finest Smoked Scottish Salmon & Cream Cheese Sandwich,TESCO finest,4.25,4.25,each,4.25,each,10.7,per 100g,Fresh Food
303673407,Tesco Ham Egg & Coleslaw Salad 235G,TESCO,3.0,12.77,kg,12.77,kg,6.6,per 100g,Fresh Food
304377519,Tesco Halloumi Fries 200G,TESCO,3.5,17.5,kg,17.5,kg,14.2,per 100g,Fresh Food
305942829,Kirstys Cottage Pie With Sweet Potato Mash 400G,Kirsty's,3.3,8.25,kg,8.25,kg,4.9,per 100g,Fresh Food
308869641,Tesco Special Fried Rice 350G,TESCO,3.85,11.0,kg,11.0,kg,5.7,per 100g,Fresh Food
264265986,Tesco Chicken & Sweetcorn Sandwich,TESCO,2.2,2.2,each,2.2,each,11.7,per 100g,Fresh Food
310136279,Tesco Finest Montagnolo Affine 160G,TESCO finest,3.1,19.38,kg,19.38,kg,14.0,per 100g,Fresh Food
285983908,Morliny Masurian Sausage 520G,MORLINY,2.8,5.38,kg,5.38,kg,14.0,per 100g,Fresh Food
308456916,Tesco Smoky Bacon Sarnie - Tangy Ketchup,TESCO,3.0,3.0,each,3.0,each,11.6,per 100g,Fresh Food
253524684,Tesco Chicken Bacon & Lettuce Sandwich,TESCO,2.75,2.75,each,2.75,each,15.1,per 100g,Fresh Food
289545425,Orangina Sparkling Orange Soft Drink 420ml,ORANGINA,1.7,4.05,litre,4.05,litre,,per 100g,Fresh Food
303415081,Innocent Wonder Green Juice 330Ml,innocent,2.3,6.97,litre,6.97,litre,0.18,per 100g,Fresh Food
302707889,Tesco Cheese Sandwich No Mayonnaise,TESCO,1.5,1.5,each,1.5,each,13.0,per 100g,Fresh Food
262001206,Lucozade Sport Drink Raspberry 500ml,Lucozade,1.69,3.38,litre,3.38,litre,,per 100g,Fresh Food
311938688,Yeo Valley Organic Soured Cream 200G,Yeo Valley,1.6,8.0,kg,8.0,kg,3.3,per 100g,Fresh Food
311211511,Skips Prawn Cocktail Grab Bag Crisps 35G,SKIPS,1.25,35.71,kg,35.71,kg,5.2,per 100g,Fresh Food
302440570,Kit Kat Chunky Duo Milk Chocolate bar 64g,KIT KAT,1.3,20.31,kg,20.31,kg,6.5,per 100g,Fresh Food
296870560,Rubicon Spring Black Cherry & Raspberry 500Ml,Rubicon,1.4,2.8,litre,2.8,litre,0.0,per 100g,Fresh Food
309784785,Morliny Chicken Burger Patties 250G,MORLINY,1.2,4.8,kg,4.8,kg,12.0,per 100g,Fresh Food
297385475,Kp Dry Roasted Peanuts 50G,KP,1.1,22.0,kg,22.0,kg,30.0,per 100g,Fresh Food
311957777,Pukka Chicken & Bacon Slice 170G,PUKKA PIES,1.95,11.47,kg,11.47,kg,9.1,per 100g,Fresh Food
308825313,Swizzels Drumsticks Squashies Original Bag 60G,Swizzels,0.75,12.5,kg,12.5,kg,3.4,per 100g,Fresh Food
312984803,Graze Cocoa Vanilla & Protein Flapjack 50G,GRAZE,1.2,24.0,kg,24.0,kg,6.3,per 100g,Fresh Food
311258824,Tesco Torchon Ham 200G,TESCO,2.15,10.75,kg,10.75,kg,17.3,per 100g,Fresh Food
291244243,Charlie Bigham's Chicken Jalfrezi & Rice 845G,Charlie Bigham's,9.95,11.78,kg,11.78,kg,6.6,per 100g,Fresh Food
285416625,Tesco Creamy Rice Pudding 500G,TESCO,4.15,8.3,kg,8.3,kg,2.5,per 100g,Fresh Food
311268772,Tesco Green Olives With Garlic & Herbs 300G,TESCO,4.85,16.17,kg,16.17,kg,1.4,per 100g,Fresh Food
312831432,Wasabi Sweet Chilli Chicken With Rice 450G,WASABI,4.8,10.67,kg,10.67,kg,,per 100g,Fresh Food
305522745,"Innocent Super Smoothie Recharge, Mandarin & Carrot 750ml",innocent,4.5,6.0,litre,6.0,litre,0.35,per 100g,Fresh Food
307736190,Beretta Spianata Italiana 80G,BERETTA,3.0,37.5,kg,37.5,kg,26.0,per 100g,Fresh Food
311210307,The Tofoo Co. Sriracha Tofu 280G,THE TOFOO CO,2.85,10.18,kg,10.18,kg,13.1,per 100g,Fresh Food
312235619,Mockingbird Raw Boost Smoothie 750Ml,MOCKINGBIRD,4.5,6.0,litre,6.0,litre,0.52,per 100g,Fresh Food
313858301,Tarczynski Kabanos with Cheddar Stuffing 95g,TARCZYNSKI,2.65,27.9,kg,27.9,kg,18.0,per 100g,Fresh Food
308111759,Gü Plant Spanish Vegan Lemon Cheesecake Dessert 2 x 92g,GU,3.95,21.47,kg,21.47,kg,1.7,per 100g,Fresh Food
312579575,Gü Plant Zillionaire Vegan Cheesecake Dessert 2 x 91.5g,GU,3.95,21.58,kg,21.58,kg,2.0,per 100g,Fresh Food
314597437,Morliny Szynka Ham Slices 200g,MORLINY,2.45,12.25,kg,12.25,kg,19.0,per 100g,Fresh Food
299279863,Tesco Finest Sirloin Joint,TESCO finest,30.75,30.75,kg,30.75,kg,18.4,per 100g,Fresh Food
310153932,Fridge Raiders Meat Free Slow Roasted Tasty Bites 45G,FRIDGE RAIDERS,1.35,30.0,kg,30.0,kg,21.0,per 100g,Fresh Food
300134734,Tesco Coconut 80G,TESCO,1.5,18.75,kg,18.75,kg,3.8,per 100g,Fresh Food
307761343,Tesco Finest Apples Minimum 4 Pack,TESCO finest,3.1,0.78,each,0.78,each,0.6,per 100g,Fresh Food
293438011,Tesco Pink Roses Bouquet Small,TESCO,3.0,3.0,each,3.0,each,,,Fresh Food
302727675,Tesco Pulled Beef & Red Leicester Sandwich,TESCO,2.75,2.75,each,2.75,each,11.9,per 100g,Fresh Food
305431759,"Innocent Super Smoothie Invigorate, Kiwi & Cucumber Juice with Vitamins 300ml",innocent,2.5,8.33,litre,8.33,litre,1.3,per 100g,Fresh Food
303415069,Innocent Berry Set Go Juice 330Ml,innocent,2.3,6.97,litre,6.97,litre,0.18,per 100g,Fresh Food
305830720,KIND Protein Crunchy Peanut Butter Snack bar 50G,KIND,2.4,48.0,kg,48.0,kg,24.0,per 100g,Fresh Food
283052712,Tesco Organic British Lamb Leg Steaks 300G,TESCO ORGANIC,6.9,23.0,kg,23.0,kg,19.5,per 100g,Fresh Food
312567819,Graze Bbq Crunch 28G,GRAZE,1.2,42.86,kg,42.86,kg,0.0,per 100g,Fresh Food
297596290,"Love,Corn Sea Salt Roasted Corn Snack 45G",LOVE CORN,1.1,24.44,kg,24.44,kg,7.4,per 100g,Fresh Food
264443123,Walkers Monster Munch Snacks - Roast Beef 40g,WALKERS,1.2,30.0,kg,30.0,kg,2.8,per 100g,Fresh Food
252446887,Tesco Organic Beef Ribeye Steak,TESCO ORGANIC,41.25,41.25,kg,41.25,kg,18.8,per 100g,Fresh Food
309741168,Mallow & Marsh Dark Chocolate Over Raspberry Mallow 35g,MALLOW & MARSH,1.35,38.57,kg,38.57,kg,4.5,per 100g,Fresh Food
294459128,Nature Valley Protein Peanut & Chocolate Cereal Bars 40g,NATURE VALLEY,1.1,27.5,kg,27.5,kg,25.6,per 100g,Fresh Food
309494892,Tesco Finest Slow Cooked Chicken Legs 635G,TESCO finest,7.95,12.52,kg,12.52,kg,15.2,per 100g,Fresh Food
309486781,Tesco Shawarma Style Chicken Thighs 700G,TESCO,9.1,13.0,kg,13.0,kg,23.2,per 100g,Fresh Food
259256678,Gressingham Whole Guinea Fowl 1.05Kg,Gressingham,9.1,8.67,kg,8.67,kg,20.0,per 100g,Fresh Food
311694416,Heck Steak & Butter Burger 320G,HECK,4.5,14.06,kg,14.06,kg,20.0,per 100g,Fresh Food
310095516,Tgi Fridays Buffalo Chicken Wings 500G,TGI FRIDAY,4.5,9.0,kg,9.0,kg,24.4,per 100g,Fresh Food
312558427,"Innocent Super Smoothie Revitalise Raspberry, Cranberry, Pomegranate & Apple with Vitamins 750ml",innocent,4.5,6.0,litre,6.0,litre,0.42,per 100g,Fresh Food
311945852,Tesco Winter Fruit Salad 400G,TESCO,4.1,10.25,kg,10.25,kg,0.5,per 100g,Fresh Food
286184695,Morliny Chicken Breast Sausages 400G,MORLINY,3.6,9.0,kg,9.0,kg,17.0,per 100g,Fresh Food
311270287,Tesco Finest Lomo 80G,TESCO finest,3.1,38.75,kg,38.75,kg,36.4,per 100g,Fresh Food
311228060,Vivera Plant Salmon Style Fillets 2X100g,VIVERA,3.5,17.5,kg,17.5,kg,14.0,per 100g,Fresh Food
299947879,Tesco Finest Tarte Au Citron 450G,TESCO finest,5.0,11.11,kg,11.11,kg,3.9,per 100g,Fresh Food
312089383,Squeaky Bean Chargrilled Steak Strips 120G,SQUEAKY BEAN,3.25,27.08,kg,27.08,kg,25.0,per 100g,Fresh Food
311686991,Kirsty's Gluten Free Sweet & Sour Chicken & Rice 450G,Kirsty's,3.5,7.78,kg,7.78,kg,5.0,per 100g,Fresh Food
303817705,Chop Chilli Puree 75G,CHOP,1.65,23.57,kg,23.57,kg,1.3,per 100g,Fresh Food
306802424,The Coconut Collab Mango & Passionfruit Coconut Yoghurt 360g,COCONUT COLLABORATIVE,2.5,6.94,kg,6.94,kg,0.5,per 100g,Fresh Food
310165549,Takul Halal Kitchen 4 Lamb Samosas 160G,TAKUL,3.3,20.62,kg,20.62,kg,9.5,per 100g,Fresh Food
299970136,Tesco Chicken Salad Sub,TESCO,3.0,3.0,each,3.0,each,11.4,per 100g,Fresh Food
312991322,Tesco Grape & Berry Medley 230G,TESCO,2.55,11.09,kg,11.09,kg,0.6,per 100g,Fresh Food
303448116,Vita Coco Extra Coconut Water 1 Litre,VITA COCO,4.0,4.0,litre,4.0,litre,0.0,per 100g,Fresh Food
307364018,Tesco Meatball Marinara,TESCO,3.0,3.0,each,3.0,each,9.8,per 100g,Fresh Food
293369737,Tesco Pink Roses Flowers Bouquet,TESCO,5.0,5.0,each,5.0,each,,,Fresh Food
304795365,Tesco Plant Chef Hoisin Wrap,TESCO Plant Chef,3.0,3.0,each,3.0,each,8.3,per 100g,Fresh Food
311262104,Tesco Mixed Raisins 60G,TESCO,1.0,16.67,kg,16.67,kg,3.8,per 100g,Fresh Food
292215645,Lucozade Energy Zero Pink Lemonade 500Ml,Lucozade,1.85,3.7,litre,3.7,litre,0.0,per 100g,Fresh Food
310100114,Tesco Plant Chef All Day Breakfast Sandwich,TESCO Plant Chef,3.0,3.0,each,3.0,each,11.3,per 100g,Fresh Food
298231564,Hearty Food Co. Lasagne 400g,HEARTY FOOD CO.,2.2,5.5,kg,5.5,kg,8.0,per 100g,Fresh Food
306933263,KIND Protein Dark Chocolate snack Bar 50g,KIND,2.4,48.0,kg,48.0,kg,23.0,per 100g,Fresh Food
305982735,KIND Dark Chocolate Nuts & Sea Salt Cereal bar 40g,KIND,1.6,40.0,kg,40.0,kg,17.0,per 100g,Fresh Food
272107544,Fresh & Naked Spinach 125G,FRESH & NAKED,1.2,9.6,kg,9.6,kg,2.6,per 100g,Fresh Food
311939747,Candy Kittens Wild Strawberry Gourmet Sweets 54G,CANDY KITTENS,1.2,22.22,kg,22.22,kg,0.4,per 100g,Fresh Food
305982902,Tesco Indian Style Selection With Mango Dip 95G,TESCO,1.3,13.68,kg,13.68,kg,4.0,per 100g,Fresh Food
312986277,Graze Chilli & Lime Nuts 38G,GRAZE,1.2,31.58,kg,31.58,kg,22.0,per 100g,Fresh Food
311424927,The Coconut Collab Mango & Passionfruit Coconut Yoghurt 100g,COCONUT COLLABORATIVE,1.0,10.0,kg,10.0,kg,0.7,per 100g,Fresh Food
304371740,Tesco Mediterranean Pork Loin Steaks 600G,TESCO,6.15,10.25,kg,10.25,kg,31.4,per 100g,Fresh Food
305438579,Tesco Finest Raw Extra Large Scallops 120G,TESCO finest,7.0,58.33,kg,58.33,kg,25.1,per 100g,Fresh Food
305958575,Tesco Finest Mozzarella & Pesto Pasta Salad 235G,TESCO finest,4.25,18.08,kg,18.08,kg,8.1,per 100g,Fresh Food
300117657,Tesco Finest New York Deli Inspired Pastrami & Emmental Sandwich,TESCO finest,4.25,4.25,each,4.25,each,12.5,per 100g,Fresh Food
311958802,Tesco Teriyaki Beef Brisket 370G,TESCO,5.6,15.14,kg,15.14,kg,24.5,per 100g,Fresh Food
302947875,Tesco Pink Lady Apple Slices 350G,TESCO,2.85,8.14,kg,8.14,kg,0.4,per 100g,Fresh Food
309205889,Krakus Golonka Canned Cured Pork Meat 300G,KRAKUS,2.7,9.0,kg,9.0,kg,17.0,per 100g,Fresh Food
305988003,Tesco Potato & Egg Salad 300G,TESCO,3.0,10.0,kg,10.0,kg,2.4,per 100g,Fresh Food
310162437,Tesco Chinese Style Chicken Curry 400G,TESCO,3.85,9.62,kg,9.62,kg,11.8,per 100g,Fresh Food
305983400,Jolly Hog Porky Black Sausages 400G,THE JOLLY HOG,3.8,9.5,kg,9.5,kg,13.3,per 100g,Fresh Food
308832333,Tesco Loaded Triple Chocolate Brownie 380G,TESCO,4.15,10.92,kg,10.92,kg,5.5,per 100g,Fresh Food
309449808,Elit Carnati Bicaz Sausage 500G,ELITE,2.5,5.0,kg,5.0,kg,12.0,per 100g,Fresh Food
312699974,Noel Chorizo Iberico 70G,NOEL,4.0,57.14,kg,57.14,kg,,,Fresh Food
278907435,Tesco Chicken Tikka & Mango Chutney Sandwich,TESCO,2.75,2.75,each,2.75,each,11.0,per 100g,Fresh Food
297005990,Bonne Maman Blackcurrant Mousse 2 x 70g,Bonne Maman,2.2,15.71,kg,15.71,kg,2.6,per 100g,Fresh Food
311794528,Tesco Deli Style Cheese & Pickle Sandwich,TESCO,2.75,2.75,each,2.75,each,9.2,per 100g,Fresh Food
309472780,Sokolow Nordic Style Bacon In Block 480G,SOKOLOW,5.65,11.77,kg,11.77,kg,16.0,per 100g,Fresh Food
311961573,The Coconut Collab Plain Gut Health Coconut Yoghurt 350g,COCONUT COLLABORATIVE,2.5,7.14,kg,7.14,kg,0.7,per 100g,Fresh Food
311439607,Fridge Raiders Slow Roasted Chicken Bites 165G,FRIDGE RAIDERS,2.5,15.15,kg,15.15,kg,21.0,per 100g,Fresh Food
274649544,Tesco Smoked Ham & Mustard Sandwich,TESCO,2.2,2.2,each,2.2,each,11.7,per 100g,Fresh Food
312851546,Don Simon Orange Juicy Bits 1L,DON SIMON,2.5,2.5,litre,2.5,litre,0.6,per 100g,Fresh Food
299980153,Tesco Roast Chicken Mozzarella & Pesto Sandwich,TESCO,2.75,2.75,each,2.75,each,9.7,per 100g,Fresh Food
292991341,Harry Brompton's Peach Iced Tea 500ml,LOCAL HARRY BROMPTON,1.85,3.7,litre,3.7,litre,,per 100g,Fresh Food
303068047,Monster Energy Drink Pipeline Punch 500ml,Coca-Cola,2.0,4.0,litre,4.0,litre,,per 100g,Fresh Food
312365943,Tesco 2 Lemon Parsley Butterflied Sea Bass Fillets 255G,TESCO,7.5,29.41,kg,29.41,kg,22.0,per 100g,Fresh Food
250164181,Tesco Finest Mango Each,TESCO finest,2.35,2.35,each,2.35,each,0.7,per 100g,Fresh Food
291242723,Charlie Bigham's Macaroni Cheese 670G,Charlie Bigham's,9.95,14.85,kg,14.85,kg,9.4,per 100g,Fresh Food
299270348,Tesco Finest Cote D'boeuf,TESCO finest,35.75,35.75,kg,35.75,kg,20.6,per 100g,Fresh Food
309165769,Tesco Finest Boneless Lamb Leg Roasting Joint,TESCO finest,26.0,26.0,kg,26.0,kg,24.8,per 100g,Fresh Food
310144056,Charlie Bighams Smoked Haddock Gratin 650G,Charlie Bigham's,9.95,15.31,kg,15.31,kg,7.5,per 100g,Fresh Food
299270849,Tesco Finest T-Bone,TESCO finest,39.0,39.0,kg,39.0,kg,19.1,per 100g,Fresh Food
310174688,Tgi Fridays Bbq Beef Brisket 400G,TGI FRIDAY,5.5,13.75,kg,13.75,kg,29.9,per 100g,Fresh Food
308452978,Tesco Organic Beef Quarter Pounders 2 Pack 227g,TESCO ORGANIC,4.6,20.26,kg,20.26,kg,24.2,per 100g,Fresh Food
299344423,Tesco Raw Squid Rings 150G,TESCO,3.9,26.0,kg,26.0,kg,22.7,per 100g,Fresh Food
312362779,The Black Farmer Spicy Jerk Chicken With Rice 400G,THE BLACK FARMER,3.75,9.38,kg,9.38,kg,8.9,per 100g,Fresh Food
311201460,Takul Halal Kitchen Chicken Tikka Samosas 160G,TAKUL,3.3,20.62,kg,20.62,kg,12.7,per 100g,Fresh Food
312352970,The Black Farmer Spicy Mutton Curry With Rice 400G,THE BLACK FARMER,3.75,9.38,kg,9.38,kg,8.1,per 100g,Fresh Food
309453584,Elit Summer Salami 400G,ELITE,2.15,5.38,kg,5.38,kg,11.0,per 100g,Fresh Food
252513382,Tesco Organic British Lamb Half Leg Joint,TESCO ORGANIC,17.5,17.5,kg,17.5,kg,19.1,per 100g,Fresh Food
304368854,Tesco Chicken Peanut Satay Wrap,TESCO,3.0,3.0,each,3.0,each,10.3,per 100g,Fresh Food
308857298,Tesco Tomato & Mozzarella Salad Bowl 220G,TESCO,3.0,13.64,kg,13.64,kg,4.7,per 100g,Fresh Food
311432900,Remedy Kombucha - Wild Berry 250ml,REMEDY,1.85,7.4,litre,7.4,litre,,per 100g,Fresh Food
311690616,Remedy Kombucha Raspberry Lemonade Sugar Free 250Ml,REMEDY,1.85,7.4,litre,7.4,litre,,per 100g,Fresh Food
306823088,Tesco Tandoori Chicken Thigh Pieces 180G,TESCO,3.95,21.94,kg,21.94,kg,19.9,per 100g,Fresh Food
293623667,Tesco Pea & Mint Soup 600G,TESCO,1.85,3.08,kg,3.08,kg,2.4,per 100g,Fresh Food
305986472,Tesco Sweet Chilli Houmous & Breadsticks 57G,TESCO,1.3,23.21,kg DR.WT,23.21,kg dr.wt,8.4,per 100g,Fresh Food
290404747,KIND Caramel Almond & Sea Salt Cereal bar 40g,KIND,1.6,40.0,kg,40.0,kg,16.0,per 100g,Fresh Food
308478314,Tesco Egg & Salad Cream 130G,TESCO,1.3,10.0,kg,10.0,kg,10.2,per 100g,Fresh Food
312355172,Tesco Finest Moroccan Inspired Lamb Kebabs 460G,TESCO finest,9.0,19.56,kg,19.56,kg,17.1,per 100g,Fresh Food
311270987,Tesco Finest Italian Antipasto Platter 188G,TESCO finest,6.95,36.97,kg,36.97,kg,25.0,per 100g,Fresh Food
310693413,Tesco Italian Inspired Pork Pizziola Steaks 700G,TESCO,6.85,9.79,kg,9.79,kg,18.2,per 100g,Fresh Food
311279281,Tesco Finest Spanish Meat & Cheese Selection 200G,TESCO finest,6.0,30.0,kg,30.0,kg,24.3,per 100g,Fresh Food
306802073,Tesco 2 Beef Grill Steaks 300G,TESCO,3.6,12.0,kg,12.0,kg,21.2,per 100g,Fresh Food
292892026,Tesco Cinnamon Swirl,TESCO,1.2,1.2,each,1.2,each,5.6,per 100g,Fresh Food
292891966,Tesco All Butter Pain Au Chocolat,TESCO,1.2,1.2,each,1.2,each,7.8,per 100g,Fresh Food
292891880,Tesco All Butter Almond Croissant,TESCO,1.2,1.2,each,1.2,each,9.1,per 100g,Fresh Food
292891989,Tesco All Butter Pain Au Raisin,TESCO,1.2,1.2,each,1.2,each,6.8,per 100g,Fresh Food
292891943,Tesco All Butter Chocolate Croissant,TESCO,1.2,1.2,each,1.2,each,7.8,per 100g,Fresh Food
308092044,Tesco Watermelon 130G,TESCO,1.5,11.54,kg,11.54,kg,0.4,per 100g,Fresh Food
306277578,Kind Protein Caramel Nut 50g,KIND,2.4,48.0,kg,48.0,kg,25.0,per 100g,Fresh Food
292095808,Chupa Chups Sugar Free Lolly 11G,PERFETTI,0.4,36.36,kg,36.36,kg,0.0,per 100g,Fresh Food
294067937,Walkers Sunbites Sweet Chilli Snacks 28 G,WALKERS,1.0,35.71,kg,35.71,kg,7.3,per 100g,Fresh Food
311955425,Tesco Finest Burland Bloom 150G,TESCO finest,3.15,21.0,kg,21.0,kg,18.7,per 100g,Fresh Food
311690904,Tesco Finest Lamb Rump Joint With Rosemary & Mint,TESCO,22.05,22.05,kg,22.05,kg,21.0,per 100g,Fresh Food
274457564,Happy Egg Free Range Eggs Large 10 Pack,HAPPY EGG,3.75,0.38,each,0.38,each,12.6,per 100g,Fresh Food
250700175,Tesco Chicken & Stuffing Sandwich,TESCO,2.75,2.75,each,2.75,each,12.7,per 100g,Fresh Food
309173667,Tesco Mature Cheddar 700G,TESCO,4.65,6.64,kg,6.64,kg,25.4,per 100g,Fresh Food
310188476,Emmi Caffe Latte - Caramel 370ml,emmi,2.95,7.97,litre,7.97,litre,3.0,per 100g,Fresh Food
312340206,Highland Game Cumberland Venison Sausages 6 Pack 300G,HIGHLAND GAME,2.75,9.17,kg,9.17,kg,15.5,per 100g,Fresh Food
311422060,Nature Valley Protein Salted Caramel Nut Cereal Bar 40g,NATURE VALLEY,1.1,27.5,kg,27.5,kg,26.0,per 100g,Fresh Food
309455271,Gressingham Whole Duck With Giblets 1.8Kg,Gressingham,9.55,5.31,kg,5.31,kg,16.0,per 100g,Fresh Food
305976795,Yeo Valley Organic  Greek Recipe 5% Fat Natural 850g,Yeo Valley,4.95,5.82,kg,5.82,kg,9.0,per 100g,Fresh Food
263879507,Cawston Press Cloudy Apple Juice 1 Litre,CAWSTON PRESS,3.35,3.35,litre,3.35,litre,0.1,per 100g,Fresh Food
303065603,Tesco Firepit Mango Coconut & Lime Chicken Fillets 300G,FIRE PIT,5.0,16.67,kg,16.67,kg,27.7,per 100g,Fresh Food
311440654,Tesco Mixed Fruit & Nut 25G,TESCO,0.7,28.0,kg,28.0,kg,14.8,per 100g,Fresh Food
305980229,Tesco Mozzarella With Pesto 125G,TESCO,3.0,24.0,kg,24.0,kg,15.1,per 100g,Fresh Food
264429037,Tesco Firepit Chinese Chicken Style Thighs 900G,FIRE PIT,5.25,5.83,kg,5.83,kg,22.9,per 100g,Fresh Food
311435350,Tesco King Cherries 300G,TESCO,4.5,15.0,kg,15.0,kg,0.9,per 100g,Fresh Food
301794048,Gressingham Duck Breasts In Plum Sauce 400G,Gressingham,7.5,18.75,kg,18.75,kg,16.0,per 100g,Fresh Food
291684453,Tesco Firepit 6 Chinese Style Pork Loin Steaks 600G,FIRE PIT,5.25,8.75,kg,8.75,kg,30.7,per 100g,Fresh Food
260918818,Tesco Okra 175G,TESCO,1.75,10.0,kg,10.0,kg,2.8,per 100g,Fresh Food
302686929,Tesco Snack Pack Almonds 60G,TESCO,1.0,16.67,kg,16.67,kg,25.8,per 100g,Fresh Food
288058750,Tesco Snacking Roasted Pistachio 50G,TESCO,1.0,20.0,kg,20.0,kg,23.1,per 100g,Fresh Food
302685781,Tesco Snack Pack Soft Apricots 50G,TESCO,1.0,20.0,kg,20.0,kg,2.8,per 100g,Fresh Food
302687139,Tesco Roasted Nut Snack Pack 55G,TESCO,1.0,18.18,kg,18.18,kg,23.4,per 100g,Fresh Food
315368457,Ivy's Reserve Salted Farmhouse Butter 250G,IVY'S,3.2,12.8,kg,12.8,kg,0.6,per 100g,Fresh Food
277733993,President Slightly Salted Butter 250G,PRESIDENT,3.55,14.2,kg,14.2,kg,0.7,per 100g,Fresh Food
315837565,Le Gall La Motte Churn Butter with Crystal Sea Salt 250g,LE GALL,3.5,14.0,kg DR.WT,14.0,kg dr.wt,0.7,per 100g,Fresh Food
309776743,Tesco Classic Cheese Selection 450G,TESCO,6.9,15.33,kg,15.33,kg,23.7,per 100g,Fresh Food
314430811,Lurpak Butter - Slightly Salted 200g,LURPAK,2.8,14.0,kg,14.0,kg,0.6,per 100g,Fresh Food
314414883,Lurpak Unsalted Butter 200G,LURPAK,2.8,14.0,kg,14.0,kg,0.6,per 100g,Fresh Food
321216335,Country Life British Salted Block Butter 200g,COUNTRY LIFE,2.7,13.5,kg,13.5,kg,0.5,per 100g,Fresh Food
322551903,Kerrygold Pure Irish  Salted Butter 200g,KERRYGOLD,2.65,13.25,kg,13.25,kg,0.6,per 100g,Fresh Food
313941755,Anchor Salted Butter 200G,ANCHOR,2.6,13.0,kg,13.0,kg,0.6,per 100g,Fresh Food
322663258,Elmlea Creamy and Buttery Unsalted Blended Butter 250g,Elmlea,1.95,7.8,kg,7.8,kg,,per 100g,Fresh Food
316641967,Flora Plant Butter Unsalted 200g,FLORA,1.85,9.25,kg,9.25,kg,,per 100g,Fresh Food
316809436,Flora Plant Butter Salted 200g,FLORA,1.85,9.25,kg,9.25,kg,,per 100g,Fresh Food
317053204,Tesco Finest Garlic & Mixed Herb Butter With Onion 90g,TESCO finest,1.7,18.89,kg,18.89,kg,0.9,per 100g,Fresh Food
317419176,"Tesco Finest Butter with Truffle Flavoured Olive Oil, Black Pepper, Garlic & Onion 90g ",TESCO finest,1.7,18.89,kg,18.89,kg,0.8,per 100g,Fresh Food
317414786,"Tesco Finest Butter with Garlic, Herb & Onion 90g",TESCO finest,1.7,18.89,kg,18.89,kg,0.9,per 100g,Fresh Food
322440954,Willow Block Alternative to Butter 200g,WILLOW,1.0,5.0,kg,5.0,kg,0.3,per 100g,Fresh Food
317064220,"Tesco Finest Butter With Smoked Paprika, Chilli, Garlic & Smoked Salt 90g",TESCO finest,1.7,18.89,kg,18.89,kg,1.2,per 100g,Fresh Food
317555774,Tesco Finest Extra Mature Cheddar Cheese 550g,TESCO finest,5.5,10.0,kg,10.0,kg,25.4,per 100g,Fresh Food
317549148,Tesco Finest Vintage Cheddar Cheese 500g,TESCO finest,5.5,11.0,kg,11.0,kg,25.4,per 100g,Fresh Food
322766425,Tesco Finest Wild Garlic Crispy Chicken Kievs 386g,TESCO finest,6.25,16.19,kg,16.19,kg,15.9,per 100g,Fresh Food
314107573,Premier Deli Cooked Ham Trimmings 400G,PREM DELI,3.4,8.5,kg,8.5,kg,,per 100g,Fresh Food
322058555,Tesco Finest Manchego Cheese 175g,TESCO finest,4.3,24.57,kg,24.57,kg,24.0,per 100g,Fresh Food
315383853,Tesco 2 Cheese and Bacon Chicken Kievs 260g,TESCO,3.25,12.5,kg,12.5,kg,13.2,per 100g,Fresh Food
317199953,Tesco Finest Vintage Red Fox Cheese 200g,TESCO finest,3.35,16.75,kg,16.75,kg,23.6,per 100g,Fresh Food
315573974,Tesco 2 Garlic and Herb Chicken Kievs 270g,TESCO,3.25,12.04,kg,12.04,kg,13.5,per 100g,Fresh Food
314942735,Tesco Finest Italian Smoked Scamorza Mozzarella 180G,TESCO finest,2.65,14.72,kg,14.72,kg,21.7,per 100g,Fresh Food
323140375, Tesco Finest Cordon Bleu Crispy Chicken Kievs 430g,TESCO finest,6.25,14.54,kg,14.54,kg,18.5,per 100g,Fresh Food
315467680,Tesco Garlic & Herb Chicken Kievs 375g,TESCO,4.65,12.4,kg,12.4,kg,18.7,per 100g,Fresh Food
313854109,Leerdammer Original Grated Cheese 160g,LEERDAMMER,2.35,14.69,kg,14.69,kg,27.0,per 100g,Fresh Food
322640355,TREWITHEN DAIRY Cornish Double Cream 300ml,TREWITHEN DAIRY,2.4,8.0,litre,8.0,litre,1.6,per 100g,Fresh Food
318090590,Elmlea Double Cream Alternative 500ml,Elmlea,2.0,4.0,litre,4.0,litre,1.8,per 100g,Fresh Food
253743128,Tesco Filtered Skimmed Milk 2 Litre,TESCO,2.1,1.05,litre,1.05,litre,3.4,per 100g,Fresh Food
312839631,Tesco Large Pack Shortcrust Pastry 475G,TESCO,1.9,4.0,kg,4.0,kg,7.8,per 100g,Fresh Food
320982615,Tesco Finest Iberico Cheese 170g,TESCO finest,4.5,26.47,kg,26.47,kg,24.4,per 100g,Fresh Food
313851697,Tesco Ready Rolled Shortcrust Savoury Pastry 320G,TESCO,1.35,4.22,kg,4.22,kg,7.8,per 100g,Fresh Food
322440015,Elmlea Creamy and Buttery Salted Blended Butter 250g,Elmlea,1.95,7.8,kg,7.8,kg,,per 100g,Fresh Food
323153146,Tesco Finest Lemon Crispy Chicken Schnitzel 355g,TESCO finest,6.0,16.9,kg,16.9,kg,17.1,per 100g,Fresh Food
320990242,Arla BOB Skimmed Milk 1L Tastes like Semi Skimmed,Arla,1.55,1.55,litre,1.55,litre,4.5,per 100g,Fresh Food
323004139,Tesco Finest Parmesan Parmigiana Crispy Chicken Breasts 420g,TESCO finest,6.0,14.29,kg,14.29,kg,17.0,per 100g,Fresh Food
325795496,Allure,Flower Station,38.5,38.5,each,38.5,each,,,Fresh Food
325795497,Stargazer (Vase Included),Flower Station,59.0,59.0,each,59.0,each,,,Fresh Food
325795498,Sweet Scents,Flower Station,60.0,60.0,each,60.0,each,,,Fresh Food
325795499,Sunset Delight,Flower Station,44.0,44.0,each,44.0,each,,,Fresh Food
325795501,Pink Kiss,Flower Station,49.0,49.0,each,49.0,each,,,Fresh Food
325795503,Tango Dream,Flower Station,30.0,30.0,each,30.0,each,,,Fresh Food
325795504,Hello Sunshine,Flower Station,30.0,30.0,each,30.0,each,,,Fresh Food
325965537,Sunlit Embrace Bouquet,Flower Station,59.0,59.0,each,59.0,each,,,Fresh Food
325981137,Sweet Nectar Bouquet,Flower Station,65.0,65.0,each,65.0,each,,,Fresh Food
325981138,"Love, Actually Bouquet",Flower Station,32.0,32.0,each,32.0,each,,,Fresh Food
325981142,Bright Delight Bouquet,Flower Station,34.0,34.0,each,34.0,each,,,Fresh Food
325981144,Sunflower Bliss Bouquet,Flower Station,69.0,69.0,each,69.0,each,,,Fresh Food
325981143,True Affection Bouquet,Flower Station,34.99,34.99,each,34.99,each,,,Fresh Food
325981145,Bold & Beautiful Bouquet,Flower Station,35.0,35.0,each,35.0,each,,,Fresh Food
325981146,Spring Sparkle Bouquet,Flower Station,69.0,69.0,each,69.0,each,,,Fresh Food
325981147,Pink Garden Bouquet,Flower Station,67.0,67.0,each,67.0,each,,,Fresh Food
325981148,Lush Elegance Bouquet,Flower Station,34.0,34.0,each,34.0,each,,,Fresh Food
325981149,Festive Flair Bouquet,Flower Station,35.0,35.0,each,35.0,each,,,Fresh Food
325981150,London Brights Bouquet,Flower Station,32.0,32.0,each,32.0,each,,,Fresh Food
325981151,Sweet Life Bouquet,Flower Station,34.99,34.99,each,34.99,each,,,Fresh Food
325981152,Friendship Flair Bouquet,Flower Station,32.0,32.0,each,32.0,each,,,Fresh Food
325986674,Delicate Charm Bouquet,Flower Station,35.0,35.0,each,35.0,each,,,Fresh Food
326237346,Believe in Blooms,Flower Station,34.99,34.99,each,34.99,each,,,Fresh Food
326237349,Simply Perfect,Flower Station,33.5,33.5,each,33.5,each,,,Fresh Food
326237351,Love Sings,Flower Station,39.0,39.0,each,39.0,each,,,Fresh Food
326237352,Yours Truly,Flower Station,59.0,59.0,each,59.0,each,,,Fresh Food
326237353,Best of Luck,Flower Station,55.0,55.0,each,55.0,each,,,Fresh Food
326237358,Diamond Glow,Flower Station,69.0,69.0,each,69.0,each,,,Fresh Food
326155873,Hostest with Mostest,Flower Station,90.0,90.0,each,90.0,each,,,Fresh Food
326172445,Pink Baby's Breath in a Vase Bouquet (Vase Included),Flower Station,55.0,55.0,each,55.0,each,,,Fresh Food
326172448,Ever lasting love Bouquet,Flower Station,39.0,39.0,each,39.0,each,,,Fresh Food
326172447,Golden Muse Bouquet,Flower Station,45.0,45.0,each,45.0,each,,,Fresh Food
326172449,White Baby's Breath in a Vase Bouquet (Vase Included),Flower Station,45.0,45.0,each,45.0,each,,,Fresh Food
326180796,Infinity White Rose Head in Black Vase and Gift Box,Flower Station,30.0,30.0,each,30.0,each,,,Fresh Food
326180797,Spring Sparkle Bouquet Deluxe,Flower Station,84.0,84.0,each,84.0,each,,,Fresh Food
326180802,Sweet Nectar Bouquet Deluxe,Flower Station,84.0,84.0,each,84.0,each,,,Fresh Food
326180800,Best of Luck Bouquet Deluxe,Flower Station,69.99,69.99,each,69.99,each,,,Fresh Food
326180807,Pink Muse Bouquet,Flower Station,65.0,65.0,each,65.0,each,,,Fresh Food
326180808,Lisianthus Bouquet,Flower Station,55.0,55.0,each,55.0,each,,,Fresh Food
322250499,Tesco Mozzarella Grated 500g,TESCO,4.65,9.3,kg,9.3,kg,22.7,per 100g,Fresh Food
322043802,Finnebrogue Naked Wafer Thin Ham Slices 200g,FINNEBROGUE,3.55,17.75,kg,17.75,kg,18.4,per 100g,Fresh Food
322444783,Tesco Mozzarella for Pizza 400g,TESCO,4.1,10.25,kg,10.25,kg,20.0,per 100g,Fresh Food
326237347,Timeless Rose Bouquet,Flower Station,39.95,39.95,each,39.95,each,,,Fresh Food
326237363,Treasured Rose Mix,Flower Station,45.0,45.0,each,45.0,each,,,Fresh Food
326172443,White Roses with Eucalyptus Bouquet,Flower Station,47.0,47.0,each,47.0,each,,,Fresh Food
326172450,Orange Roses with Eucalyptus Bouquet,Flower Station,47.0,47.0,each,47.0,each,,,Fresh Food
326172452,Sugar Rush Bouquet,Flower Station,55.0,55.0,each,55.0,each,,,Fresh Food
326172453,Pink Roses with Eucalyptus Bouquet,Flower Station,47.0,47.0,each,47.0,each,,,Fresh Food
326197210,"Ghee 245g, Organic (Ghee Easy) | Multi",Ghee Easy,8.72,35.59,kg,35.59,kg,,,Fresh Food
326190088,Organic Smooth Almond Butter 170g (Clearspring),Clearspring,6.95,40.88,kg,40.88,kg,,,Fresh Food
326190092,Organic Crunchy Almond Butter 170g (Clearspring),Clearspring,6.95,40.88,kg,40.88,kg,,,Fresh Food
326197368,Organic Smooth Almond Butter 170g (Meridian),Meridian,6.1,35.88,kg,35.88,kg,,,Fresh Food
321045957,Tesco Finest Italian Burrata with Truffle 225G ,TESCO finest,3.15,14.0,kg DR.WT,14.0,kg dr.wt,10.2,per 100g,Fresh Food
313833031,Tesco Finest Roquefort 100G,TESCO finest,3.0,30.0,kg,30.0,kg,19.1,per 100g,Fresh Food
325795493,Colour Me Happy Bouquet,Flower Station,45.0,45.0,each,45.0,each,,,Fresh Food
325795495,Vase of Tulips Bouquet,Flower Station,49.0,49.0,each,49.0,each,,,Fresh Food
325978385,Minton & Donello Rice Flour Rolled Chopped Dates 6 x 500g | Multi,Minton & Donello,20.49,0.66,100g,6.6000000000000005,kg,3.3,per 100g,Fresh Food
326190271,Mock Duck Grilled Seitan 225g (Marigold),Marigold,3.49,15.51,kg,15.51,kg,,,Fresh Food
315349601,Tesco Southern Fried Chicken Steaks 4 Pack 505g,TESCO,4.0,7.92,kg,7.92,kg,14.5,per 100g,Fresh Food
315754841,Tesco Finest Crumbed Wiltshire Cured Ham 120g,TESCO finest,3.5,29.17,kg,29.17,kg,23.8,per 100g,Fresh Food
321025722,Tesco Plain Baking Camembert 245g,TESCO,3.5,14.29,kg,14.29,kg,19.9,per 100g,Fresh Food
317555244,Tesco Finest Mozzarella Di Bufala Campana PDO 200g,TESCO finest,2.5,12.5,kg DR.WT,12.5,kg dr.wt,14.0,per 100g,Fresh Food
326197489,Organic Japanese Shiitake Mushrooms 40g (Clearspring) | Multi,Clearspring,8.74,218.5,kg,218.5,kg,,,Fresh Food
326197547,Porcini Mushrooms 30g (Tropical Wholefoods) | Multi,Tropical Wholefoods,5.99,199.67,kg,199.67,kg,,,Fresh Food
316071282,Tesco Finest 2 Thick Whole Slices Roast Ham 120g,TESCO finest,3.5,29.17,kg,29.17,kg,24.7,per 100g,Fresh Food
316055745,Tesco Finest Finely Sliced Wiltshire Cured Ham 120g,TESCO finest,3.5,29.17,kg,29.17,kg,24.7,per 100g,Fresh Food
326087606,8 x 1L Alpro Protein Mixed Bundle Pack | Multi | 8,Alpro,20.0,20.0,each,20.0,each,,,Fresh Food
315972755,Tesco Finest Roast Dry Cured Ham 120g,TESCO finest,3.5,29.17,kg,29.17,kg,24.6,per 100g,Fresh Food
255169542,Tesco Mini Mozzarella Pearls 210G,TESCO,1.9,15.2,kg DR.WT,15.2,kg dr.wt,18.0,per 100g,Fresh Food
322061072,Tesco Finest Deli Pork Loin Slices 100g  ,TESCO finest,4.0,40.0,kg,40.0,kg,28.7,per 100g,Fresh Food
325634831,S'well Steffi Lynn Salad Bowl Kit 1.9L,S'well,35.99,35.99,each,35.99,each,,,Fresh Food
325968798,"Salad Bowl: 26cm La Rochere Bee Light Blue Salad Bowl, Ceramic Blue",Tradestock,51.75,51.75,each,51.75,each,,,Fresh Food
326017140,"Zeal Melamine Salad Bowl, 26cm, Sage Green",Zeal,23.95,23.95,each,23.95,each,,,Fresh Food
326017154,"Zeal Melamine Salad Bowl, 26cm, Mustard Yellow",Zeal,23.95,23.95,each,23.95,each,,,Fresh Food
320965100,Princes Ham 340g,PRINCES,3.0,8.82,kg,8.82,kg,14.0,per 100g,Fresh Food
326180822,MYOM 1L Glass Milk Bottle,MYOM,7.99,7990.0,litre,7990.0,litre,,,Fresh Food
326180821,MYOM 500ml Original Oat Drink Premix Case,MYOM,43.99,1.83,litre,1.83,litre,,,Fresh Food
326180823,MYOM 500ml Glass Milk Bottle,MYOM,5.99,5990.0,litre,5990.0,litre,,,Fresh Food
326180824,MYOM 1L Original Oat Drink Premix Case,MYOM,43.99,1.38,litre,1.38,litre,,,Fresh Food
325795500,Carnation Creation,Flower Station,40.0,40.0,each,40.0,each,,,Fresh Food
326237356,She's The One,Flower Station,69.0,69.0,each,69.0,each,,,Fresh Food
326180799,She's The One Bouquet Deluxe,Flower Station,77.0,77.0,each,77.0,each,,,Fresh Food
326180806,100 Classic Red Roses Bouquet,Flower Station,160.0,160.0,each,160.0,each,,,Fresh Food
326180809,Carnation Kiss Bouquet,Flower Station,35.0,35.0,each,35.0,each,,,Fresh Food
325978463,Minton & Donello Organic Dried Mango Strips 6 x 125g | Multi,Minton & Donello,22.99,28.74,kg,28.74,kg,,,Fresh Food
326087607,8 x 1L Alpro Barista Mixed Bundle Pack | Multi | 8,Alpro,16.8,16.8,each,16.8,each,,,Fresh Food
326273588,MYOM 1L Barista Oat Drink Premix Case,MYOM,39.99,1.67,litre,1.67,litre,,,Fresh Food
326304515,MYOM 1L Barista Oat Milk Bottle,MYOM,7.99,7990.0,litre,7990.0,litre,,,Fresh Food
326394035,Mindfuel Flow Perform - Lion's Mane Oat Latte Salted Caramel 6 x 250ml | Cream | Salted Caramel,Mindfuel Flow,20.0,20.0,each,20.0,each,,,Fresh Food
315860980,Tesco Pork & Egg Roll Slices 125g,TESCO,1.8,14.4,kg,14.4,kg,14.3,per 100g,Fresh Food
326180798,White Lilies in Glass Vase Bouquet,Flower Station,42.5,42.5,each,42.5,each,,,Fresh Food
326197541,Organic Kidney Bean and Red Pepper Pate 140g (Suma) | Multi,Suma,2.98,21.29,kg,21.29,kg,,,Fresh Food
325720845,Chocolate  Ravioli,Choc On Choc,8.4,8.4,each,8.4,each,5.0,per 100g,Fresh Food
326190199,Organic Moroccan Chickpea Tagine 400g (Geo Organics),Geo Organics,3.62,9.05,kg,9.05,kg,,,Fresh Food
326190120,"Ultimate Almond Drink, Organic 1 Litre (Rude Health)",Rude Health,3.85,3.85,each,3.85,each,,,Fresh Food
326197375,Organic Roasted Almond and Oat Drink 1l (Rude Health),Rude Health,2.79,2.79,each,2.79,each,,,Fresh Food
316060787,Tesco British Crumbed Ham Slices 120g,TESCO,2.25,18.75,kg,18.75,kg,21.2,per 100g,Fresh Food
316177140,Tesco British Cooked Ham Slices 120g,TESCO,2.25,18.75,kg,18.75,kg,21.1,per 100g,Fresh Food
315575269,Tesco Breaded Chicken Steaks 4 Pack 505g,TESCO,4.0,7.92,kg,7.92,kg,15.1,per 100g,Fresh Food
316198881,Tesco British Wafer Thin Cooked Ham Slices 120g,TESCO,2.25,18.75,kg,18.75,kg,21.1,per 100g,Fresh Food
314602620,Tesco Mozzarella 200g,TESCO,1.3,10.4,kg DR.WT,10.4,kg dr.wt,18.0,per 100g,Fresh Food
317542720,Tesco Finest Dry Cured Cooked Ham Slices 130g,TESCO finest,4.0,30.77,kg,30.77,kg,25.6,per 100g,Fresh Food
322143275,Tesco Deli Yorkshire Ham Slices 120g,TESCO,3.0,25.0,kg,25.0,kg,24.9,per 100g,Fresh Food
321340550,Tesco Cooked Ham 400g ,TESCO,2.19,5.48,kg,5.48,kg,18.7,per 100g,Fresh Food
325253088,Cole & Mason Barkway Acacia Board Large | Brown,Cole & Mason,31.5,31.5,each,31.5,each,,,Fresh Food
325345777,Artesà Acacia Wood & Slate Serving Board,Artesà,15.49,15.49,each,15.49,each,,,Fresh Food
325345778,KitchenCraft Cheese Board Set White Ceramic,Kitchencraft,18.99,18.99,each,18.99,each,,,Fresh Food
325345821,Artesà Rustic Small Wooden Serving Board,Artesà,15.99,15.99,each,15.99,each,,,Fresh Food
325345815,Artesà Rustic Large Wooden Serving Board,Artesà,23.99,23.99,each,23.99,each,,,Fresh Food
325345861,Artesà Rustic Medium Wooden Serving Board,Artesà,19.49,19.49,each,19.49,each,,,Fresh Food
325345935,Artesà Mango Wood Paddle Serving Board,Artesà,17.99,17.99,each,17.99,each,,,Fresh Food
325368908,Meg Hawkins Rubber Wood & Ceramic Serving Board Hare 27 x 35 cms,Meg Hawkins,22.0,22.0,each,22.0,each,,,Fresh Food
325411382,Apollo Dimples 21cm Cheese Plate,Apollo,8.05,8.05,each,8.05,each,,,Fresh Food
325411660,Judge Marble Cheese Board & Cutter,Judge,19.05,19.05,each,19.05,each,,,Fresh Food
325411756,Judge 19cm Marble Cheese Serving Board with Dome,Judge,29.05,29.05,each,29.05,each,,,Fresh Food
325411825,The Just Slate Company Hare Slate Cheese Board,The Just Slate Company,27.5,27.5,each,27.5,each,,,Fresh Food
325411826,The Just Slate Company Dachshund Slate Cheese Board,The Just Slate Company,27.5,27.5,each,27.5,each,,,Fresh Food
325411828,The Just Slate Company Bee Slate Cheese Board,The Just Slate Company,27.5,27.5,each,27.5,each,,,Fresh Food
325411829,The Just Slate Company Labrador Slate Cheese Board,The Just Slate Company,27.5,27.5,each,27.5,each,,,Fresh Food
325411830,The Just Slate Company Highland Cow Slate Cheese Board,The Just Slate Company,27.5,27.5,each,27.5,each,,,Fresh Food
325411832,The Just Slate Company Cocker Spaniel Slate Cheese Board,The Just Slate Company,27.5,27.5,each,27.5,each,,,Fresh Food
325411834,The Just Slate Company Pheasant Slate Cheese Board,The Just Slate Company,27.5,27.5,each,27.5,each,,,Fresh Food
325411835,The Just Slate Company Stag Slate Cheese Board,The Just Slate Company,27.5,27.5,each,27.5,each,,,Fresh Food
325411836,The Just Slate Company Kissing Hares Slate Cheese Board,The Just Slate Company,27.5,27.5,each,27.5,each,,,Fresh Food
325411838,The Just Slate Company Cockapoo Slate Cheese Board,The Just Slate Company,27.5,27.5,each,27.5,each,,,Fresh Food
325411839,The Just Slate Company Kissing Cows Slate Cheese Board,The Just Slate Company,27.5,27.5,each,27.5,each,,,Fresh Food
325411841,The Just Slate Company Spaniel Slate Cheese Board,The Just Slate Company,27.5,27.5,each,27.5,each,,,Fresh Food
325411842,The Just Slate Company Quacking Ducks Slate Cheese Board,The Just Slate Company,27.5,27.5,each,27.5,each,,,Fresh Food
325411867,W.M.Bartleet & Sons Cheese Board with Handles 26cm,W.M.Bartleet & Sons,39.1,39.1,each,39.1,each,,,Fresh Food
325411898,The Just Slate Company Pig 30cm Oak Serving Board,The Just Slate Company,40.1,40.1,each,40.1,each,,,Fresh Food
325412176,The Just Slate Company Pheasant Large Oak Serving Board,The Just Slate Company,72.0,72.0,each,72.0,each,,,Fresh Food
325466955,Artesà Round Marble Cheese Board Platter White,Artesà,18.49,18.49,each,18.49,each,,,Fresh Food
325513862,Maison by Premier Cheeseboard,Maison by Premier,40.99,40.99,each,40.99,each,,,Fresh Food
325513915,"Interiors by Premier White Marble Cheese Board with Slicer, Natural Marble Serving Board with Built-In Stainless Wire Cutter",Maison by Premier,24.99,24.99,each,24.99,each,,,Fresh Food
325513919,"Interiors by Premier Black Marble Cheeseboard with Slicer, Natural Marble Cheese Board with Built-In Stainless Steel Wire Cutter",Maison by Premier,25.99,25.99,each,25.99,each,,,Fresh Food
325514077,"Interiors By Premier Elegant Design Marble Luxe Cheese Paddle, Versatile Cheese Paddle For Kitchen, Durable Wooden Board",Maison by Premier,22.99,22.99,each,22.99,each,,,Fresh Food
325514308,"Interiors By Premier Stylish Cheese Board With Glass Dome, Durable Cheese Board For Efiicient Cooking, Convenient Stoneware Board",Maison by Premier,25.99,25.99,each,25.99,each,,,Fresh Food
325514464,"Interiors by Premier Elegant White Marble And Bamboo Cheese Board, Versatile Chopping Board, Stylish Chopping Board For Kitchen",Maison by Premier,24.49,24.49,each,24.49,each,,,Fresh Food
325540843,Van Gogh Slate Dining Food Serving Platter Cheese Board Tray 22x16cm 6pc Set | Grey,VAN GOGH,17.99,17.99,each,17.99,each,,,Fresh Food
325540887,Van Gogh Slate Dining Food Serving Platter Cheese Board Tray 22x16cm 24pcs | Grey,VAN GOGH,45.0,45.0,each,45.0,each,,,Fresh Food
325975744,Verano Spanish Ceramics Olive Wood Cheese Board w/ Handle - 40cm | Brown,Verano Spanish Ceramics,36.99,36.99,each,36.99,each,,,Fresh Food
325975757,Verano Spanish Ceramics Olive Wood Serving Board w/ Handle - 33cm | Brown,Verano Spanish Ceramics,32.99,32.99,each,32.99,each,,,Fresh Food
326288009,Tala Rectangular Natural Acacia Wavey Board,Tala,33.8,33.8,each,33.8,each,,,Fresh Food
326298802,OHS Acacia Wood Marble Effect Serving Board Cheese Platter Boards | Cream | Marble,OHS,9.99,9.99,each,9.99,each,,,Fresh Food
326298810,OHS Acacia Wood Marble Effect Cheese Platter Boards with Handle | Brown | Marble,OHS,8.99,8.99,each,8.99,each,,,Fresh Food
326313482,Argon Tableware Marble Serving Board - 33cm Round Non-Slip Stone Cutting Board Kitchen Worktop Protector Food Prep Platter | Black | Black,Argon Tableware,16.99,16.99,each,16.99,each,,,Fresh Food
326313516,Argon Tableware Marble Serving Board 32.5 x 17.5cm Non-Slip Stone Cutting Board Kitchen Worktop Protector Food Prep Platter | Black | Black,Argon Tableware,12.99,12.99,each,12.99,each,,,Fresh Food
326313497,Argon Tableware Linea Slate Serving Board - 32 x 18cm,Argon Tableware,8.99,8.99,each,8.99,each,,,Fresh Food
330661886,Personalised Slate Cheese Board | Black,PMC,14.99,14.99,each,14.99,each,,,Fresh Food
330662301,Personalised Cheese To My Cracker Slate Cheese Board | Black,PMC,14.99,14.99,each,14.99,each,,,Fresh Food
330662323,Personalised Perfectly Aged Slate Cheese Board | Black,PMC,14.99,14.99,each,14.99,each,,,Fresh Food
330662358,Personalised Cheese Round Chopping Board | Brown,PMC,18.99,18.99,each,18.99,each,,,Fresh Food
314589871,Tesco Reduced Fat Mozzarella 200g,TESCO,1.3,10.4,kg DR.WT,10.4,kg dr.wt,20.0,per 100g,Fresh Food
322041845,Tesco Deli Gammon Ham Slices 120g,TESCO,3.0,25.0,kg,25.0,kg,22.5,per 100g,Fresh Food
330722373,Funkin Pro Puree Kiwi 1Kg,Funkin,11.39,0.01,litre,0.01,litre,,,Fresh Food
326395032,Tahiti Melon Squash Large Sweet 5-10kg Fruits Heritage Butternut Excellent Keepers Roasting Perfect,Thompson & Morgan,4.49,4.49,each,4.49,each,,,Fresh Food
321680642,Sokolow Chicken Basiuni Ham 140g,SOKOLOW,2.2,15.71,kg,15.71,kg,17.0,per 100g,Fresh Food
317296383,Tesco Finest Dry Cured Crumbed Ham Slices 130g,TESCO,3.75,28.85,kg,28.85,kg,25.2,per 100g,Fresh Food
326190315,Arame Seaweed 100g (Sussex Wholefoods) | Multi,Sussex Wholefoods,13.75,137.5,kg,137.5,kg,,,Fresh Food
326190336,Organic Sea Salad 100g (Sussex Wholefoods) | Multi,Sussex Wholefoods,11.99,119.9,kg,119.9,kg,,,Fresh Food
326190421,Flaked Dulse Flakes 40g (The Cornish Seaweed Company) | Multi,The Cornish Seaweed Company,6.07,6.07,each,6.07,each,,,Fresh Food
326294660,Suma Organic - Fresh Edamame Soybeans - Org - 12 x 200g - 12 pack,Suma,35.31,14.71,kg,14.71,kg,,,Fresh Food
326367875,Rosemary Officinalis in 1L Pot  Aromatic Evergreen Herb Plant,Generic,9.99,9.99,each,9.99,each,,,Fresh Food
321660977,Tesco Wafer Thin Cooked Ham 125g ,TESCO,1.2,9.6,kg,9.6,kg,18.8,per 100g,Fresh Food
326313956,"Pepper Seeds 'Sweet Popti' | Multi | Green, Red | Sweet",Marshalls Garden,6.79,6.79,each,6.79,each,,,Fresh Food
316064247,Tesco British Lean Ham on the Bone Slices 120g,TESCO,2.25,18.75,kg,18.75,kg,21.4,per 100g,Fresh Food
326396137,Squash Long Pie Sweet Large Orange Fruits 2.5-4kg Ideal for Baking & Pies by Thompson and Morgan,Thompson & Morgan,4.49,4.49,each,4.49,each,,,Fresh Food
326398337,Musquee de Provence Squash - Large Deep Orange French Pumpkin Thick Fine Flesh 7-10kg for Baking & Slicing,Thompson & Morgan,2.99,2.99,each,2.99,each,,,Fresh Food
326197523,Organic Bean Sprouts 330g (Clearspring) | Multi,Clearspring,3.19,9.67,kg,9.67,kg,,,Fresh Food
321666320,Tesco Wafer Thin Cooked Ham 400g ,TESCO,2.19,5.48,kg,5.48,kg,18.8,per 100g,Fresh Food
292892101,Tesco Maple And Pecan Plait,TESCO,1.2,1.2,each,1.2,each,5.5,per 100g,Fresh Food
312363899,Soreen Malt Loaf 2 Slices 45G,Soreen,1.3,28.89,kg,28.89,kg,6.9,per 100g,Fresh Food
263830565,Oreo Original 66G,OREO,0.8,12.12,kg,12.12,kg,5.6,per 100g,Fresh Food
313734056,Grenade Oreo Protein Bar 35g,GRENADE,2.15,61.43,kg,61.43,kg,35.0,per 100g,Fresh Food
313618442,Fridge Raiders Smoky BBQ Chicken Bites 45g,FRIDGE RAIDERS,1.35,30.0,kg,30.0,kg,19.0,per 100g,Fresh Food
313607567,Fridge Raiders Southern Style Chicken Bites 45g,FRIDGE RAIDERS,1.35,30.0,kg,30.0,kg,19.0,per 100g,Fresh Food
313604585,Fridge Raiders Slow Roasted Chicken Bites 45g,FRIDGE RAIDERS,1.35,30.0,kg,30.0,kg,21.0,per 100g,Fresh Food
316186745,Eat Natural Fruit & Nut Almond & Cranberry Bar with Pomegranate & Honey 40g,EAT NATURAL,1.35,33.75,kg,33.75,kg,10.8,per 100g,Fresh Food
316290926,Twix Xtra Milk Chocolate Biscuit Twin Bars 75g,TWIX,1.5,20.0,kg,20.0,kg,4.6,per 100g,Fresh Food
316292469,Twix Xtra Salted Caramel Milk Chocolate Biscuit Twin Bars 75g,TWIX,1.5,20.0,kg,20.0,kg,4.5,per 100g,Fresh Food
316190238,Bounty Coconut & Milk Chocolate Duo Bar 57g,BOUNTY,1.2,21.05,kg,21.05,kg,3.8,per 100g,Fresh Food
316290483,The Gym Kitchen Chicken Tikka Bites 45g,THE GYM KITCHEN,1.3,28.89,kg,28.89,kg,9.1,per 100g,Fresh Food
316196217,Wall's Large Pork Sausage Roll 100g,WALL'S,1.3,13.0,kg,13.0,kg,9.7,per 100g,Fresh Food
315072887,Itsu Crispy Seaweed Thins - Sea Salt 5g,itsu,1.0,200.0,kg,200.0,kg,30.0,per 100g,Fresh Food
314711479,Forest Feast Dark Chocolate Cashews 40 g,FOREST FEAST,1.45,36.25,kg,36.25,kg,11.0,per 100g,Fresh Food
315736304,Walls Single Scotch egg 113g,WALL'S,1.35,11.95,kg,11.95,kg,11.0,per 100g,Fresh Food
316063482,Snickers Creamy Peanut Butter & Milk Chocolate Trio Bar 54.75g,SNICKERS,1.25,22.83,kg,22.83,kg,11.0,per 100g,Fresh Food
314589600,Walkers Max Salt & Malt Vinegar Crisps 60G,WALKERS MAX,1.2,24.0,kg,24.0,kg,6.5,per 100g,Fresh Food
314303323,Galaxy Ripple Milk Chocolate Bar 30G,GALAXY,1.1,36.67,kg,36.67,kg,7.5,per 100g,Fresh Food
316201247,Mallow & Marsh Milk Chocolate Over Coconut Mallow 35g,MALLOW & MARSH,1.35,38.57,kg,38.57,kg,2.8,per 100g,Fresh Food
316075554,"Strings & Things, Meal Deal Cheestrings Twin Pack, 40g",Strings & Things,1.3,32.5,kg,32.5,kg,23.0,per 100g,Fresh Food
313169431,Tic Tac Berry Bliss 18g,TIC TAC,0.75,41.67,kg,41.67,kg,,per 100g,Fresh Food
313507268,Cadbury Twirl Xtra Chocolate Duo Bars 54G,Cadbury,1.35,25.0,kg,25.0,kg,7.0,per 100g,Fresh Food
313953482,Graze Lively Lemon Oat Boosts 50g,GRAZE,1.2,24.0,kg,24.0,kg,0.0,per 100g,Fresh Food
315460226,McVitie's The Original Jaffa Cakes 4 Pack,McVitie's,0.6,0.15,each,0.15,each,5.0,per 100g,Fresh Food
317645938,Trek Protein Flapjack Cocoa Oat 50g,TREK,1.85,37.0,kg,37.0,kg,18.0,per 100g,Fresh Food
316303809,Grenade Oreo White Chocolate Protein Bar 35g,GRENADE,2.15,61.43,kg,61.43,kg,34.0,per 100g,Fresh Food
317052787,Kings BBQ Flavour Beef Jerky Snack Pack 20g,KINGS,1.3,65.0,kg,65.0,kg,37.6,per 100g,Fresh Food
316946152,Soreen Banana Loaf 2 Slices 45g,Soreen,1.3,28.89,kg,28.89,kg,7.8,per 100g,Fresh Food
317656277,Lindahls Protein Pudding Chocolate Brownie 140g,LINDAHLS,1.4,10.0,kg,10.0,kg,10.0,per 100g,Fresh Food
316640513,Eat Natural Protein Fruit & Nut Bars - Peanuts & Dark Chocolate 40g,EAT NATURAL,1.35,33.75,kg,33.75,kg,19.5,per 100g,Fresh Food
316809160,Cadbury Starbar Duo Milk Chocolate Bar 74g,Cadbury,1.35,18.24,kg,18.24,kg,10.0,per 100g,Fresh Food
316532912,Eat Natural Almond & Apricot Fruit & Nut Bars with a Yoghurt Coating 40g,EAT NATURAL,1.35,33.75,kg,33.75,kg,6.6,per 100g,Fresh Food
317423357,Tesco Carrot & Houmous 100g,TESCO,1.3,13.0,kg,13.0,kg,3.1,per 100g,Fresh Food
316639130,"Eat Natural Protein Fruit & Nut Bars - Peanuts, Almonds & Cocoa 40g",EAT NATURAL,1.35,33.75,kg,33.75,kg,19.9,per 100g,Fresh Food
317975697,Itsu Edamame Snack Pot 76g,itsu,1.5,19.74,kg,19.74,kg,11.0,per 100g,Fresh Food
317654294,Wall's Large Cheese & Onion Roll 100g,WALL'S,1.3,13.0,kg,13.0,kg,9.0,per 100g,Fresh Food
316547526,Eat Natural Hazelnut & Date Fruit & Nut Bars with Peanuts & Almonds 40g,EAT NATURAL,1.35,33.75,kg,33.75,kg,11.4,per 100g,Fresh Food
316652038,Higgidy Ham Hock & Cheddar Sausage Rolls x2 54g,Higgidy,1.5,27.78,kg,27.78,kg,10.8,per 100g,Fresh Food
316945746,Superfoodio The Original Peanut Butter Better Cups 2 Pack 30g,SUPERFOODIO,1.95,65.0,kg,65.0,kg,16.0,per 100g,Fresh Food
317299702,Proper Barbecue Lentil Chips 31g,PROPER,1.1,35.48,kg,35.48,kg,9.7,per 100g,Fresh Food
316553789,Higgidy Cheddar & Caramalised Onion Chutney Rolls x2 54g,Higgidy,1.5,27.78,kg,27.78,kg,9.3,per 100g,Fresh Food
316811755,Proper Sea Salt Lentil Chips 31g,PROPER,1.1,35.48,kg,35.48,kg,10.0,per 100g,Fresh Food
317060034,Superfoodio Peanut Butter & Jelly Better Cups 2 Pack 30g,SUPERFOODIO,1.95,65.0,kg,65.0,kg,15.0,per 100g,Fresh Food
317181674,The Gut Stuff High Fibre Fruit & Nut Bar - Sea Salt & Caramel 35g,the gut stuff,1.3,37.14,kg,37.14,kg,2.2,per 100g,Fresh Food
316535166,Rowntree's Fruit Pastilles Sweets 48g,Rowntree's,0.8,16.67,kg,16.67,kg,,per 100g,Fresh Food
317994288,Kings Beef Biltong Rib Eye Flavour 20g ,KINGS,1.3,65.0,kg,65.0,kg,33.0,per 100g,Fresh Food
317199020,Itsu Chicken Gyoza Snack Pot 47g,itsu,1.5,31.92,kg,31.92,kg,7.0,per 100g,Fresh Food
317853634,Reese's Peanut Butter Cup Trio 63g,Reese's,1.5,23.81,kg,23.81,kg,11.0,per 100g,Fresh Food
317207513,Cheetos Twisted Sweet & Spicy Flamin' Hot Crisps 38g,CHEETOS,1.05,27.63,kg,27.63,kg,5.5,per 100g,Fresh Food
316786496,Tesco Mini Savoury Eggs 65g,TESCO,1.3,20.0,kg,20.0,kg,11.9,per 100g,Fresh Food
316428201,McVitie's Gold Billions Wafer - Golden Caramel Chocolate 39g,McVitie's,0.9,23.08,kg,23.08,kg,7.4,per 100g,Fresh Food
321214441,GINSTERS STEAK & MARMITE WITH CHEESE POCKET 100G,GINSTERS,1.5,15.0,kg,15.0,kg,11.5,per 100g,Fresh Food
320570699,Fridge Raiders Grills Roast Chicken Fillet 35g,FRIDGE RAIDERS,1.35,38.57,kg,38.57,kg,21.4,per 100g,Fresh Food
321349598,Tesco Grapes 110g (FOS),TESCO,1.5,13.64,kg,13.64,kg,0.6,per 100g,Fresh Food
320797327,The Gym Kitchen High Protein BBQ Chicken Bites 45g,THE GYM KITCHEN,1.3,28.89,kg,28.89,kg,9.7,per 100g,Fresh Food
320989014,GINSTERS BUTTER CHICKEN POCKET 100G,GINSTERS,1.5,15.0,kg,15.0,kg,7.8,per 100g,Fresh Food
321221979,Trek Protein Flapjack with Lotus Biscoff 50g,TREK,1.85,37.0,kg,37.0,kg,20.0,per 100g,Fresh Food
321322330,Tesco Apple & Strawberries 90g (FOS),TESCO,1.5,16.67,kg,16.67,kg,0.6,per 100g,Fresh Food
321324529,Tesco Pineapple Chunks 145G (FOS) ,TESCO,1.5,10.34,kg,10.34,kg,0.5,per 100g,Fresh Food
320805849,McCoy's Hot'n'Spicy Grab Bag Crisps 45g,McCOY'S,1.25,27.78,kg,27.78,kg,6.8,per 100g,Fresh Food
321775485,Taste Original Chicken Satay Skewers with Sweet Chilli Dip 55g,TASTE ORIGINAL,1.5,27.27,kg,27.27,kg,13.4,per 100g,Fresh Food
320674974,Tesco Vegetable Sushi Snack 70g,TESCO,1.5,21.43,kg,21.43,kg,2.6,per 100g,Fresh Food
321526803,Tesco Finest Blueberry Muffin,TESCO finest,1.5,1.5,each,1.5,each,3.7,per 100g,Fresh Food
320565873,Walkers Lea & Perrins Worcestershire Sauce Grab Bag Crisps 45g,WALKERS,1.2,26.67,kg,26.67,kg,6.3,per 100g,Fresh Food
321221565,Kettle Mature Cheddar & Red Onion Chips 40g,KETTLE,1.1,27.5,kg,27.5,kg,7.8,per 100g,Fresh Food
321762684,Doritos Tangy Cheese Grab Bag Crisps 44g,Doritos,1.1,25.0,kg,25.0,kg,6.8,per 100g,Fresh Food
321528726,Doritos Chilli Heatwave Grab Bag Crisps 44g,Doritos,1.0,22.73,kg,22.73,kg,6.4,per 100g,Fresh Food
320967697,Tesco Tuna Sushi Snack 74g,TESCO,1.5,20.27,kg,20.27,kg,3.9,per 100g,Fresh Food
318180731,Walkers Sensations Thai Sweet Chilli Grab Bag Crisps 40g,WALKERS,1.2,30.0,kg,30.0,kg,6.6,per 100g,Fresh Food
321546998,Kit Kat Chunky Salted Caramel Duo 68g,KITKAT,1.3,19.12,kg,19.12,kg,7.2,per 100g,Fresh Food
320567105,Tesco Cucumber With Soured Cream & Chive Dip 120g ,TESCO,1.5,12.5,kg,12.5,kg,0.8,per 100g,Fresh Food
320670155,Tesco Apple and Peanut Butter Dip 110g,TESCO,1.5,13.64,kg,13.64,kg,7.4,per 100g,Fresh Food
320559662,Tesco Mango Chunks 120G (FOS) ,TESCO,1.5,12.5,kg DR.WT,12.5,kg dr.wt,0.7,per 100g,Fresh Food
320409604,Itsu Hoisin Duck Bao Snack Pot 45g,itsu,1.5,33.33,kg,33.33,kg,8.6,per 100g,Fresh Food
288500532,Rude Health Organic Brown Rice Longlife Dairy Free Drink 1L,RUDE HEALTH,2.3,2.3,litre,2.3,litre,,per 100g,Fresh Food
320793015,Huel Black Edition Ready to Drink Cookies and Cream 500ml,Huel,3.8,7.6,litre,7.6,litre,6.8,per 100g,Fresh Food
322753273,Oatly Oat Drink Matcha Latte 1L,OATLY!,2.95,2.95,litre,2.95,litre,1.1,per 100g,Fresh Food
322558280,graham's THE family DAIRY Protein 25g Mango Passionfruit & Papaya Pouch 200G,graham's THE family DAIRY,1.25,6.25,kg,6.25,kg,12.4,per 100g,Fresh Food
316177595,Plenish Organic Barista Soya 1L,Plenish,2.35,2.35,litre,2.35,litre,2.4,per 100g,Fresh Food
305205240,Plenish Organic Soya 1LTR,Plenish,2.35,2.35,litre,2.35,litre,3.2,per 100g,Fresh Food
316423270,Alpro 38g High Protein Soya Chilled Dairy Free Chocolate Drink 750ml,alpro,2.0,2.67,litre,2.67,litre,5.0,per 100g,Fresh Food
322245609,Activia Fibre Natural Yoghurt & Dark Chocolate Granola Breakfast Pot with Spoon 165g,ACTIVIA FIBRE,1.65,10.0,kg,10.0,kg,5.7,per 100g,Fresh Food
297878537,Alpro Soya Growing Up Drink 3X250ml,alpro,2.0,2.67,litre,2.67,litre,2.5,per 100g,Fresh Food
317737527,Alpro Barista Caramel Chilled Drink 750ml,alpro,1.75,2.33,litre,2.33,litre,0.8,per 100g,Fresh Food
322843610,Ginsters Sausage Roll 100g,GINSTERS,1.3,13.0,kg,13.0,kg,8.7,per 100g,Fresh Food
320792718,Tesco Salted Caramel Flavour Coffee Concentrate 500ml,TESCO,3.5,7.0,litre,7.0,litre,2.6,per 100g,Fresh Food
314703702,Tesco Finest Sweet Pointed Peppers 180g,TESCO finest,1.65,9.17,kg,9.17,kg,0.8,per 100g,Fresh Food
258878182,Alpro Soya Light Fresh Drink Alternative 1 Litre,alpro,1.8,1.8,litre,1.8,litre,2.0,per 100g,Fresh Food
323501668,Doritos 3D Crunch Sizzling Steak Grab Bag Crisps 42g,Doritos,1.1,26.19,kg,26.19,kg,5.9,per 100g,Fresh Food
322044715,Quavers Red Leicester Grab Bag Crisps 34g,QUAVERS,1.2,35.29,kg,35.29,kg,2.4,per 100g,Fresh Food
321835201,Walkers Salt & Vinegar Grab Bag Crisps 45g,WALKERS,1.2,26.67,kg,26.67,kg,5.9,per 100g,Fresh Food
322647416,YORKIE DUO Biscuit & Brownie 66g ,YORKIE,1.3,19.7,kg,19.7,kg,7.0,per 100g,Fresh Food
321952131,Walkers BBQ Grab Bag Crisps 45g,WALKERS,1.2,26.67,kg,26.67,kg,6.2,per 100g,Fresh Food
321945704,Walkers Prawn Cocktail Grab Bag Crisps 45g,WALKERS,1.2,26.67,kg,26.67,kg,5.9,per 100g,Fresh Food
322059536,Doritos Cool Original Grab Bag Crisps 44g,Doritos,1.1,25.0,kg,25.0,kg,6.1,per 100g,Fresh Food
323646393,Walkers MAX Punchy Paprika Crisps 50g,WALKERS,1.1,22.0,kg,22.0,kg,6.2,per 100g,Fresh Food
323920667,Walkers Crispy Roast Chicken Potato Crisps Grab Bag 45g,WALKERS,1.1,24.44,kg,24.44,kg,6.1,per 100g,Fresh Food
321786189,Popchips Barbeque Grab Bag Crisps 33g,popchips,1.15,34.85,kg,34.85,kg,5.5,per 100g,Fresh Food
321828158,Trek High Protein Lotus Biscoff 44g,TREK,1.85,42.04,kg,42.04,kg,29.0,per 100g,Fresh Food
322150859,Walkers Max Jalapeno & Cheese 50g,WALKERS MAX,1.1,22.0,kg,22.0,kg,6.8,per 100g,Fresh Food
325112719,"Kinder Crispy Wafer, Chocolate & Hazelnut Bar 34g",KINDER,1.05,30.88,kg,30.88,kg,7.8,per 100g,Fresh Food
322151893,Trek High Protein Choc Caramel Flavour 44g,TREK,1.85,42.04,kg,42.04,kg,27.0,per 100g,Fresh Food
314575553,Tesco Finest Lamb Rack With Cornish Sea Salt & Black Pepper,TESCO finest,23.1,37.25,kg,37.25,kg,23.4,per 100g,Fresh Food
321052476,yfood Ready to Drink Complete Meal Cold Brew Coffee 500ml,yfood,3.5,7.0,litre,7.0,litre,6.0,per 100g,Fresh Food
315050061,Chocomel Plant Based 1 Litre,CHOCOMEL,3.2,3.2,litre,3.2,litre,1.8,per 100g,Fresh Food
314309927,Oatly The Original No Sugars Oat Drink 1L,OATLY!,1.5,1.5,litre,1.5,litre,1.0,per 100g,Fresh Food
314315257,Oatly The Original Whole Oat Drink 1L,OATLY!,2.0,2.0,litre,2.0,litre,1.1,per 100g,Fresh Food
314325775,Oatly The Original Semi Oat Drink 1L,OATLY!,2.0,2.0,litre,2.0,litre,1.1,per 100g,Fresh Food
310093115,Koko Kids Growing Up UHT Milk Alternative Drink 1 Litre,KOKO,1.7,1.7,litre,1.7,litre,1.9,per 100g,Fresh Food
314416570,Plenish Organic Cashew Milk Dairy Alternative Long Life 1L,Plenish,2.35,2.35,litre,2.35,litre,0.7,per 100g,Fresh Food
322749578,Grand Noir luscious and creamy blue cheese 3 Medium Strength 140g,GRAND NOIR,4.0,28.57,kg,28.57,kg,15.0,per 100g,Fresh Food
322345480,Alpro Barista Cinnamon Roll Flavour drink Limited Edition 750ml,alpro,1.75,2.33,litre,2.33,litre,0.8,per 100g,Fresh Food
320790997,Tesco Sweetened Coffee Concentrate 500ml,TESCO,3.5,7.0,litre,7.0,litre,2.6,per 100g,Fresh Food
321207876,Tesco Mango Chunks 250G (FOS) ,TESCO,2.55,10.2,kg DR.WT,10.2,kg dr.wt,0.7,per 100g,Fresh Food
323010811,"Tesco Finest Chef’s Collection Umami Beef Bavette with braised onions, shiitake Diane sauce and chive salsa verde 815g",TESCO finest,17.5,21.47,kg,21.47,kg,13.4,per 100g,Fresh Food
323161292,Tesco Finest Chef’s Collection Sundried Tomato Lamb Fillet with Parmentier Potatoes & Tomato Herb Sauce 940g,TESCO finest,17.5,18.62,kg,18.62,kg,15.6,per 100g,Fresh Food
322143655,Butlers Beacon Blue 150g,Butlers,4.0,26.67,kg,26.67,kg,21.3,per 100g,Fresh Food
317399647,Tesco Finest Lamb Cannon with Cornish Sea Salt & Black Pepper Butter,TESCO finest,31.5,31.5,kg,31.5,kg,21.1,per 100g,Fresh Food
322319293,Tesco Finest Chef's Collection Sikandari Spiced Lamb Shanks with Green Tikka Sauce and Spiced Onion Sprinkle 995g,TESCO finest,20.0,20.1,kg,20.1,kg,20.7,per 100g,Fresh Food
314697190,Tesco Finest Boneless Lamb Leg With Cornish Sea Salt & Black Pepper,TESCO finest,18.61,25.85,kg,25.85,kg,29.5,per 100g,Fresh Food
322338811,Tesco Finest Chef’s Collection Porcini & Pecorino Stuffed Beef Featherblade with Peperonata and Pine nut Pesto 940g,TESCO finest,17.5,18.62,kg,18.62,kg,16.6,per 100g,Fresh Food
314837797,Tesco Finest Lamb Shoulder Cornish Sea Salt & Black Pepper,TESCO finest,26.66,19.5,kg,19.5,kg,27.9,per 100g,Fresh Food
314107481,Tesco Boneless Salmon Side,TESCO,24.0,24.0,kg,24.0,kg,23.6,per 100g,Fresh Food
314847192,Tesco Finest 2 Scottish Salmon Fillets 260g ,TESCO finest,6.8,26.15,kg,26.15,kg,25.0,per 100g,Fresh Food
322347627,Tesco Mature Grated Cheddar 500g,TESCO,4.6,9.2,kg,9.2,kg,24.9,per 100g,Fresh Food
317193147,Cathedral City High Protein Half Fat Mature Cheddar Shredded 180g,CATHEDRAL CITY,2.55,14.17,kg,14.17,kg,30.2,per 100g,Fresh Food
317870636,Tesco Mozzarella & Cheese Mix 250g,TESCO,2.7,10.8,kg,10.8,kg,24.2,per 100g,Fresh Food
313845316,Tesco Finest Pink Lady Apple 4 Pack,TESCO finest,3.1,0.78,each,0.78,each,0.6,per 100g,Fresh Food
313756329,The Real Seafood Co. Smoked Salmon 100G,REAL SEAFOOD CO.,3.9,39.0,kg,39.0,kg,22.3,per 100g,Fresh Food
277968904,Cathedral City Grated Mature Cheddar Cheese 320g,CATHEDRAL CITY,3.6,11.25,kg,11.25,kg,24.9,per 100g,Fresh Food
317297474,Tesco Grated Four Cheese 250g,TESCO,2.55,10.2,kg,10.2,kg,24.1,per 100g,Fresh Food
321130735,Eatlean Protein Chilli Grated Cheese 180g,EATLEAN,2.2,12.22,kg,12.22,kg,32.8,per 100g,Fresh Food
321052113,Tesco Baking Camembert with Hot Honey 285g,TESCO,3.5,12.28,kg,12.28,kg,17.1,per 100g,Fresh Food
271108925,Youngs 16 Seafood Sticks 200G,YOUNG'S,1.8,9.0,kg,9.0,kg,7.3,per 100g,Fresh Food
318083604,Creamfields Grated Mozzarella 500g,CREAMFIELDS,2.99,5.98,kg,5.98,kg,22.5,per 100g,Fresh Food
317659818,Tesco Chilli Cheese Mix 250g,TESCO,2.7,10.8,kg,10.8,kg,22.6,per 100g,Fresh Food
321029194,Pilgrims Choice The American One Hot Honey Grated Cheese 180g,PILGRIMS CHOICE,2.95,16.39,kg,16.39,kg,21.7,per 100g,Fresh Food
320968581,Pilgrims Choice The Mexican One Smoky Paprika Grated Cheese 180g,PILGRIMS CHOICE,2.95,16.39,kg,16.39,kg,21.8,per 100g,Fresh Food
320556008,Pilgrims Choice The Italian One Garlic & Herb Grated Cheese 180g,PILGRIMS CHOICE,2.95,16.39,kg,16.39,kg,23.6,per 100g,Fresh Food
314713638,Tesco Finest Scottish Smoked Salmon 50g ,TESCO finest,2.8,56.0,kg,56.0,kg,26.0,per 100g,Fresh Food
322156784,Tesco Katsu Salmon Fillets 230G,TESCO,5.5,23.91,kg,23.91,kg,23.8,per 100g,Fresh Food
321550520,Tesco Finest Hollandaise Sauce 180g,TESCO finest,2.2,12.22,kg,12.22,kg,1.1,per 100g,Fresh Food
321774791,Tesco Roasted Red Pepper Salmon Fillets 230G,TESCO,5.5,23.91,kg,23.91,kg,22.7,per 100g,Fresh Food
322158385,Tesco Garlic & Parsley Salmon Fillets Vibrant & Savoury 240g,TESCO,5.45,22.71,kg,22.71,kg,22.7,per 100g,Fresh Food
322055598,Tesco Pesto Salmon Fillets 230G,TESCO,5.5,23.91,kg,23.91,kg,22.7,per 100g,Fresh Food
313168904,Tesco Fresh Greens 500G,TESCO,0.9,1.8,kg,1.8,kg,3.0,per 100g,Fresh Food
321846349,Tesco 2 Asian Style Salmon Fillets 340g,TESCO,5.5,16.18,kg,16.18,kg,14.0,per 100g,Fresh Food
323911747,The Mussel Shack Cooked Seafood 200g,The Mussel Shack,4.15,20.75,kg,20.75,kg,15.3,per 100g,Fresh Food
316924656,Tesco Ready to Eat Tandoori Style Hot Smoked Salmon Fillets 180g,TESCO,5.95,33.06,kg,33.06,kg,22.9,per 100g,Fresh Food
315371700,Optimum Nutrition High Protein Shake - Chocolate 330ml,OPTIMUM NUTRITION,2.9,8.79,litre,8.79,litre,7.6,per 100g,Fresh Food
317531217,Tesco Ready To Eat Honey Hot Smoked Salmon Fillets 180g,TESCO,5.95,33.06,kg,33.06,kg,23.0,per 100g,Fresh Food
317404873,Tesco Ready To Eat Lemon & Parsley Salmon Fillets 180g,TESCO,5.95,33.06,kg,33.06,kg,22.1,per 100g,Fresh Food
309469669,Starbucks Grande Cup Caffe Latte Iced Coffee Drink 330ml,STARBUCKS,2.8,8.48,litre,8.48,litre,2.8,per 100g,Fresh Food
315380332,Emmi High Protein Caffe Latte 370ml,emmi,2.95,7.97,litre,7.97,litre,7.8,per 100g,Fresh Food
309498951,Starbucks Grande Caramel Macchiato Iced Coffee 330ml,STARBUCKS,2.8,8.48,litre,8.48,litre,2.9,per 100g,Fresh Food
314102929,7UP Zero Sugar Lemon & Lime Bottle 500ml,7 UP,2.0,4.0,litre,4.0,litre,0.0,per 100g,Fresh Food
300387584,J2o Orange & Passion Fruit 250Ml,J2O,1.6,6.4,litre,6.4,litre,,per 100g,Fresh Food
300387561,J2o Apple & Raspberry 250Ml,J2O,1.6,6.4,litre,6.4,litre,,per 100g,Fresh Food
315359140,Monster Energy Zero Sugar 500ml,MONSTER,2.0,4.0,litre,4.0,litre,,per 100g,Fresh Food
315374582,Monster Energy Ultra Peachy Keen Zero Sugar 50Ml,MONSTER,2.0,4.0,litre,4.0,litre,,per 100g,Fresh Food
312828108,Naked Gold Machine Super Smoothie 300Ml,NAKED,2.9,9.67,litre,9.67,litre,0.3,per 100g,Fresh Food
313526395,Monster Juiced Energy + Juice - Aussie Lemonade 500ml,MONSTER,2.0,4.0,litre,4.0,litre,,per 100g,Fresh Food
258929848,Diet Coke Cherry 500Ml Bottle,Coca-Cola,1.79,3.58,litre,3.58,litre,0.0,per 100g,Fresh Food
261818313,Rubicon Sparkling Mango Juice Drink 500Ml,Rubicon,2.0,4.0,litre,4.0,litre,,per 100g,Fresh Food
314949676,Shaken Udder Double Choc Milkshake 330ml,SHAKEN UDDER,1.7,5.15,litre,5.15,litre,3.6,per 100g,Fresh Food
317406462,Tesco Finest Intense and Mesquite Scottish Smoked Salmon 100g,TESCO finest,4.75,47.5,kg,47.5,kg,26.0,per 100g,Fresh Food
316797621,Starbucks Frappuccino Coffee Drink No Added Sugar - Caramel 250ml,STARBUCKS,2.2,8.8,litre,8.8,litre,2.7,per 100g,Fresh Food
316656282,Starbucks Tripleshot Espresso 300ml,STARBUCKS,2.5,8.33,litre,8.33,litre,2.8,per 100g,Fresh Food
317539949,Costa Coffee Caramel Latte 330ml,COSTA,2.5,7.58,litre,7.58,litre,2.9,per 100g,Fresh Food
317292208,Monster Energy Drink - Ultra Strawberry Dreams Zero Sugar 500ml,MONSTER,2.0,4.0,litre,4.0,litre,,per 100g,Fresh Food
317186219,Jimmy's Iced Coffee Original 380ml,JIMMY'S,2.75,7.24,litre,7.24,litre,2.2,per 100g,Fresh Food
315845774,Highland Spring Sugar Free Strawberry Still Spring Water 750ml,HIGHLAND SPRING,1.5,2.0,litre,2.0,litre,0.0,per 100g,Fresh Food
316306069,Highland Spring Sugar Free Still Spring Water - Apple & Blackcurrant 750ml,HIGHLAND SPRING,1.5,2.0,litre,2.0,litre,0.0,per 100g,Fresh Food
317292312,Perfect Ted Healthy Energy Drink - Juicy Peach 250ml,PERFECT ted,1.75,7.0,litre,7.0,litre,0.4,per 100g,Fresh Food
317193723,Tesco 100% Pure Orange Juice Smooth 330Ml,TESCO,1.25,3.79,litre,3.79,litre,0.6,per 100g,Fresh Food
317309738,Jimmy's Myprotein Iced Coffee - Original 380ml,JIMMY'S,2.75,7.24,litre,7.24,litre,5.6,per 100g,Fresh Food
317052608,Jimmy's Iced Coffee Caramel 380ml,JIMMY'S,2.75,7.24,litre,7.24,litre,2.2,per 100g,Fresh Food
321773803,For Goodness Shakes Protein Strawberry Shake 250ml,FOR GOODNESS SHAKE,2.25,9.0,litre,9.0,litre,10.7,per 100g,Fresh Food
322539147,7Up Pink Lemonade Zero Sugar 500ml ,7 UP,2.0,4.0,litre,4.0,litre,0.0,per 100g,Fresh Food
322239548,Monster Energy Lando Norris Zero Sugar 500ml,MONSTER,2.0,4.0,litre,4.0,litre,,per 100g,Fresh Food
320392541,Costa Coffee Latte 330ml,COSTA,2.5,7.58,litre,7.58,litre,2.7,per 100g,Fresh Food
318188982,Tango Cherry Sugar Free Soft Drink 500ml,TANGO,1.95,3.9,litre,3.9,litre,,per 100g,Fresh Food
321533875,Monster Ultra Fantasy Ruby Red 500ml,MONSTER,2.0,4.0,litre,4.0,litre,,per 100g,Fresh Food
321671095,Robinsons Ready to Drink Orange and Mango 500ml,Robinsons,1.75,3.5,litre,3.5,litre,,per 100g,Fresh Food
318077664,Pepsi Regular Soft Drink 500ml,PEPSI,1.95,3.9,litre,3.9,litre,0.0,per 100g,Fresh Food
322542177,Red Bull Sugar Free Winter Apple & Ginger Edition Energy Drink 473ml,Red Bull,2.6,5.5,litre,5.5,litre,0.0,per 100g,Fresh Food
320980611,Naked Fire Machine Smoothie 300ml,NAKED,2.9,9.67,litre,9.67,litre,0.3,per 100g,Fresh Food
321221789,Lucozade Sport Drink Ice Kick 500ml,Lucozade,1.69,3.38,litre,3.38,litre,,per 100g,Fresh Food
320675489,Monster Energy Juice Rio Punch 500ml,MONSTER,2.0,4.0,litre,4.0,litre,,per 100g,Fresh Food
321028990,Red Bull Zero Energy Drink 473ml,Red Bull,2.6,5.5,litre,5.5,litre,0.0,per 100g,Fresh Food
321849369,Red Bull Sugar Free Ice Edition Energy Drink 473ml,Red Bull,2.6,5.5,litre,5.5,litre,0.0,per 100g,Fresh Food
321788918,Red Bull Sugar Free Summer White Peach Edition Energy Drink 473ml,Red Bull,2.6,5.5,litre,5.5,litre,0.0,per 100g,Fresh Food
321103325,Red Bull Sugar Free Coconut Edition Energy Drink 473ml,Red Bull,2.6,5.5,litre,5.5,litre,0.0,per 100g,Fresh Food
320556515,Quorn Tikka Masala with Rice 400g,QUORN,3.85,9.62,kg,9.62,kg,4.0,per 100g,Fresh Food
320545309,Quorn Cottage Pie 400g,QUORN,3.85,9.62,kg,9.62,kg,4.4,per 100g,Fresh Food
322156381,Marmite Mash Potato 350g,MARMITE,3.5,10.0,kg,10.0,kg,4.5,per 100g,Fresh Food
321230916,Marmite Potato Wedges 300g,MARMITE,3.5,11.67,kg,11.67,kg,4.7,per 100g,Fresh Food
315572232,Tesco Chinese Style Salt & Pepper Chips 400g,TESCO,3.5,8.75,kg,8.75,kg,2.5,per 100g,Fresh Food
321208783,Marmite Cheese & Marmite Potato Gratin 350g,MARMITE,3.5,10.0,kg,10.0,kg,5.9,per 100g,Fresh Food
321221576,Wotsits Mac n Cheese Really Cheesy 400g,WOTSITS,4.0,10.0,kg,10.0,kg,8.4,per 100g,Fresh Food
321036542,Wotsits Mac n Cheese Sweet & Spicy 400g,WOTSITS,4.0,10.0,kg,10.0,kg,7.8,per 100g,Fresh Food
316558951,Date Me Deglet Nour Dates 200g,DATE ME,1.8,9.0,kg,9.0,kg,2.0,per 100g,Fresh Food
314693741,Tesco Finest Medjool Dates 500g,TESCO finest,5.0,10.0,kg,10.0,kg,2.2,per 100g,Fresh Food
317294978,Tesco Finest Triple Cook Chips with Cornish Sea Salt 400g,TESCO finest,3.3,8.25,kg,8.25,kg,2.9,per 100g,Fresh Food
322453565,Pizza Company Seasoned Fries 300g,THE PIZZA COMPANY,3.4,11.33,kg,11.33,kg,2.7,per 100g,Fresh Food
317652209,Tesco Potato Croquettes 220g,TESCO,2.25,10.23,kg,10.23,kg,3.2,per 100g,Fresh Food
316658130,Tesco Frites 300g,TESCO,2.55,8.5,kg,8.5,kg,2.6,per 100g,Fresh Food
317404867,Tesco Finest Golden-Baked Potato Dauphinoise 400g,TESCO finest,3.3,8.25,kg,8.25,kg,3.9,per 100g,Fresh Food
317652866,Tesco Oven Chips 450g,TESCO,2.8,6.22,kg,6.22,kg,2.5,per 100g,Fresh Food
316925338,Tesco Potato Gratin 400g,TESCO,2.75,6.88,kg,6.88,kg,3.8,per 100g,Fresh Food
317308411,Tesco Chips & Curry Sauce 350g,TESCO,2.8,8.0,kg,8.0,kg,2.3,per 100g,Fresh Food
316308159,Root & Soul Paprika roasted butternut squash with a cannellini bean & white wine stew 380g,ROOT & SOUL,4.0,10.53,kg,10.53,kg,3.3,per 100g,Fresh Food
316060698,Tesco Finest 4 Signature Pork Sausages 440g,TESCO finest,4.0,9.09,kg,9.09,kg,15.5,per 100g,Fresh Food
315339567,Finnebrogue Naked 12 Good Little Chipolatas 340g,FINNEBROGUE,3.5,10.29,kg,10.29,kg,13.6,per 100g,Fresh Food
303718051,Heck 10 Pork Chipolatas 340G,HECK,3.25,9.56,kg,9.56,kg,22.0,per 100g,Fresh Food
304399805,Tesco Finest 20 British Pork Chipolatas 625G,TESCO finest,4.5,7.2,kg,7.2,kg,16.3,per 100g,Fresh Food
316549138,Heck 6 Smoky Pork Sausage Rashers 300g,HECK,3.0,10.0,kg,10.0,kg,20.0,per 100g,Fresh Food
321536405,PORKY WHITES 6 PREMIUM FARMHOUSE HERB PORK SAUSAGES 400G,PORKY WHITES,3.5,8.75,kg,8.75,kg,16.0,per 100g,Fresh Food
321965335,Tesco Finest Medjool Date Tray 185g,TESCO finest,6.25,33.78,kg,33.78,kg,3.6,per 100g,Fresh Food
322325245,Tesco Finest 4 Pork Sausages with Bone Marrow 440g,TESCO finest,4.5,10.23,kg,10.23,kg,16.0,per 100g,Fresh Food
321219516,PORKY WHITES 6 PREMIUM SUCCULENT HOG ROAST AND APPLE SAUSAGES 400G,PORKY WHITES,3.5,8.75,kg,8.75,kg,16.0,per 100g,Fresh Food
323316381,"Tesco Finest BBQ 4 Pork, Arrabiata, Roasted Peppers & Burrata Sausage 440g 		",TESCO finest,4.0,9.09,kg,9.09,kg,12.6,per 100g,Fresh Food
321843306,Tesco Finest Signature 8 Pork Chipolatas 440g,TESCO finest,4.0,9.09,kg,9.09,kg,15.6,per 100g,Fresh Food
322250332, Finnebrogue Guinness 6 Premium Pork Sausages 400g,FINNEBROGUE,3.75,9.38,kg,9.38,kg,13.0,per 100g,Fresh Food
320381404,Tesco Finest 4 Pork & Calabrian Hot Pepper Sausages 440g,TESCO finest,4.0,9.09,kg,9.09,kg,17.5,per 100g,Fresh Food
313737174,Porky Whites 6 Traditional Pork Sausages 400G,PORKY WHITES,3.5,8.75,kg,8.75,kg,15.0,per 100g,Fresh Food
316418328,Richmond Ready Baked Pork Sausages 264g,RICHMOND,2.35,8.9,kg,8.9,kg,11.0,per 100g,Fresh Food
322044496,Tesco Slow Cooked Sausage in Onion Gravy 600g,TESCO,5.5,9.17,kg,9.17,kg,10.9,per 100g,Fresh Food
315739998,"Tesco Finest 4 Pork, Fennel & Chilli Sausages 440g",TESCO finest,4.0,9.09,kg,9.09,kg,16.3,per 100g,Fresh Food
322533113,HECK Steak & Butter Beef Sausages 340g,HECK,4.0,11.76,kg,11.76,kg,18.0,per 100g,Fresh Food
321825461,Tesco Finest Pork & Three Chilli Sausages 400g,TESCO finest,3.3,8.25,kg,8.25,kg,13.9,per 100g,Fresh Food
321049982,Tesco Finest Fruit & Nut Selection 150g,TESCO finest,3.0,20.0,kg,20.0,kg,13.8,per 100g,Fresh Food
315846139,"Tesco Finest 4 Pork, Bramley Apple & Kentish Cider Sausages 440g",TESCO finest,4.0,9.09,kg,9.09,kg,14.3,per 100g,Fresh Food
316068488,"Tesco Finest 4 Pork, Coastal Cheddar & Confit Onion Sausages 440g",TESCO finest,4.0,9.09,kg,9.09,kg,17.5,per 100g,Fresh Food
320679744,Tesco Fire Pit 14 Jumbo Pork Sausages 1Kg,FIRE PIT,5.25,5.25,kg,5.25,kg,14.8,per 100g,Fresh Food
321216928,Tesco Finest Caramelised Nut Selection 150g,TESCO finest,3.0,20.0,kg,20.0,kg,14.2,per 100g,Fresh Food
322064835,Tesco Finest Moroccan Inspired Houmous 170g,TESCO finest,2.8,16.47,kg,16.47,kg,5.3,per 100g,Fresh Food
321531111,Tesco Finest Extra Smooth Houmous 170g,TESCO finest,2.8,16.47,kg,16.47,kg,6.4,per 100g,Fresh Food
317554297,Tesco Finest 4 Hickory Smoked Pork Sausages 440g,TESCO finest,4.5,10.23,kg,10.23,kg,15.5,per 100g,Fresh Food
323494485,The Jolly Hog Colman's 6 British Outdoor Bred Sausages 400g,THE JOLLY HOG,4.5,11.25,kg,11.25,kg,18.8,per 100g,Fresh Food
323773875,The Jolly Hog Marmite 6 British Outdoor Bred Sausages 400g,THE JOLLY HOG,4.5,11.25,kg,11.25,kg,20.0,per 100g,Fresh Food
322066735,Tesco Finest Pork Cocktails 225g,TESCO finest,3.0,13.33,kg,13.33,kg,16.0,per 100g,Fresh Food
283054071,SABRA HOUMOUS CLASSIC 250G,SABRA,2.55,10.2,kg,10.2,kg,6.5,per 100g,Fresh Food
323667137,HECK! 97% 10 Pork Sausages 660g,HECK,5.0,7.58,kg,7.58,kg,22.0,per 100g,Fresh Food
321762367,Tesco Finest Honey & Mustard Cocktails 225g,TESCO finest,3.0,13.33,kg,13.33,kg,15.1,per 100g,Fresh Food
320555643,Do Goodly Sun Dried Tomato Houmous 150g,Do Goodly Dips,2.25,15.0,kg,15.0,kg,5.6,per 100g,Fresh Food
320967265,Tesco Houmous 300g ,TESCO,1.5,5.0,kg,5.0,kg,6.0,per 100g,Fresh Food
322148742,Tesco 18 Mini Savoury Eggs 216g,TESCO,2.25,10.42,kg,10.42,kg,9.3,per 100g,Fresh Food
320977005,Zespri Sungold Loose Kiwi ,Zespri,1.0,1.0,each,1.0,each,,,Fresh Food
320569961,Tesco 3 Houmous Stack 180g,TESCO,1.55,8.61,kg,8.61,kg,6.0,per 100g,Fresh Food
320968345,Tesco Houmous 200g ,TESCO,1.3,6.5,kg,6.5,kg,6.0,per 100g,Fresh Food
320664168,Tesco Caramelised Onion Scotch Egg 113g,TESCO,1.35,11.95,kg,11.95,kg,10.2,per 100g,Fresh Food
317057528,Zespri SunGold Kiwi 4pk,Zespri,2.75,0.69,each,0.69,each,,,Fresh Food
320980882,Tesco Organic Houmous 200g ,TESCO,1.7,8.5,kg,8.5,kg,5.9,per 100g,Fresh Food
310141347,Tesco Finest 4 Pork Maple & Bacon Hot Dogs 400G,TESCO finest,3.3,8.25,kg,8.25,kg,14.2,per 100g,Fresh Food
320571272,Tesco Moroccan Houmous 182g ,TESCO,1.3,7.14,kg,7.14,kg,6.2,per 100g,Fresh Food
322150180,Tesco 12 Mini Savoury Eggs 216G,TESCO,1.5,6.94,kg,6.94,kg,9.6,per 100g,Fresh Food
323485473,Tesco FIRE PIT 6 Honey BBQ Pork Sausage Skewers 450g,FIRE PIT,5.0,11.11,kg,11.11,kg,13.2,per 100g,Fresh Food
313733190,Wall's 2 Classic Scotch Eggs 226g,WALL'S,1.75,7.74,kg,7.74,kg,11.0,per 100g,Fresh Food
250317358,Tesco Kiwi Fruits 6 Pack,TESCO,1.19,0.2,each,0.2,each,0.6,per 100g,Fresh Food
320789648,Ramona's Heavenly Houmous Red Pepper 500g,Ramona's,3.55,7.1,kg,7.1,kg,6.0,per 100g,Fresh Food
321529005,Chavroux Pure Goat's Cheese 150g,CHAVROUX,2.55,17.0,kg,17.0,kg,8.7,per 100g,Fresh Food
316789677,The Real Greek Houmous 200g,THE REAL GREEK,2.5,12.5,kg,12.5,kg,,,Fresh Food
309197656,Tesco Extra Mature Cheddar 700G,TESCO,4.65,6.64,kg,6.64,kg,25.4,per 100g,Fresh Food
322440735,Moorish Smoked Humous with Chilli Harissa​ 150g,MOORISH,2.0,13.33,kg,13.33,kg,,per 100g,Fresh Food
322236851,Moorish Smoked Humous 150g,MOORISH,2.0,13.33,kg,13.33,kg,5.8,per 100g,Fresh Food
314315568,Creamfields Mild Cheddar 900g,CREAMFIELDS,4.99,5.54,kg,5.54,kg,25.4,per 100g,Fresh Food
320408473,Tesco Caramelised Onion Houmous 182g ,TESCO,1.3,7.14,kg,7.14,kg,5.2,per 100g,Fresh Food
320989659,Tesco Jalapeño Houmous 182g ,TESCO,1.3,7.14,kg,7.14,kg,5.2,per 100g,Fresh Food
320990553,Tesco Sweet Chilli Houmous 182g ,TESCO,1.3,7.14,kg,7.14,kg,5.7,per 100g,Fresh Food
320673572,Tesco Red Pepper Houmous 182g ,TESCO,1.3,7.14,kg,7.14,kg,5.2,per 100g,Fresh Food
315248317,Cathedral City Extra Mature Cheddar Minis 6x20g,CATHEDRAL CITY,1.4,11.67,kg,11.67,kg,25.4,per 100g,Fresh Food
320806612,Tesco Finest Passionfruit & Raspberry Cheesecake 500g,TESCO finest,5.5,11.0,kg,11.0,kg,3.9,per 100g,Fresh Food
313180399,Pizza Express Garlic & Mozzarella Flatbread 290G,PIZZA EXPRESS,3.5,12.07,kg,12.07,kg,10.8,per 100g,Fresh Food
321828210,Tesco Organic British Chicken Thighs 500g,TESCO ORGANIC,7.1,14.2,kg,14.2,kg,17.5,per 100g,Fresh Food
315841588,Tesco Strawberry Trifle 600G,TESCO,3.3,5.5,kg,5.5,kg,1.9,per 100g,Fresh Food
313360682,Tesco Finest 8 Macaron Selection 90g,TESCO finest,4.4,48.89,kg,48.89,kg,8.4,per 100g,Fresh Food
320800002,Tesco Raspberry Cheesecake 500g,TESCO,4.8,9.6,kg,9.6,kg,4.0,per 100g,Fresh Food
321827833,T. Organic Chicken Drumsticks 500g,TESCO ORGANIC,5.1,10.2,kg,10.2,kg,18.4,per 100g,Fresh Food
320813701,Tesco Lemon Cheesecake 500g,TESCO,4.8,9.6,kg,9.6,kg,4.1,per 100g,Fresh Food
317859697,Cathedral City High Protein Half Fat Mature Cheddar Cheese 300g,CATHEDRAL CITY,3.6,12.0,kg,12.0,kg,30.7,per 100g,Fresh Food
320659682,Tesco Finest Mozzarella and Hot Honey Focaccia 312g,TESCO finest,3.5,11.22,kg,11.22,kg,9.4,per 100g,Fresh Food
320810756,Tesco Vanilla Cheesecake 500g,TESCO,4.8,9.6,kg,9.6,kg,4.3,per 100g,Fresh Food
314325556,Tesco Piri Piri Half Chicken 880G,TESCO,5.95,6.76,kg,6.76,kg,25.1,per 100g,Fresh Food
321941697,Tesco Sunblush Tomato and Garlic Flatbread 245g,TESCO,2.2,8.98,kg,8.98,kg,7.9,per 100g,Fresh Food
318192777,Crosta & Mollica Stonebaked Flatbread - Roast Garlic & Mozzarella 229g,CROSTA & MOLLICA,3.5,15.28,kg,15.28,kg,11.6,per 100g,Fresh Food
322148926,Tesco Finest Formaggi Tartufo Focaccia 300g,TESCO finest,3.5,11.67,kg,11.67,kg,9.9,per 100g,Fresh Food
320810687,Tesco Chocolate Cheesecake 500g,TESCO,4.8,9.6,kg,9.6,kg,4.0,per 100g,Fresh Food
322548845,Cathedral City Our Mature Cheddar 12 Slices 250g,CATHEDRAL CITY,3.5,14.0,kg,14.0,kg,25.4,per 100g,Fresh Food
313849001,Tesco Chocolate Cake 375G,TESCO,3.5,9.33,kg,9.33,kg,5.5,per 100g,Fresh Food
321832763,Tesco Finest 2 Chocolate & Pistachio Tarts,TESCO finest,4.0,2.0,each,2.0,each,5.0,per 100g,Fresh Food
321945860,Tesco Rosemary and Garlic Flatbread 232g,TESCO,2.2,9.48,kg,9.48,kg,8.1,per 100g,Fresh Food
321773164,Tesco Cheese and Garlic Flatbread 230g,TESCO,2.2,9.56,kg,9.56,kg,10.0,per 100g,Fresh Food
322259524,Tesco Finest Rosemary Focaccia with Cornish Sea Salt 280g,TESCO finest,3.5,12.5,kg,12.5,kg,8.8,per 100g,Fresh Food
316191272,Cadbury Twinpot Mini Eggs 4x 75g,CADBURY,3.5,11.67,kg,11.67,kg,4.2,per 100g,Fresh Food
322328247,The Pizza Company Garlic Pizzabread 247g,THE PIZZA COMPANY,3.4,13.76,kg,13.76,kg,8.3,per 100g,Fresh Food
322552672,"La Famiglia Rana Pomodorini, Basil & Mozzarella Flatbread 205g",La Famiglia RANA,3.0,14.63,kg,14.63,kg,8.8,per 100g,Fresh Food
321968648,Tesco Finest Chocolate & Roasted Hazelnut Brownie 330g,TESCO finest,5.0,15.15,kg,15.15,kg,6.6,per 100g,Fresh Food
322249525,Discoveries Tomato Tang Mature Cheddar 170g,DISCOVERIES,3.5,20.59,kg,20.59,kg,23.8,per 100g,Fresh Food
322161748,La Famiglia Rana Caramelised Garlic & Pecorino Flatbread 183g,La Famiglia RANA,3.0,16.39,kg,16.39,kg,10.0,per 100g,Fresh Food
322530312,Tesco Slower Grown Chicken Thighs 600g,TESCO,3.1,5.17,kg,5.17,kg,17.5,per 100g,Fresh Food
320562801,Tesco Finest Olive Focaccia 170g,TESCO finest,2.5,14.71,kg,14.71,kg,6.4,per 100g,Fresh Food
322451929,Discoveries Harissa Bloom Mature Cheddar 170g,DISCOVERIES,3.5,20.59,kg,20.59,kg,23.5,per 100g,Fresh Food
322440891,The Delicious Dessert Company 2 Choc 'n Orange Scream Eclairs,The Delicious Dessert Company,2.6,1.3,each,1.3,each,5.3,per 100g,Fresh Food
315980561,Tesco Cream & Strawberry Jam Doughnuts 2 Pack,TESCO,1.65,0.82,each,0.82,each,6.4,per 100g,Fresh Food
320667107,Tesco Finest Focaccia Plain 135g,TESCO finest,2.25,16.67,kg,16.67,kg,7.2,per 100g,Fresh Food
318256055,Tesco High Protein 4 Flatbreads 320G,TESCO,1.7,5.31,kg,5.31,kg,18.7,per 100g,Fresh Food
315398127,Tesco Triple Chocolate Trifle 500G,TESCO,3.3,6.6,kg,6.6,kg,3.5,per 100g,Fresh Food
317966725,Tesco 6 Bruschetta Slices 180g,TESCO,2.0,11.11,kg,11.11,kg,10.5,per 100g,Fresh Food
314946541,Tesco Mini Roast Chicken Dinner 458G,TESCO,5.65,12.34,kg,12.34,kg,19.4,per 100g,Fresh Food
315841467,Tesco Belgian Chocolate Eclairs 2 Pack,TESCO,1.5,0.75,each,0.75,each,4.9,per 100g,Fresh Food
322637492,Tesco Slower Grown Chicken Drumsticks 600g,TESCO,1.85,3.08,kg,3.08,kg,18.8,per 100g,Fresh Food
322136791,Tesco Garlic Flatbread 225g,TESCO,2.2,9.78,kg,9.78,kg,8.5,per 100g,Fresh Food
315757544,Ms Molly's Strawberry Jam Doughnuts 2 Pack,Ms Molly's,0.99,0.5,each,0.5,each,5.9,per 100g,Fresh Food
316074313,Ms Molly's Belgian Chocolate Eclairs 2 Pack,Ms Molly's,0.89,0.44,each,0.44,each,5.9,per 100g,Fresh Food
323658459,Tesco British Chicken Breast Fillets 1KG,TESCO,6.85,6.85,kg,6.85,kg,21.5,per 100g,Fresh Food
320571652,Tesco British Slower Grown Diced Breast 400g,TESCO,5.6,14.0,kg,14.0,kg,22.6,per 100g,Fresh Food
320400735,"Tesco Finest British Chicken Breast Ballotine with Pork, Sourdough & Apple Stuffing 372g",TESCO finest,6.4,17.2,kg,17.2,kg,24.0,per 100g,Fresh Food
306657941,Bertolli Vegetable Fat Spread With Olive Oil 1Kg,BERTOLLI,5.25,5.25,kg,5.25,kg,,per 100g,Fresh Food
320667453,Peperami Original Salami Sticks 10x20g,PEPERAMI,4.95,24.75,kg,24.75,kg,23.0,per 100g,Fresh Food
322145083,Tesco Finest Half Roast Chicken with Tandoori Sauce 650g,TESCO finest,8.0,12.31,kg,12.31,kg,21.2,per 100g,Fresh Food
320659175,Tesco Slower Grown Chicken Breast Fillets 650g,TESCO,7.7,11.85,kg,11.85,kg,22.8,per 100g,Fresh Food
320550683,Tesco Chicken Breast Pieces 750g,TESCO,5.95,7.93,kg,7.93,kg,21.5,per 100g,Fresh Food
315072789,Peperami Hot 5x20g,PEPERAMI,3.0,30.0,kg,30.0,kg,22.0,per 100g,Fresh Food
314580454,Peperami Firestick 5x20g,PEPERAMI,3.0,30.0,kg,30.0,kg,22.0,per 100g,Fresh Food
315055706,Peperami Original 5x20g,PEPERAMI,3.0,30.0,kg,30.0,kg,23.0,per 100g,Fresh Food
313523640,Unearthed Chorizo De Navarra 200G,unearthed,3.75,18.75,kg,18.75,kg,25.0,per 100g,Fresh Food
321337791,Ember Original Recipe Beef Biltong 45g,Ember,3.5,77.78,kg,77.78,kg,51.8,per 100g,Fresh Food
313835789,Peperami Original Pizza Buns 4x40g,PEPERAMI,2.75,17.19,kg,17.19,kg,11.0,per 100g,Fresh Food
315741643,Tesco 25 cocktail sausage 200g,TESCO,1.9,9.5,kg,9.5,kg,12.6,per 100g,Fresh Food
321113065,Beretta Beef Protein Sticks 52g,BERETTA,2.0,38.46,kg,38.46,kg,37.0,per 100g,Fresh Food
318195299,Beretta Pork Protein Sticks 52g,BERETTA,2.0,38.46,kg,38.46,kg,43.0,per 100g,Fresh Food
317662439,Tesco Buttered Chicken Breast Joint 565g,TESCO,6.55,11.59,kg,11.59,kg,24.8,per 100g,Fresh Food
313757167,Beretta Salamini Classic 85G,BERETTA,2.1,24.71,kg,24.71,kg,28.0,per 100g,Fresh Food
321848629,Tesco Finest Roast Half Chicken With Teriyaki Sauce 650g,TESCO finest,8.0,12.31,kg,12.31,kg,21.0,per 100g,Fresh Food
320676868,Tesco Slower Grown Chicken Mini Fillets 400g,TESCO,4.45,11.12,kg,11.12,kg,23.5,per 100g,Fresh Food
318277151,Tesco Fire Pit 4 Greek Style Chicken Kebabs 260G,FIRE PIT,5.0,19.23,kg,19.23,kg,25.3,per 100g,Fresh Food
320548646,Tesco Whole Roast Chicken (1.16kg – 1.47kg) ,TESCO,8.0,6.9,kg,6.9,kg,26.0,per 100g,Fresh Food
317639226,I Can't Believe It's Not Butter Light Spread 500g,I CAN'T BELIEVE IT'S NOT BUTTER,1.4,2.8,kg,2.8,kg,,per 100g,Fresh Food
321103768,Tesco Extra Large Whole Chicken 2.1-2.6kg,TESCO,6.35,3.02,kg,3.02,kg,20.0,per 100g,Fresh Food
321046461,Tesco Large Whole Chicken 1.7-2.1kg,TESCO,5.15,3.03,kg,3.03,kg,20.0,per 100g,Fresh Food
322049675,Tesco 10 Mini Pork Pies 250g,TESCO,2.25,9.0,kg,9.0,kg,10.1,per 100g,Fresh Food
314943636,Properoni Classic Sliced Pepperoni 80g,PROPERONI,3.0,37.5,kg,37.5,kg,22.0,per 100g,Fresh Food
320672285,Tesco Medium Whole Chicken 1.3-1.7kg,TESCO,3.95,3.04,kg,3.04,kg,20.0,per 100g,Fresh Food
321536889,Tesco 14 Southern Fried Chicken Straws 161g,TESCO,2.25,13.98,kg,13.98,kg,10.8,per 100g,Fresh Food
322048325,Tesco 10 Sweet Chilli Chicken Satay bites 120g,TESCO,2.25,18.75,kg,18.75,kg,14.9,per 100g,Fresh Food
322136658,Tesco 10 Chicken Satay Bites 120G,TESCO,2.25,18.75,kg,18.75,kg,17.1,per 100g,Fresh Food
256592009,Beretta 4 Gnometti 150G,BERETTA,3.0,20.0,kg,20.0,kg,27.0,per 100g,Fresh Food
322162309,Tesco 20 Chicken Poppers 200g,TESCO,2.25,11.25,kg,11.25,kg,13.1,per 100g,Fresh Food
256592810,Beretta Cacciatore Salamini 150G,BERETTA,3.0,20.0,kg,20.0,kg,27.0,per 100g,Fresh Food
320799089,Peperami Chicken Bites Kickin Tikka 3x30g,PEPERAMI,1.75,19.44,kg,19.44,kg,18.0,per 100g,Fresh Food
320794837,Peperami Chicken Bites Slow Roasted 3x30g,PEPERAMI,1.75,19.44,kg,19.44,kg,18.0,per 100g,Fresh Food
313735458,Fridge Raiders Smoky BBQ Chicken Bites 3 x 22.5g,FRIDGE RAIDERS,1.65,24.44,kg,24.44,kg,19.0,per 100g,Fresh Food
313835530,Beretta Antipasto Emiliano 100G,BERETTA,3.5,35.0,kg,35.0,kg,,,Fresh Food
312708717,Beretta Salami Sticks 60G,BERETTA,1.55,25.83,kg,25.83,kg,33.0,per 100g,Fresh Food
315140352,Tesco Finest 2 Beef Bourguignon & Silverskin Onion Pies 500g,TESCO finest,7.75,15.5,kg,15.5,kg,8.8,per 100g,Fresh Food
317972533,Higgidy Slow-Braised Steak & Craft Ale Pie 200g,Higgidy,3.75,18.75,kg,18.75,kg,11.6,per 100g,Fresh Food
317738339,"Higgidy Slow-Cooked Steak, Red Wine & Bacon Pie 200g",Higgidy,3.75,18.75,kg,18.75,kg,11.1,per 100g,Fresh Food
315060659,Tesco Finest Steak Pie 500g,TESCO finest,6.5,13.0,kg,13.0,kg,9.9,per 100g,Fresh Food
317297226,Tesco Chicken Bacon & Sausage Lattice Bar 500g,TESCO,4.4,8.8,kg,8.8,kg,8.7,per 100g,Fresh Food
316810278,St Ewe Original Large Free Range Eggs 10 Pack,ST.EWE FREE RANGE EGGS,3.95,0.4,each,0.4,each,12.6,per 100g,Fresh Food
306928552,Clarence Court Traditional Leghorn Whites Free Range Eggs 6 Pack,CLARENCE COURT,2.85,0.48,each,0.48,each,12.6,per 100g,Fresh Food
316794814,St Ewe Free Range Rich Yolk Mixed Weight 10 Pack ,ST.EWE FREE RANGE EGGS,4.25,0.42,each,0.42,each,12.6,per 100g,Fresh Food
315445078,St. Ewe Rich Yolk Large Free-Range Eggs 6 Pack,ST.EWE FREE RANGE EGGS,3.3,0.55,each,0.55,each,12.6,per 100g,Fresh Food
321845379,Tesco Finest Free Range 6 Golden Yolk Eggs,TESCO finest,2.9,0.48,each,0.48,each,12.6,per 100g,Fresh Food
322251498,BOL Protein Thai Green Curry Power Pot 450g,BOL Foods,3.5,7.78,kg,7.78,kg,6.6,per 100g,Fresh Food
322437659,BOL Protein Chickpea Jalfrezi Power Pot 450g,BOL Foods,3.5,7.78,kg,7.78,kg,6.7,per 100g,Fresh Food
322145814,BOSH! Creamy Mac & Greens 380g,BOSH!,4.5,11.84,kg,11.84,kg,5.4,per 100g,Fresh Food
322346231,BOSH! Teriyaki Mushroom Noodles 380g,BOSH!,4.5,11.84,kg,11.84,kg,5.3,per 100g,Fresh Food
322320019,BOSH! Creamy No-Duja Pasta 380g,BOSH!,4.5,11.84,kg,11.84,kg,5.8,per 100g,Fresh Food
322338391,BOSH! Goan Chickpea Curry 380g,BOSH!,4.5,11.84,kg,11.84,kg,5.8,per 100g,Fresh Food
316557747,Pukka Chicken Ham and Leek Pie,Pukka,2.25,2.25,each,2.25,each,9.6,per 100g,Fresh Food
317870665,Pukka The Big One All Steak Pie,Pukka,4.5,4.5,each,4.5,each,9.3,per 100g,Fresh Food
322822301,Yolk Free Range Eggs 6 Large ,yolk,2.7,0.45,each,0.45,each,,,Fresh Food
314696409,Freshlay Golden Yolks 6 Free Range Mixed Weight 328G,FRESHLAY,2.6,0.43,each,0.43,each,,,Fresh Food
322161564,BOSH! Ultimate Bean Chilli 380g,BOSH!,4.75,12.5,kg,12.5,kg,5.5,per 100g,Fresh Food
322843178,Yolk  Free Range Eggs 6 Medium,yolk,1.8,0.3,each,0.3,each,,,Fresh Food
323001678,Pieminister Moo & Blue Pie with British Beef Steak & Stilton 255G,PIEMINISTER,4.7,4.7,each,4.7,each,10.0,per 100g,Fresh Food
322839656,Pieminister Moo Pie with British Beef Steak & Ale 255G,PIEMINISTER,4.7,4.7,each,4.7,each,7.6,per 100g,Fresh Food
322242561,Higgidy Slow-Cooked Steak & Guinness Pie 200g,Higgidy,3.75,18.75,kg,18.75,kg,11.6,per 100g,Fresh Food
321026387,TESCO FRENCH LE ROULE GARLIC AND HERBS SOFT CHEESE 125 g,TESCO,2.1,16.8,kg,16.8,kg,6.9,per 100g,Fresh Food
317308653,"Tesco Ham, Cheese & Chicken Triple Sandwich",TESCO,3.25,3.25,each,3.25,each,12.2,per 100g,Fresh Food
321772891,YAMAS! Labneh Soft Cheese 200g,YAMAS,1.75,8.75,kg,8.75,kg,8.1,per 100g,Fresh Food
322451601,Pukka Creamy Pepper Steak Pie,Pukka,2.25,2.25,each,2.25,each,9.2,per 100g,Fresh Food
321836626,YO! Reduced to £1.50,YO!,1.5,1.5,each,1.5,each,,,Fresh Food
322850342,Unearthed Croque Monsieur Ham & Cheese Toasted Sandwich 140g,unearthed,3.25,23.21,kg,23.21,kg,13.0,per 100g,Fresh Food
322840826,Unearthed Croque Fromage Raclette & Emmental Toasted Sandwich 140g,unearthed,3.25,23.21,kg,23.21,kg,11.0,per 100g,Fresh Food
315338695,Tesco Fajita Chicken Wrap,TESCO,3.0,3.0,each,3.0,each,11.5,per 100g,Fresh Food
316545586,Tesco Chicken & Chorizo Pasta 285g,TESCO,3.1,10.88,kg,10.88,kg,7.1,per 100g,Fresh Food
322546259,Tesco Pork Pie Inspired Limited Edition Sandwich,TESCO,3.0,3.0,each,3.0,each,10.0,per 100g,Fresh Food
316551097,Tesco Some Like It Hot Piri Piri Chicken Salad 245g,TESCO,3.0,12.24,kg,12.24,kg,4.9,per 100g,Fresh Food
301513250,Tuk-In Chicken Tikka,BRADGATE,3.0,3.0,each,3.0,each,7.4,per 100g,Fresh Food
316446899,Tesco Eat Your Greens Feta Salad 240g,TESCO,3.0,12.5,kg,12.5,kg,4.3,per 100g,Fresh Food
316531118,Tesco Tandoori Chicken Rice Bowl 240g,TESCO,3.0,12.5,kg,12.5,kg,6.6,per 100g,Fresh Food
316806416,The Gym Kitchen Katsu Chicken Wrap,THE GYM KITCHEN,3.0,3.0,each,3.0,each,12.0,per 100g,Fresh Food
322753434,Urban Rajah Lime Chana Masala Buroti,URBAN RAJAH,3.0,3.0,each,3.0,each,5.3,per 100g,Fresh Food
323007430,Tuk in Foods Butter Chicken Curry in a naan 180g,TUK IN,3.0,16.67,kg,16.67,kg,11.4,per 100g,Fresh Food
315473764,Tesco Nacho Cheesy Chicken Wrap,TESCO,3.0,3.0,each,3.0,each,10.8,per 100g,Fresh Food
316808944,Tesco Vegetable Samosa 110g,TESCO,1.75,15.91,kg,15.91,kg,4.8,per 100g,Fresh Food
316657586,Tesco Marinated Duck Noodle Bowl - Hoisin 250g,TESCO,3.0,12.0,kg,12.0,kg,3.7,per 100g,Fresh Food
316557520,Tesco Southern Fried Chicken Sub - Chipotle Mayo,TESCO,3.0,3.0,each,3.0,each,9.1,per 100g,Fresh Food
315453212,The Gym Kitchen Chicken Tikka,THE GYM KITCHEN,3.0,10.0,kg,10.0,kg,13.0,per 100g,Fresh Food
322045800,"Tesco Free From Chicken, Bacon & Mayonnaise Sandwich",TESCO free FROM,3.0,3.0,each,3.0,each,10.5,per 100g,Fresh Food
322163147,Tesco Free From BLT Sandwich,TESCO free FROM,3.4,3.4,each,3.4,each,8.3,per 100g,Fresh Food
322153234,Tesco Free From Cheese & Onion Sandwich,TESCO free FROM,2.75,2.75,each,2.75,each,8.7,per 100g,Fresh Food
317981467,Tesco Falafel & Houmous Wrap,TESCO,3.0,3.0,each,3.0,each,5.7,per 100g,Fresh Food
320666828,Tesco Japanese Style Chicken Sushi 135g,TESCO,3.3,24.44,kg,24.44,kg,3.9,per 100g,Fresh Food
321326239,Tesco Pineapple Chunks 300G (FOS) ,TESCO,2.55,8.5,kg DR.WT,8.5,kg dr.wt,0.5,per 100g,Fresh Food
320974095,Tesco Smoked Salmon Tuna & Prawn Sushi 136g,TESCO,3.3,24.26,kg,24.26,kg,5.0,per 100g,Fresh Food
321779440,The Gym Kitchen High Protein Greek Style Pasta Salad 280g,THE GYM KITCHEN,3.1,11.07,kg,11.07,kg,8.5,per 100g,Fresh Food
320561284,Tesco BBQ Chicken No Mayo Wrap,TESCO,3.0,3.0,each,3.0,each,9.3,per 100g,Fresh Food
322739659,Tesco Southern Fried BBQ Chicken with Mac & Cheese wrap,TESCO,3.0,3.0,each,3.0,each,9.8,per 100g,Fresh Food
322648951,Tesco Spanish style Paprika Chicken with Patatas Bravas and Aioli Limited Edition ,TESCO,3.0,3.0,each,3.0,each,10.7,per 100g,Fresh Food
318079057,Tesco Chicken & Bacon Wrap,TESCO,3.0,3.0,each,3.0,each,12.8,per 100g,Fresh Food
321339748,Tesco Sweet Potato Falafel Salad 250g,TESCO,3.0,12.0,kg,12.0,kg,4.0,per 100g,Fresh Food
320557347,Tesco Classic Veggie Sushi 126g,TESCO,3.3,26.19,kg,26.19,kg,2.6,per 100g,Fresh Food
321212178,Tesco Southern Fried Chicken & Ranch Potato Salad 260g,TESCO,3.0,11.54,kg,11.54,kg,4.2,per 100g,Fresh Food
320989763,Tesco Korean Style Chicken Dragon Roll 175g,TESCO,3.3,18.86,kg,18.86,kg,4.3,per 100g,Fresh Food
316934903,Tesco Sausage Bacon & Egg Sub,TESCO,3.0,3.0,each,3.0,each,10.5,per 100g,Fresh Food
320975249,Tesco Smoked Salmon Sushi 135g,TESCO,3.3,24.44,kg,24.44,kg,4.7,per 100g,Fresh Food
320662458,Urban Rajah Smashed Onion Bhaji & Chickpea Buroti,URBAN RAJAH,3.0,3.0,each,3.0,each,5.2,per 100g,Fresh Food
320789602,Tesco Spicy Prawn Dragon Roll 165g,TESCO,3.3,20.0,kg,20.0,kg,3.9,per 100g,Fresh Food
321230565,Tesco Mexican Inspired Chicken & Grain Salad 265g,TESCO,3.0,11.32,kg,11.32,kg,7.4,per 100g,Fresh Food
320803206,Tesco Smoky BBQ Chicken Sub,TESCO,3.0,3.0,each,3.0,each,12.7,per 100g,Fresh Food
321235456,Spooners Molten Chocolate Chip Cookie Dough Dessert 250g,SPOONERS,4.95,1.98,100g,19.8,kg,3.6,per 100g,Fresh Food
320554362,Gü Victoria Sponge Cake Pots Dessert 2x 74g,GU,3.95,26.69,kg,26.69,kg,2.3,per 100g,Fresh Food
321322923,Gü Chocolate Fudge Cake Pots Dessert 2x 68g,GU,3.95,29.04,kg,29.04,kg,4.7,per 100g,Fresh Food
283228776,Nestle After Eight Mousse 4X57g,AFTER EIGHT,2.65,11.62,kg,11.62,kg,4.2,per 100g,Fresh Food
315077323,GetPro 18g Chocolate & Hazelnut High Protein Pudding 180g,DANONE,1.85,10.28,kg,10.28,kg,10.0,per 100g,Fresh Food
314304307,Cadbury Dairy Milk Pots Of Joy 350G,Cadbury,3.0,8.57,kg,8.57,kg,4.0,per 100g,Fresh Food
314322231,Cadbury Dairy Milk Chocolate Orange Big Pot Dessert 350g,Cadbury,3.0,8.57,kg,8.57,kg,4.0,per 100g,Fresh Food
321214308,Reese's Mix-Ins Peanut Butter Chip & White Chocolate Dessert 330g,Reese's,3.5,10.61,kg,10.61,kg,5.5,per 100g,Fresh Food
314836556,GetPro 20g Chocolate High Protein Mousse 200g,DANONE,2.3,11.5,kg,11.5,kg,10.0,per 100g,Fresh Food
321531416,Gü Chocolate Melt in the Middle Pudding 2 x 90g,GU,3.95,21.94,kg,21.94,kg,5.8,per 100g,Fresh Food
315237935,Gu Double Chocolate Brownie Dessert 2X79g,GU,3.95,25.0,kg,25.0,kg,4.3,per 100g,Fresh Food
321788227,Gü Zillionaire Cheesecake Dessert 2 x 84.5g,GU,3.95,23.37,kg,23.37,kg,3.4,per 100g,Fresh Food
316811784,Yorkie Milk Chocolate Dessert 2x65g,YORKIE,2.0,15.38,kg,15.38,kg,5.3,per 100g,Fresh Food
281570856,Tesco Finest Coffee Mousse 100G,TESCO finest,1.15,11.5,kg,11.5,kg,4.5,per 100g,Fresh Food
317664512,Cadbury Dairy Milk Button & Chunk Desserts 4x75g,Cadbury,3.5,11.67,kg,11.67,kg,,,Fresh Food
317856320,The Coconut Collab White Chocolate Pots 4x45g,COCONUT COLLABORATIVE,2.95,16.39,kg,16.39,kg,0.7,per 100g,Fresh Food
317740330,Gü Milk Chocolate Mousse Dessert 2 x 52g,GU,2.95,28.36,kg,28.36,kg,7.0,per 100g,Fresh Food
321831401,CADBURY DAIRY MILK MOUSSE 4x45g,Cadbury,2.0,0.5,each,0.5,each,5.8,per 100g,Fresh Food
321046639,Aero Dairy Chocolate Snack Desserts 4 x 28g,AERO,2.0,17.86,kg,17.86,kg,6.8,per 100g,Fresh Food
313844375,Cadbury Mini Eggs Milk Chocolate Dessert 75G,Cadbury,1.25,16.67,kg,16.67,kg,4.2,per 100g,Fresh Food
321779440,The Gym Kitchen High Protein Greek Style Pasta Salad 280g,THE GYM KITCHEN,3.1,11.07,kg,11.07,kg,8.5,per 100g,Fresh Food
320561284,Tesco BBQ Chicken No Mayo Wrap,TESCO,3.0,3.0,each,3.0,each,9.3,per 100g,Fresh Food
322739659,Tesco Southern Fried BBQ Chicken with Mac & Cheese wrap,TESCO,3.0,3.0,each,3.0,each,9.8,per 100g,Fresh Food
322648951,Tesco Spanish style Paprika Chicken with Patatas Bravas and Aioli Limited Edition ,TESCO,3.0,3.0,each,3.0,each,10.7,per 100g,Fresh Food
318079057,Tesco Chicken & Bacon Wrap,TESCO,3.0,3.0,each,3.0,each,12.8,per 100g,Fresh Food
321339748,Tesco Sweet Potato Falafel Salad 250g,TESCO,3.0,12.0,kg,12.0,kg,4.0,per 100g,Fresh Food
320557347,Tesco Classic Veggie Sushi 126g,TESCO,3.3,26.19,kg,26.19,kg,2.6,per 100g,Fresh Food
321212178,Tesco Southern Fried Chicken & Ranch Potato Salad 260g,TESCO,3.0,11.54,kg,11.54,kg,4.2,per 100g,Fresh Food
320989763,Tesco Korean Style Chicken Dragon Roll 175g,TESCO,3.3,18.86,kg,18.86,kg,4.3,per 100g,Fresh Food
316934903,Tesco Sausage Bacon & Egg Sub,TESCO,3.0,3.0,each,3.0,each,10.5,per 100g,Fresh Food
318092207,Tesco Doner Kebab Style Chicken Wrap,TESCO,3.0,3.0,each,3.0,each,9.4,per 100g,Fresh Food
320975249,Tesco Smoked Salmon Sushi 135g,TESCO,3.3,24.44,kg,24.44,kg,4.7,per 100g,Fresh Food
320662458,Urban Rajah Smashed Onion Bhaji & Chickpea Buroti,URBAN RAJAH,3.0,3.0,each,3.0,each,5.2,per 100g,Fresh Food
320789602,Tesco Spicy Prawn Dragon Roll 165g,TESCO,3.3,20.0,kg,20.0,kg,3.9,per 100g,Fresh Food
321230565,Tesco Mexican Inspired Chicken & Grain Salad 265g,TESCO,3.0,11.32,kg,11.32,kg,7.4,per 100g,Fresh Food
320803206,Tesco Smoky BBQ Chicken Sub,TESCO,3.0,3.0,each,3.0,each,12.7,per 100g,Fresh Food
321235456,Spooners Molten Chocolate Chip Cookie Dough Dessert 250g,SPOONERS,4.95,1.98,100g,19.8,kg,3.6,per 100g,Fresh Food
320554362,Gü Victoria Sponge Cake Pots Dessert 2x 74g,GU,3.95,26.69,kg,26.69,kg,2.3,per 100g,Fresh Food
321322923,Gü Chocolate Fudge Cake Pots Dessert 2x 68g,GU,3.95,29.04,kg,29.04,kg,4.7,per 100g,Fresh Food
283228776,Nestle After Eight Mousse 4X57g,AFTER EIGHT,2.65,11.62,kg,11.62,kg,4.2,per 100g,Fresh Food
315077323,GetPro 18g Chocolate & Hazelnut High Protein Pudding 180g,DANONE,1.85,10.28,kg,10.28,kg,10.0,per 100g,Fresh Food
314304307,Cadbury Dairy Milk Pots Of Joy 350G,Cadbury,3.0,8.57,kg,8.57,kg,4.0,per 100g,Fresh Food
314322231,Cadbury Dairy Milk Chocolate Orange Big Pot Dessert 350g,Cadbury,3.0,8.57,kg,8.57,kg,4.0,per 100g,Fresh Food
321214308,Reese's Mix-Ins Peanut Butter Chip & White Chocolate Dessert 330g,Reese's,3.5,10.61,kg,10.61,kg,5.5,per 100g,Fresh Food
314836556,GetPro 20g Chocolate High Protein Mousse 200g,DANONE,2.3,11.5,kg,11.5,kg,10.0,per 100g,Fresh Food
321531416,Gü Chocolate Melt in the Middle Pudding 2 x 90g,GU,3.95,21.94,kg,21.94,kg,5.8,per 100g,Fresh Food
315237935,Gu Double Chocolate Brownie Dessert 2X79g,GU,3.95,25.0,kg,25.0,kg,4.3,per 100g,Fresh Food
321788227,Gü Zillionaire Cheesecake Dessert 2 x 84.5g,GU,3.95,23.37,kg,23.37,kg,3.4,per 100g,Fresh Food
316811784,Yorkie Milk Chocolate Dessert 2x65g,YORKIE,2.0,15.38,kg,15.38,kg,5.3,per 100g,Fresh Food
281570856,Tesco Finest Coffee Mousse 100G,TESCO finest,1.15,11.5,kg,11.5,kg,4.5,per 100g,Fresh Food
317664512,Cadbury Dairy Milk Button & Chunk Desserts 4x75g,Cadbury,3.5,11.67,kg,11.67,kg,,,Fresh Food
317856320,The Coconut Collab White Chocolate Pots 4x45g,COCONUT COLLABORATIVE,2.95,16.39,kg,16.39,kg,0.7,per 100g,Fresh Food
317740330,Gü Milk Chocolate Mousse Dessert 2 x 52g,GU,2.95,28.36,kg,28.36,kg,7.0,per 100g,Fresh Food
321831401,CADBURY DAIRY MILK MOUSSE 4x45g,Cadbury,2.0,0.5,each,0.5,each,5.8,per 100g,Fresh Food
321046639,Aero Dairy Chocolate Snack Desserts 4 x 28g,AERO,2.0,17.86,kg,17.86,kg,6.8,per 100g,Fresh Food
321844271,Cadbury Caramilk Mousse 4x45g,Cadbury,2.0,11.11,kg,11.11,kg,5.0,per 100g,Fresh Food
313844375,Cadbury Mini Eggs Milk Chocolate Dessert 75G,Cadbury,1.25,16.67,kg,16.67,kg,4.2,per 100g,Fresh Food
320667689,Tesco Toffee Sundae 125g,TESCO,1.5,12.0,kg,12.0,kg,4.7,per 100g,Fresh Food
323306018,The Gym Kitchen Korean BBQ Chicken Wrap,THE GYM KITCHEN,3.0,3.0,each,3.0,each,11.0,per 100g,Fresh Food
320811916,Tesco Chocolate Sundae 125g,TESCO,1.5,12.0,kg,12.0,kg,5.3,per 100g,Fresh Food
322134977,Muller Light Dessert Milk Chocolate 4x90g,Müller,2.35,6.53,kg,6.53,kg,3.3,per 100g,Fresh Food
317644824,Nestle Aero Peppermint Chocolate Mousse 4x58g,AERO,2.0,8.62,kg,8.62,kg,5.1,per 100g,Fresh Food
317757230,Cadbury Dairy Milk Caramel Pots of Joy Desserts 2x60g,Cadbury,2.0,16.67,kg,16.67,kg,3.3,per 100g,Fresh Food
317847982,Cadbury Dairy Milk Pots Of Joy Dessert 2x60g,Cadbury,2.0,16.67,kg,16.67,kg,4.0,per 100g,Fresh Food
316194349,Miss Molly's Chocolate Supremes 85g x 6 Pack,Ms Molly's,1.45,2.84,kg,2.84,kg,3.1,per 100g,Fresh Food
315591641,Tesco Baking Potatoes 2kg,TESCO,1.85,0.92,kg,0.92,kg,2.5,per 100g,Fresh Food
317744942,Tesco Finest Ruby Sweet Potatoes 1kg,TESCO finest,1.75,1.75,kg,1.75,kg,1.2,per 100g,Fresh Food
315383594,Tesco 2 Buttermilk Chicken Burgers 200g,TESCO,4.2,21.0,kg,21.0,kg,16.8,per 100g,Fresh Food
315584857,Tesco 2 Hot & Spicy Chicken Burgers 200g,TESCO,4.2,21.0,kg,21.0,kg,16.3,per 100g,Fresh Food
322652012,Nestle Quality Street Toffee Penny Dessert 2x65g,Nestle,2.0,15.38,kg,15.38,kg,2.7,per 100g,Fresh Food
320664306,Tesco Duo Hazelnut Spread 400g,TESCO,2.25,5.62,kg,5.62,kg,3.5,per 100g,Fresh Food
320974446,Kerrygold Spreadable Butter with Maple and Cinnamon 150g,KERRYGOLD,3.0,20.0,kg,20.0,kg,0.3,per 100g,Fresh Food
323014853,Tesco Finest 12 Beef Meatballs 336g,TESCO finest,4.5,13.39,kg,13.39,kg,22.7,per 100g,Fresh Food
323435355,Tesco Italian Style Seasoned Beef Mince 500G,TESCO,4.0,8.0,kg,8.0,kg,15.4,per 100g,Fresh Food
315743036,Tesco Southern Fried Chicken Breast Fillets 350g,TESCO,4.2,12.0,kg,12.0,kg,21.1,per 100g,Fresh Food
315761020,Tesco Crispy Chicken Breast Fillets 350g,TESCO,4.2,12.0,kg,12.0,kg,17.9,per 100g,Fresh Food
322148575,Muller Light Dessert Layers Chocolate Caramel 4x90g,Müller,2.35,6.53,kg,6.53,kg,3.0,per 100g,Fresh Food
322663114,Muller Light Desserts Milk Chocolate & Orange flavour 4x90g,Müller,2.35,6.53,kg,6.53,kg,3.3,per 100g,Fresh Food
322323955,Muller Light Desserts White Chocolate 4x90g,Müller,2.35,6.53,kg,6.53,kg,3.1,per 100g,Fresh Food
322755173,Tesco Beef & Pork Mince 23% Fat 500g,TESCO,4.0,8.0,kg,8.0,kg,17.5,per 100g,Fresh Food
317415128,I Can't Believe It's Not Butter Original Spread 500g,I CAN'T BELIEVE IT'S NOT BUTTER,1.4,2.8,kg,2.8,kg,0.0,per 100g,Fresh Food
315474129,Tesco Free From Whole Fillet Chicken Tenders 305g,TESCO free FROM,3.75,12.3,kg,12.3,kg,17.5,per 100g,Fresh Food
290853658,Tesco Large Pumpkin,TESCO,2.0,2.0,each,2.0,each,,,Fresh Food
323482977,Tesco Mexican Style Seasoned Beef Mince 500G,TESCO,4.0,8.0,kg,8.0,kg,15.6,per 100g,Fresh Food
323419547,Tesco Lightly Seasoned Beef Mince 500G ,TESCO,4.0,8.0,kg,8.0,kg,14.6,per 100g,Fresh Food
317874160,Whitby Seafoods Panko Calamari 200g,WHITBY SEAFOODS,4.2,21.0,kg,21.0,kg,9.6,per 100g,Fresh Food
322049646,Tesco Salmon and Cheddar En Croute 380g,TESCO,5.8,15.26,kg,15.26,kg,10.2,per 100g,Fresh Food
322660428,Tesco Finest 2 Beer Battered Hake Fillets 365g,TESCO finest,5.5,15.07,kg,15.07,kg,13.5,per 100g,Fresh Food
320990547,Kerrygold Spreadable Butter 400g,KERRYGOLD,4.4,11.0,kg,11.0,kg,0.3,per 100g,Fresh Food
322246050,The Laughing Cow 16 Light Cheese Spread 240g,The Laughing Cow,2.95,12.29,kg,12.29,kg,14.0,per 100g,Fresh Food
316187047,Tesco Breaded Sweet & Spicy King Prawns 200g,TESCO,3.5,17.5,kg,17.5,kg,11.8,per 100g,Fresh Food
315161816,The Collective Gourmet Mango Greek Style Yogurt 425G,THE COLLECTIVE DAIRY,2.5,5.88,kg,5.88,kg,4.5,per 100g,Fresh Food
315575183,The Collective Dairy Gourmet Morello Cherry Greek Style Yoghurt 425g,THE COLLECTIVE DAIRY,2.5,5.88,kg,5.88,kg,4.5,per 100g,Fresh Food
315159578,The Collective Gourmet Fudge Greek Style Yoghurt 425g,THE COLLECTIVE DAIRY,2.5,5.88,kg,5.88,kg,4.6,per 100g,Fresh Food
315073742,The Collective Gourmet Raspberry Greek Style Yogurt 425G,THE COLLECTIVE DAIRY,2.5,5.88,kg,5.88,kg,4.6,per 100g,Fresh Food
323012193,Tesco Breaded Chunky Hake Fillets 310g,TESCO,4.75,15.32,kg,15.32,kg,14.2,per 100g,Fresh Food
318189629,Tesco Breaded Southern Fried King Prawns 200g,TESCO,3.5,17.5,kg,17.5,kg,13.1,per 100g,Fresh Food
318260510,Tesco Breaded Lemon Sole Goujons 200g,TESCO,4.25,21.25,kg,21.25,kg,11.9,per 100g,Fresh Food
321953372,"Tesco Finest Yogurt Blackberry, Hibiscus & Vanilla 425g",TESCO finest,2.5,5.88,kg,5.88,kg,2.8,per 100g,Fresh Food
320670517,Tesco Finest Chorizo Pork Pies 300g,TESCO finest,4.2,14.0,kg,14.0,kg,9.5,per 100g,Fresh Food
315845970,Tesco Finest Ploughman's Pork Pies 4 Pack 300g,TESCO finest,4.2,14.0,kg,14.0,kg,10.7,per 100g,Fresh Food
321762407,Tesco Finest Tartare Sauce 100g,TESCO finest,2.2,22.0,kg,22.0,kg,1.1,per 100g,Fresh Food
322136497,"Tesco Finest Yogurt Mango, Passionfruit & Coconut 425g",TESCO finest,2.5,5.88,kg,5.88,kg,2.5,per 100g,Fresh Food
316796138,The Coconut Collab Plain Protein Coconut Yoghurt 350g,COCONUT COLLABORATIVE,2.5,7.14,kg,7.14,kg,5.9,per 100g,Fresh Food
299077249,Tesco Free From 2 Breaded Cod 300G,TESCO free FROM,4.5,15.0,kg,15.0,kg,12.7,per 100g,Fresh Food
321836436,Tesco Finest Caramelised Onion Topped Pork Pies 200g,TESCO finest,3.5,17.5,kg,17.5,kg,8.9,per 100g,Fresh Food
313741433,Onken Fat Free Vanilla Yogurt 450G,ONKEN,1.95,4.33,kg,4.33,kg,4.5,per 100g,Fresh Food
313966697,Onken 0% Fat Strawberry Yogurt 450G,ONKEN,1.95,4.33,kg,4.33,kg,4.6,per 100g,Fresh Food
315248375,Whitby Seafoods Jumbo Scampi  200g,WHITBY SEAFOODS,4.2,21.0,kg,21.0,kg,11.7,per 100g,Fresh Food
323307213,Tesco Breaded Southern Fried Basa Fillets 300g,TESCO,3.25,10.83,kg,10.83,kg,15.0,per 100g,Fresh Food
315152516,Tesco Finest Melton Mowbray Pork Pie 290g,TESCO finest,4.0,13.79,kg,13.79,kg,11.3,per 100g,Fresh Food
322143511,Tesco Finest Mini Melton Mowbray Pork Pies 200g,TESCO finest,3.0,15.0,kg,15.0,kg,11.5,per 100g,Fresh Food
320551665,Biotiful Gut Health Kefir Yogurt Raspberry 350g,Biotiful,2.0,5.71,kg,5.71,kg,5.3,per 100g,Fresh Food
320810831,Biotiful Gut Health Kefir Yogurt Vanilla 350g,Biotiful,2.0,5.71,kg,5.71,kg,5.3,per 100g,Fresh Food
320802340,Biotiful Gut Health Kefir Natural Yogurt Original 350g,Biotiful,2.0,5.71,kg,5.71,kg,6.0,per 100g,Fresh Food
299054109,Tesco Free From Cod & Parsley Fishcake 270G,TESCO free FROM,2.65,9.82,kg,9.82,kg,8.8,per 100g,Fresh Food
316054061,Tesco Finest Melting Middle 2 Katsu Cod & King Prawn Fishcakes 290g,TESCO finest,3.6,12.41,kg,12.41,kg,9.2,per 100g,Fresh Food
321665995,Tesco 4 Pork Pies 260g,TESCO,1.19,4.58,kg,4.58,kg,9.3,per 100g,Fresh Food
316183823,Hearty Food Co. Breaded Cod Fillets 2 Pack 300g,HEARTY FOOD CO.,2.99,9.97,kg,9.97,kg,16.9,per 100g,Fresh Food
322144844,"Tesco Tenderstem, Fine Beans and Carrots 190g",TESCO,2.25,11.84,kg,11.84,kg,2.0,per 100g,Fresh Food
313168567,Tesco Green Beans 220G,TESCO,0.85,3.86,kg,3.86,kg,2.1,per 100g,Fresh Food
312995370,Pukka Vegan Sausage Roll 130G,PUKKA PIES,1.85,14.23,kg,14.23,kg,8.3,per 100g,Fresh Food
321835339,Tesco Finest Signature Cure 10 Smokehouse Streaky Bacon 200g,TESCO finest,4.0,20.0,kg,20.0,kg,18.8,per 100g,Fresh Food
322145095,Tesco Finest Signature Cure 6 Alderwood Smoked Back Bacon 240g,TESCO finest,4.0,16.67,kg,16.67,kg,20.8,per 100g,Fresh Food
316062460,Tesco Finest 4  Pork & Apple Hog Roast Rolls 188g,TESCO finest,3.0,15.96,kg,15.96,kg,10.5,per 100g,Fresh Food
320809459,Tesco Finest Nduja and Hot Honey Sausage Rolls 188g,TESCO finest,3.0,15.96,kg,15.96,kg,8.7,per 100g,Fresh Food
320814631,Higgidy Ham Hock & Mature Cheddar Sausage Rolls 160g,Higgidy,3.15,19.69,kg,19.69,kg,10.8,per 100g,Fresh Food
320815912,Richmond Ready Baked 6 Smoked Back Bacon Rashers 75g,RICHMOND,2.5,33.33,kg,33.33,kg,29.85,per 100g,Fresh Food
321048919,Tesco British 14R Smoked Streaky Bacon 300g,TESCO,2.9,9.67,kg,9.67,kg,15.0,per 100g,Fresh Food
320789078,Tesco 9 Pork Sausage Rolls 270g,TESCO,2.15,7.96,kg,7.96,kg,8.3,per 100g,Fresh Food
321854610, Tesco Smoked Crispy Bacon 50g,TESCO,3.1,62.0,kg,62.0,kg,51.6,per 100g,Fresh Food
314592964,Tesco Reduced Fat & Salt 8 Bacon Medallions Unsmoked 240g,TESCO,2.1,8.75,kg,8.75,kg,19.7,per 100g,Fresh Food
277645964,Ginsters Large Sausage Roll 130G,GINSTERS,1.5,11.54,kg,11.54,kg,9.3,per 100g,Fresh Food
314581390,Tesco Reduced Fat & Salt Bacon Medallions - Smoked 8 Pack 240g,TESCO,2.1,8.75,kg,8.75,kg,19.8,per 100g,Fresh Food
314595949,Tesco Smoked Back Bacon Rashers 2 x 10 600g,TESCO,3.35,5.58,kg,5.58,kg,17.4,per 100g,Fresh Food
322055022,Tesco 20 Mini Pork  Sausage Rolls 220g,TESCO,2.25,10.23,kg,10.23,kg,8.1,per 100g,Fresh Food
320553173,Richmond 8 Thick Cut Smoked Back Bacon 280g,RICHMOND,2.0,7.14,kg,7.14,kg,17.0,per 100g,Fresh Food
322056085,Tesco Finest 4 Deep- Fill Pork Sausage Rolls 180g,TESCO finest,3.5,19.44,kg,19.44,kg,10.2,per 100g,Fresh Food
321952937,Tesco Finest  Deep-Fill West Country Cheddar & Bacon Sausage Rolls 180g,TESCO finest,3.5,19.44,kg,19.44,kg,12.0,per 100g,Fresh Food
320675351,Tesco 6 Pork Sausage Rolls 360g,TESCO,1.75,4.86,kg,4.86,kg,9.1,per 100g,Fresh Food
314597596,Tesco British 10 Smoked Back Bacon Rashers 300G,TESCO,2.5,8.33,kg,8.33,kg,17.3,per 100g,Fresh Food
322148333,Tesco Finest Mini Pork Sausage Rolls 144g,TESCO finest,3.5,24.31,kg,24.31,kg,11.5,per 100g,Fresh Food
320795387,Higgidy Cypriot Halloumi & Hot Honey Rolls 160g,Higgidy,3.3,20.62,kg,20.62,kg,8.1,per 100g,Fresh Food
251062207,Tesco Daffodils Bunch,TESCO,1.0,1.0,each,1.0,each,,,Fresh Food
322057020,Tesco Mini Cheese & Onion Rolls 220g,TESCO,2.25,10.23,kg,10.23,kg,7.5,per 100g,Fresh Food
317864546,Haute Fromagerie Cheese Selection Pack 400g,Haute Fromagerie,10.0,25.0,kg,25.0,kg,20.0,per 100g,Fresh Food
252194769,Ginsters 4 Cornish Pasties Original 520g,GINSTERS,3.5,6.73,kg,6.73,kg,6.5,per 100g,Fresh Food
321545705,Ilchester Family Favourites Cheese Selection 150g,ILCHESTER,2.75,18.33,kg,18.33,kg,,,Fresh Food
313945296,Attack A Snak Ham & Cheese Wrap Kit 86G,ATTACK A SNAK,1.5,17.44,kg,17.44,kg,12.0,per 100g,Fresh Food
321124259,Mini Babybel Protein Cheese Snacks 6 x 20g,MINI BABYBEL,2.45,20.42,kg,20.42,kg,26.0,per 100g,Fresh Food
321036248,Dairylea Lunchers Chicken 'N' Cheese 60g,dairylea,1.6,26.67,kg,26.67,kg,17.0,per 100g,Fresh Food
320662372,Dairylea Lunchers Ham n Cheese 65g,dairylea,1.6,24.62,kg,24.62,kg,16.0,per 100g,Fresh Food
320555009,Dairylea Strip Cheese 8's 140g,dairylea,2.5,17.86,kg,17.86,kg,20.0,per 100g,Fresh Food
322441423,Strings and things Munch mix cheese & crackers 90g,Strings & Things,2.25,25.0,kg,25.0,kg,18.0,per 100g,Fresh Food
277645331,Ginsters Cheddar & Onion Slice 170G,GINSTERS,2.25,13.24,kg,13.24,kg,6.0,per 100g,Fresh Food
315154860,Ginsters BBQ Hunters Chicken Slice 170G,GINSTERS,2.25,13.24,kg,13.24,kg,9.2,per 100g,Fresh Food
317642158,Pukka Jamaican Jerk Chicken Parcel 130g,Pukka,1.5,11.54,kg,11.54,kg,6.8,per 100g,Fresh Food
317863017,Pukka Vegan No Steak Slice 170g,Pukka,1.95,11.47,kg,11.47,kg,7.3,per 100g,Fresh Food
313610404,Attack A Snak Chicken & Cheese Wrap Kit 86G,ATTACK A SNAK,1.5,17.44,kg,17.44,kg,11.0,per 100g,Fresh Food
322068024,Tesco 8 Nacho Cheese Bites 144g,TESCO,2.25,15.62,kg,15.62,kg,10.9,per 100g,Fresh Food
313861607,Attack A Snak Pepperoni & Cheese Wrap Kit 83G,ATTACK A SNAK,1.5,18.07,kg,18.07,kg,13.0,per 100g,Fresh Food
308463441,Strings & Things Cheestrings Pizza 4 Pack 80G,Strings & Things,1.75,21.88,kg,21.88,kg,23.0,per 100g,Fresh Food
317295657,Tesco Finest Pur Brebis Ewe's Milk Cheese With Truffle 160g,TESCO finest,4.5,28.12,kg,28.12,kg,25.0,per 100g,Fresh Food
323319026,"Tesco Apple, Grape & Cheese 110g (FOS)",TESCO,1.5,13.64,kg,13.64,kg,6.2,per 100g,Fresh Food
320684000,Tesco 4 Cheese & Onion Pasties 520g,TESCO,2.95,5.67,kg,5.67,kg,8.0,per 100g,Fresh Food
320804758,Tesco 4 Cornish Pasties 520g,TESCO,3.0,5.77,kg,5.77,kg,6.9,per 100g,Fresh Food
320808224,GINSTERS HEINZ BEANZ & CHEESE SLICE 170G ,GINSTERS,2.25,13.24,kg,13.24,kg,7.4,per 100g,Fresh Food
323797075,Jaffa Seedless Lemon Minimum 3 Pack,Jaffa,2.15,0.72,each,0.72,each,1.0,per 100g,Fresh Food
320797189,GINSTERS SRIRACHA CHICKEN POCKET 100G,GINSTERS,1.15,11.5,kg,11.5,kg,7.9,per 100g,Fresh Food
320796242,GINSTERS SMOKY BBQ BEEF POCKET 100G,GINSTERS,1.15,11.5,kg,11.5,kg,7.7,per 100g,Fresh Food
320552479,Tesco 2 Cheese & Onion Slices 300g,TESCO,1.65,5.5,kg,5.5,kg,6.6,per 100g,Fresh Food
318275591,Tesco 6 Cheese & Bacon Rolls 360g.,TESCO,1.75,4.86,kg,4.86,kg,7.7,per 100g,Fresh Food
322330883,Pukka Hog Roast Slice 170g,Pukka,1.95,11.47,kg,11.47,kg,7.3,per 100g,Fresh Food
320790070,Tesco 6 Cheese & Onion Rolls 360g,TESCO,1.75,4.86,kg,4.86,kg,7.0,per 100g,Fresh Food
320676321,Tesco 2 Ham & Cheese Slices 300g,TESCO,1.65,5.5,kg,5.5,kg,7.4,per 100g,Fresh Food
320812184,Tesco 2 Chicken Tikka Slices 300g,TESCO,1.65,5.5,kg,5.5,kg,8.0,per 100g,Fresh Food
320797915,Tesco 2 Chicken & Mushroom Slices 300g,TESCO,1.65,5.5,kg,5.5,kg,8.1,per 100g,Fresh Food
320789147,Tesco 2 Steak Slice 300g,TESCO,1.65,5.5,kg,5.5,kg,8.7,per 100g,Fresh Food
322539297,UFIT Breakfast Protein Shake Banana 400ml,UFIT,2.75,6.88,litre,6.88,litre,7.0,per 100g,Fresh Food
309751248,Huel Ready-to-Drink Complete Meal - Banana 500ml,Huel,3.5,7.0,litre,7.0,litre,4.0,per 100g,Fresh Food
320980398,Arla Lactofree Whole Milk Drink 2L,Arla,3.0,1.5,litre,1.5,litre,3.3,per 100g,Fresh Food
320565395,yfood Ready to Drink Complete Meal Happy Banana 500ml,yfood,3.5,7.0,litre,7.0,litre,6.0,per 100g,Fresh Food
314707623,Tesco Finest Pomodorini & 'Vino Chianti DOP' Sauce 250g,TESCO finest,2.8,11.2,kg,11.2,kg,1.4,per 100g,Fresh Food
322336145,La Famiglia Rana Tomato & Mascarpone Sauce 200g,La Famiglia RANA,2.75,13.75,kg,13.75,kg,2.3,per 100g,Fresh Food
316648827,La Famiglia Rana Sundried Tomato & Pecorino Cheese Fresh Sauce 200g,La Famiglia RANA,2.75,13.75,kg,13.75,kg,5.5,per 100g,Fresh Food
314695157,Tesco Finest Parmesan & Mascarpone Sauce 250g,TESCO finest,2.8,11.2,kg,11.2,kg,6.0,per 100g,Fresh Food
316442984,Mockingbird Raw Shield Virgin Juice 750ml,MOCKINGBIRD,4.2,5.6,litre,5.6,litre,0.2,per 100g,Fresh Food
317305253,"Tesco Finest Nduja, Fire Roast Pepper & Mascarpone Sauce 250g",TESCO finest,2.8,11.2,kg,11.2,kg,2.2,per 100g,Fresh Food
316421836,Mockingbird Raw Activate Virgin Juice 750ml,MOCKINGBIRD,4.2,5.6,litre,5.6,litre,0.3,per 100g,Fresh Food
316196883,Mockingbird Raw Pump Virgin Juice 750ml,MOCKINGBIRD,4.2,5.6,litre,5.6,litre,0.3,per 100g,Fresh Food
321232125,Mockingbird Raw Hydration Juice 750ml,MOCKINGBIRD,4.2,5.6,litre,5.6,litre,0.1,per 100g,Fresh Food
316188607,Mockingbird Raw Daily Greens Juice 750ml,MOCKINGBIRD,4.2,5.6,litre,5.6,litre,0.5,per 100g,Fresh Food
315848235,Innocent Apple Juice 1.75 Litre,innocent,4.9,2.8,litre,2.8,litre,,per 100g,Fresh Food
322150836,La Famiglia Rana Arrabbiata Fresh Sauce 200g,La Famiglia RANA,2.75,13.75,kg,13.75,kg,1.3,per 100g,Fresh Food
318183774,SuperNutrio High Protein Fresh Semi Skimmed Milk 1l,SuperNutrio,2.25,2.25,litre,2.25,litre,7.0,per 100g,Fresh Food
322327450,Tom Parker Creamery Unhomogenised West Country Free Range whole Milk 750ml,TOM PARKER CREAMERY,2.25,3.0,litre,3.0,litre,3.9,per 100g,Fresh Food
318195921,SuperNutrio High Protein Fresh Whole Milk 1l,SuperNutrio,2.25,2.25,litre,2.25,litre,7.0,per 100g,Fresh Food
321236858,Tesco Finest Pressed Pink Lady® Apple Juice 750ml,TESCO finest,2.9,3.87,litre,3.87,litre,0.1,per 100g,Fresh Food
316807876,Trewithen Dairy Barista Cornish Milk 1 Litre,TREWITHEN DAIRY,1.65,1.65,litre,1.65,litre,3.5,per 100g,Fresh Food
320566590,Tom Parker Free Range Vitamin Enriched Whole Milk 500ml,TOM PARKER CREAMERY,1.6,3.2,litre,3.2,litre,3.9,per 100g,Fresh Food
321225779,Tesco Finest Freshly Squeezed Orange Juice Smooth 750ml,TESCO finest,2.9,3.87,litre,3.87,litre,0.6,per 100g,Fresh Food
321054451,Tesco Finest Freshly Squeezed Orange Juice with Bits 750ml,TESCO finest,2.9,3.87,litre,3.87,litre,0.6,per 100g,Fresh Food
321219159,Tesco Finest Italian Peach & White Grape Lemonade 750ml,TESCO finest,2.5,3.33,litre,3.33,litre,0.3,per 100g,Fresh Food
322135861,Yeo Valley Organic Free Range Whole Milk 1L,Yeo Valley,2.0,2.0,litre,2.0,litre,3.3,per 100g,Fresh Food
321106650,Tesco Finest Yuzu & Cherry Blossom Lemonade 750ml,TESCO finest,2.5,3.33,litre,3.33,litre,0.1,per 100g,Fresh Food
321120027,Tesco Finest Dragon fruit & Alphonso Mango Lemonade 750ml,TESCO finest,2.5,3.33,litre,3.33,litre,0.1,per 100g,Fresh Food
318268594,Tropicana Fresh & Light Tropical Juice Drink 850ml,TROPICANA,2.75,3.24,litre,3.24,litre,0.0,per 100g,Fresh Food
315469741,Tesco Chantenay Carrots 400g,TESCO,1.05,2.62,kg,2.62,kg,0.5,per 100g,Fresh Food
321215031,Tesco Finest Spanish Blood Orange & Red Grape Lemonade 750ml,TESCO finest,2.5,3.33,litre,3.33,litre,0.5,per 100g,Fresh Food
313855022,Arla BOB Semi-Skimmed Milk 2L That Tastes Like Whole,Arla,2.5,1.25,litre DR.WT,1.25,litre dr.wt,4.6,per 100g,Fresh Food
320969211,Plenish Enriched Oat Drink with added Vitamins & Calcium 1L,Plenish,2.35,2.35,litre,2.35,litre,0.7,per 100g,Fresh Food
317764532,MULLER X MY PROTEIN Mousse Chocolate Flavour 200g,Müller,2.25,11.25,kg,11.25,kg,10.2,per 100g,Fresh Food
321228955,Kanzi Apple 4 Pack ,KANZI,3.0,0.75,each,0.75,each,0.6,per 100g,Fresh Food
317532663,MULLER X MY PROTEIN Mousse Salted Caramel Flavour 200g,Müller,2.25,11.25,kg,11.25,kg,10.7,per 100g,Fresh Food
316439574,Oatly Organic Barista Oat Drink 1L,OATLY!,2.2,2.2,litre,2.2,litre,1.0,per 100g,Fresh Food
315574224,Plenish Organic Barista Gluten Free Oat Drink 1L,Plenish,2.35,2.35,litre,2.35,litre,0.3,per 100g,Fresh Food
315456042,Plenish Organic Barista Gluten Free Oat Drink 1L,Plenish,2.35,2.35,litre,2.35,litre,0.3,per 100g,Fresh Food
317988152,Plenish Organic Gluten Free Oat Milk 1L,Plenish,2.35,2.35,litre,2.35,litre,0.6,per 100g,Fresh Food
320685673,Plenish Organic Gluten Free Oat Drink 1L ,Plenish,2.35,2.35,litre,2.35,litre,0.6,per 100g,Fresh Food
313859559,Tesco Apple Family Bag 1.5Kg,TESCO,3.15,2.1,kg,2.1,kg,0.6,per 100g,Fresh Food
317539385,Oatly Barista Edition Lighter Taste Drink 1L,OATLY!,2.1,2.1,litre,2.1,litre,1.1,per 100g,Fresh Food
314323570,Oatly The Original No Sugars Oat Drink 1L,OATLY!,1.95,1.95,litre,1.95,litre,1.0,per 100g,Fresh Food
322653092,Oato Barista Whole Fresh Oat Drink 1l,OATO,1.75,1.75,litre,1.75,litre,1.0,per 100g,Fresh Food
322850463,Perfect Ted Matcha Latte Strawberry 250ml,PERFECT ted,2.2,8.8,litre,8.8,litre,1.0,per 100g,Fresh Food
322851272,PerfectTed Matcha Latte Vanilla 250ml ,PERFECT ted,2.2,8.8,litre,8.8,litre,1.0,per 100g,Fresh Food
321531215,Tesco Mini Pink Lady Apples (Min 5),TESCO,2.0,0.33,each,0.33,each,0.6,per 100g,Fresh Food
316811323,Alpro Oat Original Long Life Dairy Free Drink 500ml,alpro,1.2,2.4,litre,2.4,litre,0.4,per 100g,Fresh Food
317198810,Oatly Whole Oat Drink 500ml,OATLY!,1.2,2.4,litre,2.4,litre,1.1,per 100g,Fresh Food
316642649,Aero Orange & Chocolate Mousse 4 x 58g,AERO,2.0,8.62,kg,8.62,kg,5.2,per 100g,Fresh Food
321942961,Tesco Chantenay Carrot and Baby Parsnip 350g ,TESCO,1.55,4.43,kg,4.43,kg,1.2,per 100g,Fresh Food
305986397,Yeo Valley Organic Greek Recipe 0% Fat Natural 850g,Yeo Valley,4.95,5.82,kg,5.82,kg,10.0,per 100g,Fresh Food
316418858,The Coconut Collab Natural Coconut Yoghurt 750g,COCONUT COLLABORATIVE,4.65,6.2,kg,6.2,kg,1.2,per 100g,Fresh Food
321849231,YO! Veggie Selection 226g,YO!,4.5,19.91,kg,19.91,kg,3.4,per 100g,Fresh Food
318066752,"Higgidy Roasted Sweet Potato, Spinach & Feta Pie 200g",Higgidy,3.75,18.75,kg,18.75,kg,6.6,per 100g,Fresh Food
321833474,La Vie Vegan Sharers Ham & Cheese Croquettes 140g,LA VIE,3.5,25.0,kg,25.0,kg,6.4,per 100g,Fresh Food
321854040,"Higgidy Slow-Roasted Tomato, Red Pepper & Basil Mini Muffins 130g",Higgidy,3.5,26.92,kg,26.92,kg,5.5,per 100g,Fresh Food
320790571,Higgidy Mature Cheddar & Spinach Mini Muffins 130g,Higgidy,3.5,26.92,kg,26.92,kg,11.1,per 100g,Fresh Food
320794463,Higgidy Cypriot Halloumi & Pesto Little Lattices 120g,Higgidy,3.5,29.17,kg,29.17,kg,11.3,per 100g,Fresh Food
322153211,Higgidy Emmental & Extra Mature Potato Frittata Bites with Buffalo Sauce 130g,Higgidy,3.5,26.92,kg,26.92,kg,9.4,per 100g,Fresh Food
317763602,Tesco Chilli Cheese Slices 150g,TESCO,2.55,17.0,kg,17.0,kg,22.1,per 100g,Fresh Food
317763737,"Tesco Double Gloucester, Onion and Chive Slices 150g",TESCO,2.55,17.0,kg,17.0,kg,24.1,per 100g,Fresh Food
317295332,Tesco Cheddar and Peppercorn Slices 150g,TESCO,2.55,17.0,kg,17.0,kg,23.6,per 100g,Fresh Food
320677660,Dairylea Cheese Slices x16 300g,dairylea,2.25,7.5,kg,7.5,kg,15.0,per 100g,Fresh Food
321034291,Dairylea Light Cheese Slices x8 150g,dairylea,1.75,11.67,kg,11.67,kg,16.0,per 100g,Fresh Food
321548201,"Pukka Vegetarian Cheese, Leek & Potato Pie",PUKKA PIES,2.25,2.25,each,2.25,each,7.1,per 100g,Fresh Food
321037149,Dairylea Cheese Slices x8 150g,dairylea,1.75,11.67,kg,11.67,kg,15.0,per 100g,Fresh Food
321764359,Hochland Cascaval Clasic 8 Slices 150g,Hochland,2.9,19.33,kg,19.33,kg,24.0,per 100g,Fresh Food
316442385,Quorn 7 Picnic Eggs 140g,QUORN,2.0,14.29,kg,14.29,kg,14.0,per 100g,Fresh Food
316437081,Quorn 14 Cocktail Sausages 140g,QUORN,2.0,14.29,kg,14.29,kg,13.0,per 100g,Fresh Food
316427847,Quorn 12 Picnic Eggs 240g,QUORN,2.95,12.29,kg,12.29,kg,14.0,per 100g,Fresh Food
313949954,Onken Set Natural Yogurt 450g,ONKEN,1.9,4.22,kg,4.22,kg,3.3,per 100g,Fresh Food
320801145,Pilgrims Choice The American One Hot Honey Sliced Cheese 150g,PILGRIMS CHOICE,2.95,19.67,kg,19.67,kg,22.1,per 100g,Fresh Food
320553432,"Pilgrims Choice The British One Caramelised Onion, Honey & Chives Sliced Cheese 150g",PILGRIMS CHOICE,2.95,19.67,kg,19.67,kg,22.9,per 100g,Fresh Food
321118526,Sierpc Krolewski Cheese Slices 135g,SIERPC,1.9,14.07,kg,14.07,kg,26.0,per 100g,Fresh Food
313955497,Tesco Baby Corn and Mangetout 190g ,TESCO,2.1,11.05,kg,11.05,kg,2.7,per 100g,Fresh Food
317850188,Tesco Finest Rich Mushroom Stroganoff 250g,TESCO finest,4.1,16.4,kg,16.4,kg,4.5,per 100g,Fresh Food
320794411,Tesco Finest Vintage Cheddar & Caramelised Onion Quiche 400g,TESCO finest,4.0,10.0,kg,10.0,kg,8.4,per 100g,Fresh Food
320675368,Tesco Finest Goat's Cheese & Roasted Red Pepper Quiche 400g,TESCO finest,4.0,10.0,kg,10.0,kg,6.6,per 100g,Fresh Food
315978547,"Higgidy Roasted Tomato, Broccoli and Spinach Quiche 380G",Higgidy,4.6,12.1,kg,12.1,kg,4.6,per 100g,Fresh Food
321970587,Higgidy Vintage Cheddar & Roasted Shallot Quiche 400g,Higgidy,4.6,11.5,kg,11.5,kg,7.6,per 100g,Fresh Food
318065471,"Higgidy Spinach, Greek Feta & Pine Nut Pie  200g",Higgidy,3.75,18.75,kg,18.75,kg,8.5,per 100g,Fresh Food
320981909,Danone Skyr High Protein 0% Fat Natural Yoghurt 480g,DANONE,2.4,5.0,kg,5.0,kg,9.0,per 100g,Fresh Food
322158937,Squeaky Bean Braised Veggie Pie 209g,SQUEAKY BEAN,3.75,17.94,kg,17.94,kg,8.1,per 100g,Fresh Food
321955427,Squeaky Bean Spanish Chorizo Style Pie 209g,SQUEAKY BEAN,3.75,17.94,kg,17.94,kg,6.2,per 100g,Fresh Food
320978989,Danone Skyr High Protein 0% Fat Natural Yoghurt 800g,DANONE,3.3,4.12,kg,4.12,kg,9.0,per 100g,Fresh Food
320793314,Tesco Finest Maple Bacon & Vintage Cheddar Quiche 400g,TESCO finest,4.0,10.0,kg,10.0,kg,10.8,per 100g,Fresh Food
316787656,Zott Jogobella 6x100ml,ZOTT,3.15,5.25,litre,5.25,litre,,,Fresh Food
315342159,Pork Farms Vegan Porkless Pies 4 Pack 260g,PORK FARMS,3.35,12.88,kg,12.88,kg,9.3,per 100g,Fresh Food
315978501,"Tesco Finest Roast Chicken Breast with Pork, Sage & Onion Stuffing 120g",TESCO finest,3.75,31.25,kg,31.25,kg,24.4,per 100g,Fresh Food
320814585,Tesco Finest Smoky Chorizo & Cheddar Quiche 400g,TESCO finest,4.0,10.0,kg,10.0,kg,9.4,per 100g,Fresh Food
314709736,Pukka Vegan No Steak Pie,Pukka,2.25,2.25,each,2.25,each,7.3,per 100g,Fresh Food
322151616,Tesco Finest Oak Smoked Cheddar & Caramelised Leek Quiche 400g,TESCO finest,4.5,11.25,kg,11.25,kg,7.9,per 100g,Fresh Food
322252416,Tesco Cheese & Onion Pie 200g ,TESCO,2.1,10.5,kg,10.5,kg,7.8,per 100g,Fresh Food
315831427,Tesco British Roast Chicken Slices 120g,TESCO,2.25,18.75,kg,18.75,kg,24.6,per 100g,Fresh Food
320987022,Onken Greek Style Set Yogurt Natural 450g,ONKEN,1.95,4.33,kg,4.33,kg,4.5,per 100g,Fresh Food
321680521,Tesco Finest Brie & Bacon Quiche 400g,TESCO finest,4.5,11.25,kg,11.25,kg,9.0,per 100g,Fresh Food
322346352,Petits Filous Natural Kids Yoghurt + Calcium and Vitamin D 450g,PETITS FILOUS,1.95,4.33,kg,4.33,kg,5.4,per 100g,Fresh Food
316075871,Tesco Finest Roast Chicken 120g,TESCO finest,3.75,31.25,kg,31.25,kg,27.4,per 100g,Fresh Food
315391532,Tesco Reduced Fat Crustless Cheddar & Bacon Quiche 150G,TESCO,1.65,11.0,kg,11.0,kg,8.4,per 100g,Fresh Food
315395113,Eastman's Hot & Spicy Sliced Chicken 240G,EASTMAN'S,1.99,8.29,kg,8.29,kg,21.8,per 100g,Fresh Food
320793032,Tesco Mediterranean Style Vegetable Quiche 400g,TESCO,2.5,6.25,kg,6.25,kg,6.4,per 100g,Fresh Food
320687607,Tesco Quiche Lorraine 160g,TESCO,1.65,10.31,kg,10.31,kg,11.0,per 100g,Fresh Food
320800025,Tesco Broccoli Tomato Quiche 400g,TESCO,2.5,6.25,kg,6.25,kg,6.7,per 100g,Fresh Food
320787535,Tesco Crustless Cheddar & Bacon Quiche 340g,TESCO,2.5,7.35,kg,7.35,kg,10.0,per 100g,Fresh Food
320808368,Tesco Pepperoni Pizza Quiche 400g,TESCO,2.5,6.25,kg,6.25,kg,7.1,per 100g,Fresh Food
320795018,Tesco Cheese & Bacon Quiche 400g,TESCO,2.5,6.25,kg,6.25,kg,9.6,per 100g,Fresh Food
320680436,Tesco Quiche-Lorraine 400g,TESCO,2.5,6.25,kg,6.25,kg,11.0,per 100g,Fresh Food
315757291,Juicy Marbles 2 Thick-Cut Fillet Plant Based Steaks 226g,JUICY MARBLES,8.0,35.4,kg,35.4,kg,18.0,per 100g,Fresh Food
315068294,Tesco Pork Loin Crackling Joint 700g-1.3kg,TESCO,7.5,7.5,kg,7.5,kg,22.4,per 100g,Fresh Food
322236315,Tesco Finest Dry Cured Smoked Gammon Joint 900g,TESCO finest,11.0,12.22,kg,12.22,kg,20.7,per 100g,Fresh Food
314584444,Tesco Finest British S/A Crackling Pork Rib Eye Shoulder Roast 800G-1.2Kg,TESCO finest,9.0,9.0,kg,9.0,kg,28.3,per 100g,Fresh Food
322236972,TESCO MAPLE & BOURBON Crackling GAMMON JOINT 1KG,TESCO,11.0,11.0,kg,11.0,kg,19.5,per 100g,Fresh Food
314698085,Tesco Unsmoked Gammon Joint 750G,TESCO,5.5,7.33,kg,7.33,kg,18.0,per 100g,Fresh Food
321780472,TESCO HONEY CURE GAMMON JOINT 1KG,TESCO,11.0,11.0,kg,11.0,kg,20.8,per 100g,Fresh Food
313970417,Tesco Smoked Gammon Joint 750g,TESCO,5.5,7.33,kg,7.33,kg,17.7,per 100g,Fresh Food
314845349,Tesco Slow Cooked Hog Roast With S/On Stuffing 420G,TESCO,5.6,13.33,kg,13.33,kg,21.3,per 100g,Fresh Food
314433439,Tesco Slow Cooked Gammon Shanks Honey And Mustard 545G,TESCO,6.0,11.01,kg,11.01,kg,23.2,per 100g,Fresh Food
320551929,Beyond Meat Steak Pieces 160g,BEYOND MEAT,4.5,28.12,kg,28.12,kg,24.0,per 100g,Fresh Food
322066153,Tesco Finest Unsmoked Dry Cured Crackling Gammon Joint 900g,TESCO finest,11.0,12.22,kg,12.22,kg,21.3,per 100g,Fresh Food
322838323,Arla Big Milk Fresh Whole Milk Vitamin Enriched for kids 4 X250ml,Arla,3.75,3.75,litre,3.75,litre,3.4,per 100g,Fresh Food
321236185,The Gym Kitchen Piri Piri Chicken Sausages 340g,THE GYM KITCHEN,3.4,10.0,kg,10.0,kg,18.2,per 100g,Fresh Food
321950565,HECK Chicken Italia Sausage Rashers 300g,HECK,3.0,10.0,kg,10.0,kg,20.0,per 100g,Fresh Food
314950472,Tesco Finest British S/A Pork Belly Slices 500G,TESCO finest,5.4,10.8,kg,10.8,kg,24.7,per 100g,Fresh Food
324089848,HECK! Chicken Italia 10 Sausages 660g,HECK,5.0,7.58,kg,7.58,kg,19.0,per 100g,Fresh Food
321114093,The Gym Kitchen Original Chicken Sausages 340g,THE GYM KITCHEN,3.4,10.0,kg,10.0,kg,17.4,per 100g,Fresh Food
322253686,Tesco Slow Cooked Roast Pork Joint 480g,TESCO,5.5,11.46,kg,11.46,kg,17.4,per 100g,Fresh Food
316423157,THIS Isn't Chicken Plant Based Thighs 220g,THIS,3.95,17.96,kg,17.96,kg,20.0,per 100g,Fresh Food
322133978,Tesco Finest Apple & Cider Sauce 180g,TESCO finest,2.35,13.06,kg,13.06,kg,1.2,per 100g,Fresh Food
320405891,"Tesco Fire Pit 4 Pork, Feta & Herb Kebabs 400G",FIRE PIT,5.0,12.5,kg,12.5,kg,15.0,per 100g,Fresh Food
322264857,Tesco Finest Wiltshire Cured Smoked Loin Joint 550g,TESCO finest,6.25,11.36,kg,11.36,kg,20.1,per 100g,Fresh Food
322134804,TREWITHEN DAIRY Cornwall Gold 5% Fat Milk 1L,TREWITHEN DAIRY,1.75,1.75,litre,1.75,litre,3.4,per 100g,Fresh Food
322041706,Tesco Finest Grapes Selection Seedless 500g,TESCO finest,2.7,5.4,kg,5.4,kg,0.6,per 100g,Fresh Food
314927564,Tesco Finest British Crackling Pork Shoulder Joint,TESCO finest,8.0,8.0,kg,8.0,kg,27.4,per 100g,Fresh Food
322249853,Tesco Finest Salt Aged Pork Crackling Hog Roast with Stuffing 1.3 - 1.6kg,TESCO finest,9.1,9.1,kg,9.1,kg,22.8,per 100g,Fresh Food
321830293,"Tesco Finest Toasted Caramel Twin Tarts, 2 x 67g ",TESCO finest,4.0,29.85,kg,29.85,kg,5.2,per 100g,Fresh Food
316949172,Tesco Raspberry Bakewell Tart 350g,TESCO,4.0,11.43,kg,11.43,kg,6.7,per 100g,Fresh Food
321340884,Planted Steak 120g,Planted,4.0,33.33,kg,33.33,kg,17.0,per 100g,Fresh Food
322640061,Vivera Plant Based Steak 240g,VIVERA,3.5,14.58,kg,14.58,kg,19.1,per 100g,Fresh Food
322552568,planted steak Paprika Marinade 160g,Planted,4.5,28.12,kg,28.12,kg,15.0,per 100g,Fresh Food
315375362,Tesco Vegetable Stir Fry 320g,TESCO,1.75,5.47,kg,5.47,kg,1.1,per 100g,Fresh Food
321108383,Root and Soul Tempura Cauliflower Bites with a Hot Honey Dip 230g,ROOT & SOUL,2.75,11.96,kg,11.96,kg,3.3,per 100g,Fresh Food
318177799,Seafood & Eat It Dressed Crab 120g,SEAFOOD & EAT IT,6.1,50.83,kg,50.83,kg,19.6,per 100g,Fresh Food
318194853,Seafood & Eat It Fifty Fifty Crab meat 100g,SEAFOOD & EAT IT,5.5,55.0,kg,55.0,kg,19.2,per 100g,Fresh Food
314934440,Tideford Organics Indian Lentil & Spinach Dhal 560g,TIDEFORD ORGANIC,3.5,6.25,kg,6.25,kg,3.6,per 100g,Fresh Food
322237648,New Covent Garden Soup Creamy Tomato 1KG,NEW COVENT GARDEN,3.5,3.5,kg,3.5,kg,1.2,per 100g,Fresh Food
322448975,Tideford Organics Mexican Corn & Red Pepper Soup 560g,TIDEFORD ORGANIC,3.5,6.25,kg,6.25,kg,1.2,per 100g,Fresh Food
317862312,Seafood & Eat It White Crab meat 100g,SEAFOOD & EAT IT,7.2,72.0,kg,72.0,kg,20.1,per 100g,Fresh Food
322442785,"RENOURISH RESTORE Pea, Leek and Watercress Soup 500g",RE:NOURISH,3.0,6.0,kg,6.0,kg,1.6,per 100g,Fresh Food
322441832,RENOURISH DIGEST Roasted Carrot and Ginger Soup 500g,RE:NOURISH,3.0,6.0,kg,6.0,kg,0.6,per 100g,Fresh Food
315958197,New Covent Garden Creamy Tomato Soup 560g,NEW COVENT GARDEN,2.45,4.38,kg,4.38,kg,1.2,per 100g,Fresh Food
314100125,Yorkshire Provender Tomato & Red Pepper Soup & Wensleydale 560G,YORKSHIRE PROVENDER,3.5,6.25,kg,6.25,kg,2.6,per 100g,Fresh Food
314601333,Better Nature Organic Tempeh 200G,Better Nature,2.7,13.5,kg,13.5,kg,22.0,per 100g,Fresh Food
314118208,Tesco Finest Leek Potato & West Country Cheddar Soup 600G,TESCO finest,3.1,5.17,kg,5.17,kg,2.2,per 100g,Fresh Food
315761481,Bol Protein Power Soup - Garden Pea & Spinach 600g,BOL,3.3,5.5,kg,5.5,kg,3.7,per 100g,Fresh Food
315745489,BOL Butternut Squash & Chilli Power Soup 600g,BOL,3.3,5.5,kg,5.5,kg,1.8,per 100g,Fresh Food
316556849,The Tofoo Co. Original Seitan 225g ,THE TOFOO CO,2.5,11.11,kg,11.11,kg,22.5,per 100g,Fresh Food
321826391,Tesco Finest Extra Fine Asparagus 110g,TESCO finest,2.25,20.46,kg,20.46,kg,2.9,per 100g,Fresh Food
317662399,Tesco Creamy Vegetable Soup 600g,TESCO,1.85,3.08,kg,3.08,kg,0.9,per 100g,Fresh Food
321033165,Tesco Butternut Soup 600g,TESCO,1.85,3.08,kg,3.08,kg,0.6,per 100g,Fresh Food
314834869,Tesco Plant Chef Organic Firm Tofu 399g,TESCO Plant Chef,1.95,6.5,kg DR.WT,6.5,kg dr.wt,11.3,per 100g,Fresh Food
321522065,Tesco Minestrone Soup 600g,TESCO,1.85,3.08,kg,3.08,kg,1.9,per 100g,Fresh Food
313962534,Tesco Finest Jumbo Bbq Asparagus,TESCO finest,4.0,4.0,each,4.0,each,2.9,per 100g,Fresh Food
317547260,Tesco Cream Of Tomato Soup 600g,TESCO,1.85,3.08,kg,3.08,kg,1.8,per 100g,Fresh Food
296056918,Tesco Salad Tomatoes 650G,TESCO,1.55,2.38,kg,2.38,kg,0.5,per 100g,Fresh Food
263534622,Tesco Organic Asparagus Bundle Each,TESCO ORGANIC,2.55,12.75,kg,12.75,kg,2.9,per 100g,Fresh Food
314105362,Tesco Finest Jubilee Asparagus 180G,TESCO finest,2.5,13.89,kg,13.89,kg,2.9,per 100g,Fresh Food
314098829,Tesco Classic Round Tomatoes 6 Pack,TESCO,0.99,0.16,each,0.16,each,0.5,per 100g,Fresh Food
313732922,Tesco Asparagus 180G,TESCO,1.7,9.44,kg,9.44,kg,2.9,per 100g,Fresh Food
322998622,The Tofoo Co. Smoked XL 400g ,THE TOFOO CO,4.8,12.0,kg,12.0,kg,14.7,per 100g,Fresh Food
321346855,The Wild Hare Organic Beef Bourguignon 350g,THE WILD Hare,5.5,15.71,kg,15.71,kg,7.1,per 100g,Fresh Food
323158106,THIS Is Super Superfood Block 200G,THIS ISN'T,2.95,14.75,kg,14.75,kg,18.0,per 100g,Fresh Food
323493618, THIS Is Super Superfood Garlic & Herb Marinated Pieces 160G,THIS ISN'T,2.95,18.44,kg,18.44,kg,17.0,per 100g,Fresh Food
323159704,all plants Tofu Goujons with spinach 160g,all plants,3.5,21.88,kg,21.88,kg,6.8,per 100g,Fresh Food
323151494,all plants Veggie Tempeh with golden lentils 180g,all plants,3.0,16.67,kg,16.67,kg,25.0,per 100g,Fresh Food
322552712,all plants Veggie Tempeh with pea and rosemary 180g,all plants,3.0,16.67,kg,16.67,kg,22.0,per 100g,Fresh Food
317409919,Better Nature Tempeh - Smoky 220g,Better Nature,2.7,12.27,kg,12.27,kg,20.0,per 100g,Fresh Food
317747910,Yutaka Silken Tofu 308g,YUTAKA,2.1,6.82,kg,6.82,kg,7.4,per 100g,Fresh Food
321325091,Tesco Finest Best in Season Pears 4 Pack,TESCO finest,3.0,0.75,each,0.75,each,0.3,per 100g,Fresh Food
322997065,The Tofoo Co. Dippers Crispy Crumb 160g,THE TOFOO CO,2.5,15.62,kg,15.62,kg,16.8,per 100g,Fresh Food
322991353,Cauldron Express Oregano & Thyme Grillable Tofu Block 180g,CAULDRON,2.3,12.78,kg,12.78,kg,13.0,per 100g,Fresh Food
322154924,Tesco Finest Purple Mangetout 180g,TESCO finest,2.0,11.11,kg,11.11,kg,3.6,per 100g,Fresh Food
323489048,Cauldron Extra Firm Tofu Block 200g,CAULDRON,1.75,8.75,kg,8.75,kg,16.0,per 100g,Fresh Food
315445602,Tesco Mangetout 180g,TESCO,1.45,8.06,kg,8.06,kg,3.6,per 100g,Fresh Food
323002781,Cauldron Express Teriyaki Organic Tofu Pieces 160g,CAULDRON,2.75,17.19,kg,17.19,kg,15.0,per 100g,Fresh Food
315449673,Tesco Sugarsnap Peas 180g,TESCO,1.4,7.78,kg,7.78,kg,3.4,per 100g,Fresh Food
322053715,Tesco Finest 14 Day Matured AA Fillet Steak 240g,TESCO finest,16.5,68.75,kg,68.75,kg,20.9,per 100g,Fresh Food
317300419,Tesco Finest 30 Day Matured AA Cote Du Boeuf Sharing Steak,TESCO finest,35.7,35.7,kg,35.7,kg,20.9,per 100g,Fresh Food
320815428,Tesco Finest Wagyu Fillet 200g,TESCO finest,19.5,97.5,kg,97.5,kg,20.2,per 100g,Fresh Food
317308336,Tesco Finest Aberdeen Angus Thick Cut T-Bone Sharing Steak 30 Day Matured,TESCO finest,32.5,32.5,kg,32.5,kg,20.2,per 100g,Fresh Food
322334504,Tesco Finest AA Salt Dry Aged Beef Rump Steak 350g,TESCO finest,11.45,32.71,kg,32.71,kg,21.6,per 100g,Fresh Food
322137968,Tesco Finest AA Salt Dry Aged Beef Ribeye Steak 350g,TESCO finest,16.6,47.43,kg,47.43,kg,19.1,per 100g,Fresh Food
321783682,Tesco Finest AA Salt Dry Aged Beef Sirloin Steak 350g,TESCO finest,16.1,46.0,kg,46.0,kg,20.5,per 100g,Fresh Food
317293812,Tesco Finest Thick Cut Rump Steak 350g,TESCO finest,10.0,28.57,kg,28.57,kg,20.7,per 100g,Fresh Food
320805930,Tesco Finest Wagyu Sirloin 250g,TESCO finest,16.0,64.0,kg,64.0,kg,17.2,per 100g,Fresh Food
320792920,Tesco Finest Wagyu Ribeye 250g,TESCO finest,17.7,70.8,kg,70.8,kg,15.6,per 100g,Fresh Food
313601415,Tesco British Turkey Thigh Joint 1.25Kg,TESCO,7.3,5.84,kg,5.84,kg,19.5,per 100g,Fresh Food
313601916,Tesco Mini Turkey Breast Fillets 400G,TESCO,5.35,13.38,kg,13.38,kg,24.1,per 100g,Fresh Food
316300640,Innocent Blueberry Focus Super Smoothie 750ml,innocent,4.5,6.0,litre,6.0,litre,1.3,per 100g,Fresh Food
313609695,Tesco British Turkey Breast Steaks 380G,TESCO,5.45,14.34,kg,14.34,kg,24.1,per 100g,Fresh Food
320988666,Kerrygold Garlic and Herb Butter Stick 100g,KERRYGOLD,2.55,25.5,kg,25.5,kg,0.8,per 100g,Fresh Food
314838243,Mattessons 6 Turkey Rashers Lightly Smoked 150g,MATTESSONS,2.4,16.0,kg,16.0,kg,24.2,per 100g,Fresh Food
320556072,Mattessons 6 Unsmoked Turkey Rashers 150g,MATTESSONS,2.4,16.0,kg,16.0,kg,23.2,per 100g,Fresh Food
316548744,Tropicana Multivitamin Juice - Mixed Berries 850ml,TROPICANA,3.5,4.12,litre,4.12,litre,0.0,per 100g,Fresh Food
316312050,Tropicana Multivitamin Boost Smooth Orange Juice 850ml,TROPICANA,3.5,4.12,litre,4.12,litre,0.9,per 100g,Fresh Food
316547935,Innocent Orange Juice Smooth 1.75 Litre,innocent,4.9,2.8,litre,2.8,litre,0.7,per 100g,Fresh Food
320971478,Kerrygold Spreadable Butter with Maple  Syrup 150g,KERRYGOLD,3.0,20.0,kg,20.0,kg,0.3,per 100g,Fresh Food
282883029,Trewithen Cornish Clotted Cream 200g (L),TREWITHEN DAIRY,2.4,12.0,kg,12.0,kg,1.6,per 100g,Fresh Food
313748760,Tesco British Turkey Drumsticks,TESCO,4.0,4.0,kg,4.0,kg,19.8,per 100g,Fresh Food
282525642,Tesco Seasonal New Potatoes 750G,TESCO,1.55,2.07,kg,2.07,kg,1.8,per 100g,Fresh Food
322050655,Tesco Finest Thai Basil 20G,TESCO finest,0.9,45.0,kg,45.0,kg,2.5,per 100g,Fresh Food
321524615,Tropicana Smooth Orange Juice 500ml,TROPICANA,1.75,3.5,litre,3.5,litre,0.8,per 100g,Fresh Food
322439110,Tesco Bay Leaves,TESCO,0.75,0.08,each,0.08,each,4.1,per 100g,Fresh Food
292129321,Suntrail Farms Plums 1Kg,FARMS RANGE,2.4,2.4,kg,2.4,kg,0.5,per 100g,Fresh Food
322555070,Tesco Skinless and Boneless Cod Fillet Pieces 250g,TESCO,4.95,19.8,kg,19.8,kg,17.5,per 100g,Fresh Food
322046626,Tesco Finest Smooth Brussels Pâté 150g,TESCO finest,2.7,18.0,kg,18.0,kg,10.9,per 100g,Fresh Food
317207070,Tesco Toffee Apple Sponge Pudding 330g,TESCO,4.15,12.58,kg,12.58,kg,3.1,per 100g,Fresh Food
317300022,Tesco Finest Coarse Ardennes Pate 150g,TESCO finest,2.7,18.0,kg,18.0,kg,10.1,per 100g,Fresh Food
316652758,Tesco Finest Duck & Seville Orange Pate 150g,TESCO finest,2.7,18.0,kg,18.0,kg,7.4,per 100g,Fresh Food
321771039,Tesco Finest Mulled Blackberry & Madagascan Vanilla Puddings 195g,TESCO finest,4.0,20.41,kg,20.41,kg,4.1,per 100g,Fresh Food
321946657,Tesco Finest Chicken Liver Parfait 150g,TESCO finest,2.7,18.0,kg,18.0,kg,7.1,per 100g,Fresh Food
317182114,Tesco Finest Melt in the Middle Chocolate Fondants 2 Pack 310g,TESCO finest,4.0,12.9,kg,12.9,kg,5.2,per 100g,Fresh Food
321850234,Tesco 2 Syrup Sponge Puddings 210g,TESCO,2.8,13.33,kg,13.33,kg,3.0,per 100g,Fresh Food
320557848,Tesco Caramel Cheesecake 3 x 100g,TESCO,2.5,8.33,kg,8.33,kg,3.7,per 100g,Fresh Food
321827764,Tesco 2 Sticky Toffee Puddings 220g,TESCO,2.8,12.73,kg,12.73,kg,2.1,per 100g,Fresh Food
321835345,Tesco Cinnamon Sponge Pudding 270g,TESCO,4.0,14.82,kg,14.82,kg,4.4,per 100g,Fresh Food
314843081,Tesco Chocolate Sponge Puddings 2 Pack 210g,TESCO,2.8,13.33,kg,13.33,kg,5.7,per 100g,Fresh Food
317313963,Tesco Smooth Brussels Pate 170g,TESCO,1.5,8.82,kg,8.82,kg,9.8,per 100g,Fresh Food
318194686,Nanna Tate Potatoes 2kg ,Nanna Tate,2.1,1.05,kg,1.05,kg,1.8,per 100g,Fresh Food
317305944,Tesco Ardennes Pate 170g,TESCO,1.5,8.82,kg,8.82,kg,10.1,per 100g,Fresh Food
316801675,Tesco Smooth Chicken Liver Pate 170g,TESCO,1.5,8.82,kg,8.82,kg,8.9,per 100g,Fresh Food
268450281,Florette Mixed Salad 125G,FLORETTE,1.25,10.0,kg,10.0,kg,1.2,per 100g,Fresh Food
317206897,Tesco Coarse Farmhouse Pate 170g,TESCO,1.5,8.82,kg,8.82,kg,11.3,per 100g,Fresh Food
317065743,Tesco Reduced Fat Brussels Pate 170g,TESCO,1.5,8.82,kg,8.82,kg,10.5,per 100g,Fresh Food
282663906,Mr Kipling Golden Syrup Sponge Pudding Cake Dessert 2x95g ,Mr Kipling,1.5,0.79,100g,7.9,kg,2.7,per 100g,Fresh Food
282663630,Mr Kipling Sticky Toffee Sponge Pudding Cake Dessert 2x95g ,Mr Kipling,1.5,0.79,100g,7.9,kg,2.9,per 100g,Fresh Food
321830155,Tesco Finest Sticky Toffee Pudding Meal Deal 230g,TESCO finest,3.5,15.22,kg,15.22,kg,3.1,per 100g,Fresh Food
317858531,Tesco Boneless Plaice Fillets,TESCO,18.75,18.75,kg,18.75,kg,16.4,per 100g,Fresh Food
316808322,Tesco Spreadable Brussels Pate 175g,TESCO,0.69,3.94,kg,3.94,kg,10.9,per 100g,Fresh Food
315744110,Tesco Red Potatoes 2KG,TESCO,1.56,0.78,kg,0.78,kg,,,Fresh Food
320408997,Tesco BBQ Roast Chicken Breast Chunks 180g ,TESCO,3.25,18.06,kg,18.06,kg,23.3,per 100g,Fresh Food
320546510,Tesco Finest Wagyu Rump 250g,TESCO finest,12.5,50.0,kg,50.0,kg,18.6,per 100g,Fresh Food
320805930,Tesco Finest Wagyu Sirloin 250g,TESCO finest,16.0,64.0,kg,64.0,kg,17.2,per 100g,Fresh Food
320792920,Tesco Finest Wagyu Ribeye 250g,TESCO finest,17.7,70.8,kg,70.8,kg,15.6,per 100g,Fresh Food
313601415,Tesco British Turkey Thigh Joint 1.25Kg,TESCO,7.3,5.84,kg,5.84,kg,19.5,per 100g,Fresh Food
313601916,Tesco Mini Turkey Breast Fillets 400G,TESCO,5.35,13.38,kg,13.38,kg,24.1,per 100g,Fresh Food
323788633,Yeo Valley Organic 2 British Lamb Burgers 260g,Yeo Valley,5.95,22.88,kg,22.88,kg,14.5,per 100g,Fresh Food
316300640,Innocent Blueberry Focus Super Smoothie 750ml,innocent,4.5,6.0,litre,6.0,litre,1.3,per 100g,Fresh Food
313609695,Tesco British Turkey Breast Steaks 380G,TESCO,5.45,14.34,kg,14.34,kg,24.1,per 100g,Fresh Food
320988666,Kerrygold Garlic and Herb Butter Stick 100g,KERRYGOLD,2.55,25.5,kg,25.5,kg,0.8,per 100g,Fresh Food
314838243,Mattessons 6 Turkey Rashers Lightly Smoked 150g,MATTESSONS,2.4,16.0,kg,16.0,kg,24.2,per 100g,Fresh Food
320556072,Mattessons 6 Unsmoked Turkey Rashers 150g,MATTESSONS,2.4,16.0,kg,16.0,kg,23.2,per 100g,Fresh Food
316548744,Tropicana Multivitamin Juice - Mixed Berries 850ml,TROPICANA,3.5,4.12,litre,4.12,litre,0.0,per 100g,Fresh Food
316312050,Tropicana Multivitamin Boost Smooth Orange Juice 850ml,TROPICANA,3.5,4.12,litre,4.12,litre,0.9,per 100g,Fresh Food
316547935,Innocent Orange Juice Smooth 1.75 Litre,innocent,4.9,2.8,litre,2.8,litre,0.7,per 100g,Fresh Food
320971478,Kerrygold Spreadable Butter with Maple  Syrup 150g,KERRYGOLD,3.0,20.0,kg,20.0,kg,0.3,per 100g,Fresh Food
282883029,Trewithen Cornish Clotted Cream 200g (L),TREWITHEN DAIRY,2.4,12.0,kg,12.0,kg,1.6,per 100g,Fresh Food
313748760,Tesco British Turkey Drumsticks,TESCO,4.0,4.0,kg,4.0,kg,19.8,per 100g,Fresh Food
282525642,Tesco Seasonal New Potatoes 750G,TESCO,1.55,2.07,kg,2.07,kg,1.8,per 100g,Fresh Food
322050655,Tesco Finest Thai Basil 20G,TESCO finest,0.9,45.0,kg,45.0,kg,2.5,per 100g,Fresh Food
321524615,Tropicana Smooth Orange Juice 500ml,TROPICANA,1.75,3.5,litre,3.5,litre,0.8,per 100g,Fresh Food
322439110,Tesco Bay Leaves,TESCO,0.75,0.08,each,0.08,each,4.1,per 100g,Fresh Food
292129321,Suntrail Farms Plums 1Kg,FARMS RANGE,2.4,2.4,kg,2.4,kg,0.5,per 100g,Fresh Food
302935025,Tesco Bone In Rib Of Beef,TESCO,25.0,25.0,kg,25.0,kg,16.8,per 100g,Fresh Food
322555070,Tesco Skinless and Boneless Cod Fillet Pieces 250g,TESCO,4.95,19.8,kg,19.8,kg,17.5,per 100g,Fresh Food
322046626,Tesco Finest Smooth Brussels Pâté 150g,TESCO finest,2.7,18.0,kg,18.0,kg,10.9,per 100g,Fresh Food
317207070,Tesco Toffee Apple Sponge Pudding 330g,TESCO,4.15,12.58,kg,12.58,kg,3.1,per 100g,Fresh Food
317300022,Tesco Finest Coarse Ardennes Pate 150g,TESCO finest,2.7,18.0,kg,18.0,kg,10.1,per 100g,Fresh Food
316652758,Tesco Finest Duck & Seville Orange Pate 150g,TESCO finest,2.7,18.0,kg,18.0,kg,7.4,per 100g,Fresh Food
321771039,Tesco Finest Mulled Blackberry & Madagascan Vanilla Puddings 195g,TESCO finest,4.0,20.41,kg,20.41,kg,4.1,per 100g,Fresh Food
321946657,Tesco Finest Chicken Liver Parfait 150g,TESCO finest,2.7,18.0,kg,18.0,kg,7.1,per 100g,Fresh Food
317182114,Tesco Finest Melt in the Middle Chocolate Fondants 2 Pack 310g,TESCO finest,4.0,12.9,kg,12.9,kg,5.2,per 100g,Fresh Food
321850234,Tesco 2 Syrup Sponge Puddings 210g,TESCO,2.8,13.33,kg,13.33,kg,3.0,per 100g,Fresh Food
320557848,Tesco Caramel Cheesecake 3 x 100g,TESCO,2.5,8.33,kg,8.33,kg,3.7,per 100g,Fresh Food
321827764,Tesco 2 Sticky Toffee Puddings 220g,TESCO,2.8,12.73,kg,12.73,kg,2.1,per 100g,Fresh Food
321835345,Tesco Cinnamon Sponge Pudding 270g,TESCO,4.0,14.82,kg,14.82,kg,4.4,per 100g,Fresh Food
314843081,Tesco Chocolate Sponge Puddings 2 Pack 210g,TESCO,2.8,13.33,kg,13.33,kg,5.7,per 100g,Fresh Food
317313963,Tesco Smooth Brussels Pate 170g,TESCO,1.5,8.82,kg,8.82,kg,9.8,per 100g,Fresh Food
318194686,Nanna Tate Potatoes 2kg ,Nanna Tate,2.1,1.05,kg,1.05,kg,1.8,per 100g,Fresh Food
317305944,Tesco Ardennes Pate 170g,TESCO,1.5,8.82,kg,8.82,kg,10.1,per 100g,Fresh Food
316801675,Tesco Smooth Chicken Liver Pate 170g,TESCO,1.5,8.82,kg,8.82,kg,8.9,per 100g,Fresh Food
268450281,Florette Mixed Salad 125G,FLORETTE,1.25,10.0,kg,10.0,kg,1.2,per 100g,Fresh Food
317206897,Tesco Coarse Farmhouse Pate 170g,TESCO,1.5,8.82,kg,8.82,kg,11.3,per 100g,Fresh Food
317065743,Tesco Reduced Fat Brussels Pate 170g,TESCO,1.5,8.82,kg,8.82,kg,10.5,per 100g,Fresh Food
282663906,Mr Kipling Golden Syrup Sponge Pudding Cake Dessert 2x95g ,Mr Kipling,1.5,0.79,100g,7.9,kg,2.7,per 100g,Fresh Food
282663630,Mr Kipling Sticky Toffee Sponge Pudding Cake Dessert 2x95g ,Mr Kipling,1.5,0.79,100g,7.9,kg,2.9,per 100g,Fresh Food
321830155,Tesco Finest Sticky Toffee Pudding Meal Deal 230g,TESCO finest,3.5,15.22,kg,15.22,kg,3.1,per 100g,Fresh Food
317858531,Tesco Boneless Plaice Fillets,TESCO,18.75,18.75,kg,18.75,kg,16.4,per 100g,Fresh Food
316808322,Tesco Spreadable Brussels Pate 175g,TESCO,0.69,3.94,kg,3.94,kg,10.9,per 100g,Fresh Food
315744110,Tesco Red Potatoes 2KG,TESCO,1.56,0.78,kg,0.78,kg,,,Fresh Food
320408997,Tesco BBQ Roast Chicken Breast Chunks 180g ,TESCO,3.25,18.06,kg,18.06,kg,23.3,per 100g,Fresh Food
315743163,Tesco Lightly Seasoned Roast Chicken Thigh Pieces 180g,TESCO,3.95,21.94,kg,21.94,kg,22.4,per 100g,Fresh Food
309449739,Arla LactoFREE Semi Skimmed Milk Drink 2L,Arla,3.15,1.58,litre,1.58,litre,3.4,per 100g,Fresh Food
314324062,Alpro Strawberry Gut Health Dairy Free Soya Yoghurt Alternative 4x125g,alpro,2.95,5.9,kg,5.9,kg,3.5,per 100g,Fresh Food
315749787,Tesco Coronation Roast Chicken Slices 160g,TESCO,3.0,18.75,kg,18.75,kg,25.9,per 100g,Fresh Food
315746957,Tesco Sweet Chilli Roast Chicken Slices 160g,TESCO,3.0,18.75,kg,18.75,kg,25.5,per 100g,Fresh Food
320545442,Tesco Finest Classic Caesar Salad Kit 265g,TESCO finest,3.0,11.32,kg,11.32,kg,4.1,per 100g,Fresh Food
253833462,Alpro Strawberry Banana Peach Pear Soya Dairy Free Yoghurt Alternative 4x125g,alpro,2.0,4.0,kg,4.0,kg,,,Fresh Food
265893095,Alpro Blueberry & Cherry Soya Dairy Free Yoghurt Alternative 4x125g,alpro,2.0,4.0,kg,4.0,kg,,,Fresh Food
287041872,Alpro Blackberry Raspberry & Cranberry Soya Dairy Free Yoghurt Alternative 4x125g,alpro,2.0,4.0,kg,4.0,kg,,,Fresh Food
322263668,Tesco Crispy Salad 220g,TESCO,1.55,7.04,kg,7.04,kg,1.6,per 100g,Fresh Food
320685569,The Coconut Collab Strawberry Yoghurt Coconut Multipack 4x90g,COCONUT COLLABORATIVE,2.95,8.19,kg,8.19,kg,0.6,per 100g,Fresh Food
313960605,Tesco Caesar Salad Kit 250G,TESCO,2.0,8.0,kg,8.0,kg,3.6,per 100g,Fresh Food
321103716,Rustlers 2 Classic Cheeseburgers 222g,RUSTLERS,2.4,10.81,kg,10.81,kg,12.3,per 100g,Fresh Food
315760159,Tesco Flamegrilled Roast Chicken Slices 160g,TESCO,3.0,18.75,kg,18.75,kg,26.2,per 100g,Fresh Food
315391477,Tesco BBQ Roast Chicken Slices 160g,TESCO,3.0,18.75,kg,18.75,kg,25.8,per 100g,Fresh Food
314581015,Florette Crispy Salad Strong 140g,FLORETTE,1.7,12.14,kg,12.14,kg,1.5,per 100g,Fresh Food
321029764,Rustlers The Essential Cheeseburger 166g,RUSTLERS,1.85,11.14,kg,11.14,kg,14.3,per 100g,Fresh Food
321112901,Rustlers Mini Beef Burger 89g,RUSTLERS,1.05,11.8,kg,11.8,kg,12.7,per 100g,Fresh Food
313519755,Tesco Watercress 80G,TESCO,1.4,17.5,kg,17.5,kg,2.6,per 100g,Fresh Food
315337840,Tesco Piri Piri Roast Chicken Slices 160g,TESCO,3.0,18.75,kg,18.75,kg,23.0,per 100g,Fresh Food
316651575,Fresh & Naked Sweet Crispy Mix 125g,FRESH & NAKED,1.2,9.6,kg,9.6,kg,1.3,per 100g,Fresh Food
321762471,Unbeleafable Mixed Baby Leaves 80g,UNBELEAFABLE,1.5,18.75,kg,18.75,kg,1.5,per 100g,Fresh Food
321125685,Rustlers The Epic Double Cheeseburger 145g,RUSTLERS,2.5,17.24,kg,17.24,kg,15.6,per 100g,Fresh Food
321052378,Unbeleafable Rocket & Baby Leaves 80g,UNBELEAFABLE,1.5,18.75,kg,18.75,kg,1.4,per 100g,Fresh Food
323329515,Unbeleafable Baby Garlic Kale Mix 80g,UNBELEAFABLE,1.5,18.75,kg,18.75,kg,2.1,per 100g,Fresh Food
316923093,Unbeleafable Zesty Baby Leaves 80g,UNBELEAFABLE,1.5,18.75,kg,18.75,kg,1.2,per 100g,Fresh Food
315963743,Tesco Mini Churros 205g,TESCO,4.0,19.51,kg,19.51,kg,5.3,per 100g,Fresh Food
313730763,Tesco Finest Mixed Berry Panna Cotta 2 x 92g,TESCO finest,4.0,21.74,kg,21.74,kg,2.0,per 100g,Fresh Food
308467598,Tesco Watermelon 600g,TESCO,4.45,7.42,kg,7.42,kg,0.4,per 100g,Fresh Food
318258116,Tesco Finest Dark Chocolate Mirror Glazed Cheesecake 500g,TESCO finest,5.5,11.0,kg,11.0,kg,4.5,per 100g,Fresh Food
308454819,Tesco Fruit Salad Selection 435G,TESCO,4.1,9.42,kg,9.42,kg,0.6,per 100g,Fresh Food
315738285,Tesco Fresh Custard 500G,TESCO,2.4,4.8,kg,4.8,kg,2.9,per 100g,Fresh Food
322530646,Ginsters Smoked Ham & Cheddar Pastry Toastie 130g,GINSTERS,2.5,19.23,kg,19.23,kg,11.5,per 100g,Fresh Food
322550403,Jason's Sourdough Tangy & Mature Three Cheese Toastie - 163g,JASON'S,3.75,23.01,kg,23.01,kg,14.0,per 100g,Fresh Food
322534106,Jason's Sourdough Ham Hock & Cheddar Toastie - 176g,JASON'S,3.75,21.31,kg,21.31,kg,12.6,per 100g,Fresh Food
322432624,Ginsters Chicken Pesto Mozzarella Pastry Toastie 130g,GINSTERS,2.5,19.23,kg,19.23,kg,10.5,per 100g,Fresh Food
322654373,Jake & Nayns' Tandoori Chicken Loaded Naan 185g,Jake & NAYNS',2.5,13.51,kg,13.51,kg,10.6,per 100g,Fresh Food
322649795,Jake & Nayns' Chicken Tikka Loaded Naan 185g,Jake & NAYNS',2.5,13.51,kg,13.51,kg,10.9,per 100g,Fresh Food
313946787,Tesco Fruit Kebabs 290G,TESCO,4.1,14.14,kg,14.14,kg,0.6,per 100g,Fresh Food
322060447,Rustlers Chicken and Bacon Burger 145g,RUSTLERS,2.45,16.9,kg,16.9,kg,10.2,per 100g,Fresh Food
317192684,Tesco Finest British Bramley Apple Crumble 250g,TESCO finest,3.55,14.2,kg,14.2,kg,3.2,per 100g,Fresh Food
315389363,Tesco Finest Dine In Mixed Berry Trifles 2x150G,TESCO finest,3.5,11.67,kg,11.67,kg,2.1,per 100g,Fresh Food
317546877,Tesco Kiwi Fruit Pot 100g,TESCO,1.5,15.0,kg,15.0,kg,0.8,per 100g,Fresh Food
320793320,"Tesco Apple, Grape & Cheese Snack Pack 110g",TESCO,1.5,13.64,kg,13.64,kg,6.2,per 100g,Fresh Food
313835651,Tesco Apple With Peanut Butter Dip 110G,TESCO,1.5,13.64,kg,13.64,kg,7.4,per 100g,Fresh Food
320547843,Tesco Cheese & Pineapple Snack Pack 110g,TESCO,1.5,13.64,kg,13.64,kg,6.4,per 100g,Fresh Food
316938907,Tesco Finest Dine In Melt in The Middle Chocolate Fondants 310g,TESCO finest,3.5,11.29,kg,11.29,kg,5.2,per 100g,Fresh Food
314313484,Tesco Slow Cooked Teriyaki Chicken 465g,TESCO,6.6,14.19,kg,14.19,kg,24.3,per 100g,Fresh Food
314709990,Tesco Slow Cooked BBQ Chicken Wings 795g,TESCO,5.95,7.48,kg,7.48,kg,20.9,per 100g,Fresh Food
317557651,Lurpak Plant Based Alternative to Spreadable or Butter 400g,LURPAK,2.75,6.88,kg,6.88,kg,0.2,per 100g,Fresh Food
317420260,Tesco Yakitori Style Chicken Breasts 332g,TESCO,5.65,17.02,kg,17.02,kg,21.3,per 100g,Fresh Food
322150370,Tesco Garlic & Herb Spatchcock 1.5kg,TESCO,7.0,4.67,kg,4.67,kg,21.4,per 100g,Fresh Food
317186997,Tesco BBQ Chicken Bites 400g,TESCO,5.7,14.25,kg,14.25,kg,21.9,per 100g,Fresh Food
322263806,"Tesco Finest Chicken, Bacon & Leek Pie 500g",TESCO finest,6.5,13.0,kg,13.0,kg,8.8,per 100g,Fresh Food
318065407,Higgidy Creamy Chicken & Sauteed Leek Pie 200g,Higgidy,3.75,18.75,kg,18.75,kg,10.8,per 100g,Fresh Food
317985472,"Tesco Finest Dine In Creamy Chicken, Bacon & Leek Pie 500g",TESCO finest,7.5,15.0,kg,15.0,kg,9.3,per 100g,Fresh Food
322990786,"Pieminister Free Ranger Pie with Chicken, Ham & Leek 255G",PIEMINISTER,4.7,4.7,each,4.7,each,11.0,per 100g,Fresh Food
323489964, Fire Pit Tesco Lemon & Garlic Chicken Sizzle Steaks 400g,FIRE PIT,4.0,10.0,kg,10.0,kg,23.3,per 100g,Fresh Food
323010725,Firepit Tesco 4 Hot Honey Halloumi Kebabs 225g,FIRE PIT,5.0,22.22,kg,22.22,kg,18.0,per 100g,Fresh Food
317873987,Pukka The Big One Chicken and Mushroom Pie,Pukka,4.5,4.5,each,4.5,each,8.2,per 100g,Fresh Food
313617149,Pukka Chip Shop Chicken Curry Pie,PUKKA PIES,2.25,2.25,each,2.25,each,6.2,per 100g,Fresh Food
322149954,Tesco Chicken Kiev Pie 200g,TESCO,2.1,10.5,kg,10.5,kg,8.2,per 100g,Fresh Food
284477507,Tesco Bramley Apple 775G,TESCO,2.1,2.71,kg,2.71,kg,0.2,per 100g,Fresh Food
322454523,Pukka Buffalo Chicken Pie ,Pukka,2.25,2.25,each,2.25,each,9.2,per 100g,Fresh Food
312713935,Tesco Finest Extra Large Brown Onions 2 Pack,TESCO finest,1.6,0.8,each,0.8,each,1.0,per 100g,Fresh Food
317661665,Tesco Sliced Leeks 200g,TESCO,1.0,5.0,kg,5.0,kg,1.2,per 100g,Fresh Food
322442745,Tesco Finest Passion Fruit 2 pack,TESCO finest,2.2,1.1,each,1.1,each,2.6,per 100g,Fresh Food
320544005,Tesco Finest New York Vanilla Cheesecake 500g,TESCO finest,5.5,11.0,kg,11.0,kg,4.3,per 100g,Fresh Food
322449956,Gu Spanish Lemon Cheesecake Dessert (2x85g),GU,3.95,23.24,kg,23.24,kg,3.3,per 100g,Fresh Food
322430730,Gu Strawberry & Clotted Cream Cheesecake Dessert (2x82g),GU,3.95,24.08,kg,24.08,kg,2.6,per 100g,Fresh Food
317872162,Gü Caramelised Biscuit Cheesecake Dessert 2x82g,GU,3.95,24.08,kg,24.08,kg,3.6,per 100g,Fresh Food
316812322,Gu Cheesecake - Black Forest 2 x 88g,GU,3.95,22.44,kg,22.44,kg,3.1,per 100g,Fresh Food
322337334,Gu Jaffa & Chocolate Cheesecake Dessert (2x86g),GU,3.95,22.96,kg,22.96,kg,3.2,per 100g,Fresh Food
315968438,Gu Banoffee Cheesecake Desserts 2x86g,GU,3.95,22.96,kg,22.96,kg,3.4,per 100g,Fresh Food
320801560,Tesco Finest Lemon & Mascarpone Cheesecake 500g ,TESCO finest,5.5,11.0,kg,11.0,kg,4.5,per 100g,Fresh Food
318173728,English Cheesecake Company 2 Vanilla & Biscoff Cheesecake Slices 180g,English Cheesecake Company,3.95,21.94,kg,21.94,kg,4.0,per 100g,Fresh Food
320668757,English Cheesecake Company 2 Lemon & Mascarpone Cheesecake Slices 180g,English Cheesecake Company,3.95,21.94,kg,21.94,kg,3.7,per 100g,Fresh Food
321111919,English Cheesecake Company 2 Strawberries & Cream Cheesecake Slices 180g,English Cheesecake Company,3.95,21.94,kg,21.94,kg,3.3,per 100g,Fresh Food
320789959,Tesco Lemon Cheesecakes 3 x 100g,TESCO,2.5,8.33,kg,8.33,kg,3.3,per 100g,Fresh Food
320796207,Tesco 2 Raspberry Cheesecake Slices 180g,TESCO,2.85,15.83,kg,15.83,kg,4.1,per 100g,Fresh Food
313947377,Tesco Finest British Chicory,TESCO finest,2.25,2.25,each,2.25,each,0.5,per 100g,Fresh Food
320796622,Tesco 2 Lemon Cheesecake Slices 180g,TESCO,2.85,15.83,kg,15.83,kg,4.2,per 100g,Fresh Food
322144199,Tesco Finest Signature Cure 6 Unsmoked Back Bacon 240g,TESCO finest,4.0,16.67,kg,16.67,kg,21.6,per 100g,Fresh Food
317552797,Tesco Finest Indulgent Creamed Spinach 250g,TESCO finest,3.3,13.2,kg,13.2,kg,3.6,per 100g,Fresh Food
315247831,Gü Hazelnut Praline Zillionaire Cheesecake Dessert 2x 86.5g,GU,3.95,22.83,kg,22.83,kg,3.9,per 100g,Fresh Food
322337991,Gu Salted Caramel Cheesecake Dessert (2x82g),GU,3.95,24.08,kg,24.08,kg,3.05,per 100g,Fresh Food
322053208,Tesco Unsmoked Crispy Bacon 50g,TESCO,3.1,62.0,kg,62.0,kg,55.9,per 100g,Fresh Food
314709598,Tesco 2 x 10 Unsmoked Back Bacon Rashers 600g,TESCO,3.35,5.58,kg,5.58,kg,17.4,per 100g,Fresh Food
315570159,Tesco Cassava EACH,TESCO,2.15,2.15,each,2.15,each,0.6,per 100g,Fresh Food
320687262,Richmond 8 Thick Cut Unsmoked Back Bacon 280g,RICHMOND,2.0,7.14,kg,7.14,kg,17.0,per 100g,Fresh Food
314435414,Tesco British Unsmoked Back Bacon Rashers 300g,TESCO,2.5,8.33,kg,8.33,kg,17.8,per 100g,Fresh Food
313364240,Tesco Brussels Sprouts 500g,TESCO,0.89,1.78,kg,1.78,kg,3.5,per 100g,Fresh Food
318192423,Ambrosia Ready To Eat Creamed Rice Pudding 4 X 120G,Ambrosia,3.0,6.25,kg,6.25,kg,3.1,per 100g,Fresh Food
321676878,Mockingbird Raw Banana Breakfast Smoothie 500ml,MOCKINGBIRD,3.5,7.0,litre,7.0,litre,1.0,per 100g,Fresh Food
316054153,Tesco Finest Finely Sliced Honey Roast Ham 120g,TESCO finest,3.5,29.17,kg,29.17,kg,23.4,per 100g,Fresh Food
320568714,Alpro Plant Based High Protein Banana Biscuit 200g ,alpro,1.5,7.5,kg,7.5,kg,7.5,per 100g,Fresh Food
316638684,Alpro 15g High Protein Tropical Fruit Dairy Free Soya Yoghurt Alternative 200g,alpro,1.5,7.5,kg,7.5,kg,7.5,per 100g,Fresh Food
316442978,Alpro 15g High Protein Red Berries Dairy Free Soya Yoghurt Alternative 200g,alpro,1.5,7.5,kg,7.5,kg,7.5,per 100g,Fresh Food
316189379,Tesco Garlic Sausage Slices 125g,TESCO,1.8,14.4,kg,14.4,kg,16.9,per 100g,Fresh Food
321831845,Tesco Finest Creamy Mash 450g,TESCO finest,3.25,7.22,kg,7.22,kg,2.1,per 100g,Fresh Food
316933674,Cathedral City Red Leicester Cheese 300g,CATHEDRAL CITY,3.39,11.3,kg,11.3,kg,24.0,per 100g,Fresh Food
315377383,Mockingbird Raw Defence Smoothie 750ml,MOCKINGBIRD,4.5,6.0,litre,6.0,litre,0.57,per 100g,Fresh Food
316290759,Mockingbird Raw Energise Virgin Smoothie 750ml ,MOCKINGBIRD,4.5,6.0,litre,6.0,litre,0.46,per 100g,Fresh Food
316656512,Tesco Liver Sausage Slices 8 Pack 100g,TESCO,1.45,1.45,100g,14.5,kg,13.4,per 100g,Fresh Food
315967474,Tesco Prime Cuts Honey Roast Ham 6 Slices 120g,TESCO,2.25,18.75,kg,18.75,kg,21.3,per 100g,Fresh Food
315837790,Tesco British Wafer Thin Honey Roast Ham Slices 120g,TESCO,2.25,18.75,kg,18.75,kg,21.3,per 100g,Fresh Food
316813091,Tesco Pork Haslet Slices 120g,TESCO,1.45,12.08,kg,12.08,kg,13.2,per 100g,Fresh Food
317535887,Tesco Finest Dry Cured Honey Roast Ham Slices 130g,TESCO finest,4.0,30.77,kg,30.77,kg,27.0,per 100g,Fresh Food
322748585,"innocent Beetroot, Apples, Cherries and Spinach Smoothie 750ml ",innocent,3.5,4.67,litre,4.67,litre,0.7,per 100g,Fresh Food
322748700,"innocent Cucumber, Apple, Lemon and Spinach Smoothie 750ml",innocent,3.5,4.67,litre,4.67,litre,0.7,per 100g,Fresh Food
322249542,Tesco Cauliflower Cheese 350G,TESCO,1.75,5.0,kg,5.0,kg,5.2,per 100g,Fresh Food
315956936,Tesco British Thick Cut Honey & Mustard Ham Slices 120g,TESCO,2.25,18.75,kg,18.75,kg,21.1,per 100g,Fresh Food
322152097,Tesco Broccoli Cheese 350G,TESCO,1.75,5.0,kg,5.0,kg,5.1,per 100g,Fresh Food
315378969,Emmi Caffe Latte Skinny 650ml,emmi,3.25,5.0,litre,5.0,litre,3.1,per 100g,Fresh Food
321029580,Nescafe Iced Coffee Espresso Concentrated Caramel Flavour 500ml ,NESCAFE,5.0,10.0,litre,10.0,litre,3.1,per 100g,Fresh Food
321115604,Nescafe Iced Coffee Espresso Concentrated Vanilla Flavour 500ml,NESCAFE,5.0,10.0,litre,10.0,litre,3.1,per 100g,Fresh Food
321051725,Nescafe Iced Coffee Espresso Concentrated Unsweetened 500ml,NESCAFE,5.0,10.0,litre,10.0,litre,3.1,per 100g,Fresh Food
302316234,Starbucks Doubleshot Espresso No Added Sugar Iced Coffee 200ml,STARBUCKS,2.2,11.0,litre,11.0,litre,2.8,per 100g,Fresh Food
323416320,Nescafe Espresso Concentrated Iced Mocha 500ml,NESCAFE,5.0,10.0,litre,10.0,litre,3.2,per 100g,Fresh Food
317424083,Starbucks® Protein Drink With Coffee Caffè Latte 330ml,STARBUCKS,2.75,8.33,litre,8.33,litre,6.2,per 100g,Fresh Food
317539917,Starbucks® Protein Drink With Coffee Caramel Hazelnut Flavour 330ml,STARBUCKS,2.75,8.33,litre,8.33,litre,6.2,per 100g,Fresh Food
315360483,Arctic Coffee Protein Caramel Latte 330ml ,ARCTIC COFFEE,1.0,3.03,litre,3.03,litre,4.6,per 100g,Fresh Food
320402519,Tesco Finest 2 Caramelised Onion Burgers 340g,TESCO finest,4.5,13.24,kg,13.24,kg,18.8,per 100g,Fresh Food
317874494,Hunt and Brew Huila Colombia Coffee 330ml,HUNT AND BREW,3.45,10.46,litre,10.46,litre,2.4,per 100g,Fresh Food
318081756,Tesco Finest Extra Mature Cheddar 2 Beef Burgers 340g,TESCO finest,4.5,13.24,kg,13.24,kg,22.6,per 100g,Fresh Food
317070949,Starbucks Frappuccino Vanilla Flavoured Milk Iced Coffee 250ml,STARBUCKS,2.2,8.8,litre,8.8,litre,2.8,per 100g,Fresh Food
316292694,Jimmy's Iced Coffee Caramel 250ml,JIMMY'S,1.75,7.0,litre,7.0,litre,2.2,per 100g,Fresh Food
321053740,Nescafe Iced Coffee Latte 750ml,NESCAFE,3.0,4.0,litre,4.0,litre,2.1,per 100g,Fresh Food
323319308,Starbucks Summer Escape Limited Edition Pistachio Chilled Coffee 220ml,STARBUCKS,2.2,10.0,litre,10.0,litre,2.8,per 100g,Fresh Food
320401653,Tesco Finest 2 Beef Burgers 340g,TESCO finest,4.5,13.24,kg,13.24,kg,25.1,per 100g,Fresh Food
322426148,Oatly Barista Iced Caramel Macchiato 235ml,OATLY!,2.0,8.51,litre,8.51,litre,1.1,per 100g,Fresh Food
311788784,Jimmy's Iced Coffee Original 250ml,JIMMY'S,1.75,7.0,litre,7.0,litre,2.5,per 100g,Fresh Food
322264166,Oatly Barista Iced Flat White Double Shot 235ml,OATLY!,2.0,8.51,litre,8.51,litre,1.1,per 100g,Fresh Food
320787783,Nescafe Iced Coffee Caramel Flavour Latte 750ml ,NESCAFE,3.0,4.0,litre,4.0,litre,2.2,per 100g,Fresh Food
322990164,Tesco Finest Chuck & Brisket Beef Burger 340g,TESCO finest,5.5,16.18,kg,16.18,kg,17.1,per 100g,Fresh Food
317666055,Starbucks® Protein Drink With Coffee Chocolate Mocha Flavour 330ml,STARBUCKS,2.75,8.33,litre,8.33,litre,6.3,per 100g,Fresh Food
321119600,Barista Coffee Co. Caramel Latte 1L,Barista Coffee Co.,1.9,1.9,litre,1.9,litre,2.2,per 100g,Fresh Food
315390493,Emmi High Protein Caffe Latte 230ml,emmi,2.0,8.7,litre,8.7,litre,7.8,per 100g,Fresh Food
316445969,Starbucks Skinny Latte No Added Sugar Iced Coffee 220ml,STARBUCKS,2.2,10.0,litre,10.0,litre,2.8,per 100g,Fresh Food
316947076,Tesco Creme Caramel 4x100g,TESCO,1.5,3.75,kg,3.75,kg,2.7,per 100g,Fresh Food
314418464,Emmi Caffe Latte - Caramel 230ml,emmi,2.0,8.7,litre,8.7,litre,2.8,per 100g,Fresh Food
313740169,Tesco Finest Wagyu Burger 340G,TESCO finest,5.5,16.18,kg,16.18,kg,18.8,per 100g,Fresh Food
315349123,Barista Coffee Co Caffe Latte 250ml,Barista Coffee Co.,0.6,2.4,litre,2.4,litre,2.6,per 100g,Fresh Food
315340242,Barista Coffee Co Caramel Latte 250ml,Barista Coffee Co.,0.6,2.4,litre,2.4,litre,2.6,per 100g,Fresh Food
320380307,Tesco 4 Smash Burger 340g,TESCO,4.0,11.76,kg,11.76,kg,14.8,per 100g,Fresh Food
317557144,Finest Wagyu & Bone Marrow Beef burgers 454g,TESCO finest,6.75,14.87,kg,14.87,kg,16.1,per 100g,Fresh Food
316656092,Tesco Finest Quarter Pounders 454g,TESCO finest,5.5,12.12,kg,12.12,kg,25.1,per 100g,Fresh Food
317663398,Tesco Cashews 500g,TESCO,6.0,12.0,kg,12.0,kg,17.7,per 100g,Fresh Food
315140260,Tesco Pine Nuts 100G 100G,TESCO,3.9,39.0,kg,39.0,kg,14.0,per 100g,Fresh Food
321852365,Tesco Finest Ginger & Pear Puddings 230g,TESCO finest,4.0,17.39,kg,17.39,kg,3.5,per 100g,Fresh Food
315247831,Gü Hazelnut Praline Zillionaire Cheesecake Dessert 2x 86.5g,GU,3.95,22.83,kg,22.83,kg,3.9,per 100g,Fresh Food
322337991,Gu Salted Caramel Cheesecake Dessert (2x82g),GU,3.95,24.08,kg,24.08,kg,3.05,per 100g,Fresh Food
322053208,Tesco Unsmoked Crispy Bacon 50g,TESCO,3.1,62.0,kg,62.0,kg,55.9,per 100g,Fresh Food
314709598,Tesco 2 x 10 Unsmoked Back Bacon Rashers 600g,TESCO,3.35,5.58,kg,5.58,kg,17.4,per 100g,Fresh Food
315570159,Tesco Cassava EACH,TESCO,2.15,2.15,each,2.15,each,0.6,per 100g,Fresh Food
320687262,Richmond 8 Thick Cut Unsmoked Back Bacon 280g,RICHMOND,2.0,7.14,kg,7.14,kg,17.0,per 100g,Fresh Food
314435414,Tesco British Unsmoked Back Bacon Rashers 300g,TESCO,2.5,8.33,kg,8.33,kg,17.8,per 100g,Fresh Food
313364240,Tesco Brussels Sprouts 500g,TESCO,0.89,1.78,kg,1.78,kg,3.5,per 100g,Fresh Food
318192423,Ambrosia Ready To Eat Creamed Rice Pudding 4 X 120G,Ambrosia,3.0,6.25,kg,6.25,kg,3.1,per 100g,Fresh Food
321676878,Mockingbird Raw Banana Breakfast Smoothie 500ml,MOCKINGBIRD,3.5,7.0,litre,7.0,litre,1.0,per 100g,Fresh Food
316054153,Tesco Finest Finely Sliced Honey Roast Ham 120g,TESCO finest,3.5,29.17,kg,29.17,kg,23.4,per 100g,Fresh Food
320568714,Alpro Plant Based High Protein Banana Biscuit 200g ,alpro,1.5,7.5,kg,7.5,kg,7.5,per 100g,Fresh Food
316638684,Alpro 15g High Protein Tropical Fruit Dairy Free Soya Yoghurt Alternative 200g,alpro,1.5,7.5,kg,7.5,kg,7.5,per 100g,Fresh Food
316442978,Alpro 15g High Protein Red Berries Dairy Free Soya Yoghurt Alternative 200g,alpro,1.5,7.5,kg,7.5,kg,7.5,per 100g,Fresh Food
316189379,Tesco Garlic Sausage Slices 125g,TESCO,1.8,14.4,kg,14.4,kg,16.9,per 100g,Fresh Food
321831845,Tesco Finest Creamy Mash 450g,TESCO finest,3.25,7.22,kg,7.22,kg,2.1,per 100g,Fresh Food
323782000,THE JOLLY HOG Back Bacon 4 Outdoor Bred Thick Cut Rashers 200g.,THE JOLLY HOG,4.0,20.0,kg,20.0,kg,29.0,per 100g,Fresh Food
316933674,Cathedral City Red Leicester Cheese 300g,CATHEDRAL CITY,3.39,11.3,kg,11.3,kg,24.0,per 100g,Fresh Food
323489285,FINNEBROGUE Naked 8 Chicken Rashers 200g,FINNEBROGUE,3.95,19.75,kg,19.75,kg,20.05,per 100g,Fresh Food
315377383,Mockingbird Raw Defence Smoothie 750ml,MOCKINGBIRD,4.5,6.0,litre,6.0,litre,0.57,per 100g,Fresh Food
316290759,Mockingbird Raw Energise Virgin Smoothie 750ml ,MOCKINGBIRD,4.5,6.0,litre,6.0,litre,0.46,per 100g,Fresh Food
316656512,Tesco Liver Sausage Slices 8 Pack 100g,TESCO,1.45,1.45,100g,14.5,kg,13.4,per 100g,Fresh Food
315967474,Tesco Prime Cuts Honey Roast Ham 6 Slices 120g,TESCO,2.25,18.75,kg,18.75,kg,21.3,per 100g,Fresh Food
315837790,Tesco British Wafer Thin Honey Roast Ham Slices 120g,TESCO,2.25,18.75,kg,18.75,kg,21.3,per 100g,Fresh Food
316813091,Tesco Pork Haslet Slices 120g,TESCO,1.45,12.08,kg,12.08,kg,13.2,per 100g,Fresh Food
317535887,Tesco Finest Dry Cured Honey Roast Ham Slices 130g,TESCO finest,4.0,30.77,kg,30.77,kg,27.0,per 100g,Fresh Food
322748585,"innocent Beetroot, Apples, Cherries and Spinach Smoothie 750ml ",innocent,3.5,4.67,litre,4.67,litre,0.7,per 100g,Fresh Food
322748700,"innocent Cucumber, Apple, Lemon and Spinach Smoothie 750ml",innocent,3.5,4.67,litre,4.67,litre,0.7,per 100g,Fresh Food
322249542,Tesco Cauliflower Cheese 350G,TESCO,1.75,5.0,kg,5.0,kg,5.2,per 100g,Fresh Food
315956936,Tesco British Thick Cut Honey & Mustard Ham Slices 120g,TESCO,2.25,18.75,kg,18.75,kg,21.1,per 100g,Fresh Food
322152097,Tesco Broccoli Cheese 350G,TESCO,1.75,5.0,kg,5.0,kg,5.1,per 100g,Fresh Food
315378969,Emmi Caffe Latte Skinny 650ml,emmi,3.25,5.0,litre,5.0,litre,3.1,per 100g,Fresh Food
321029580,Nescafe Iced Coffee Espresso Concentrated Caramel Flavour 500ml ,NESCAFE,5.0,10.0,litre,10.0,litre,3.1,per 100g,Fresh Food
321115604,Nescafe Iced Coffee Espresso Concentrated Vanilla Flavour 500ml,NESCAFE,5.0,10.0,litre,10.0,litre,3.1,per 100g,Fresh Food
321051725,Nescafe Iced Coffee Espresso Concentrated Unsweetened 500ml,NESCAFE,5.0,10.0,litre,10.0,litre,3.1,per 100g,Fresh Food
302316234,Starbucks Doubleshot Espresso No Added Sugar Iced Coffee 200ml,STARBUCKS,2.2,11.0,litre,11.0,litre,2.8,per 100g,Fresh Food
323416320,Nescafe Espresso Concentrated Iced Mocha 500ml,NESCAFE,5.0,10.0,litre,10.0,litre,3.2,per 100g,Fresh Food
317424083,Starbucks® Protein Drink With Coffee Caffè Latte 330ml,STARBUCKS,2.75,8.33,litre,8.33,litre,6.2,per 100g,Fresh Food
317539917,Starbucks® Protein Drink With Coffee Caramel Hazelnut Flavour 330ml,STARBUCKS,2.75,8.33,litre,8.33,litre,6.2,per 100g,Fresh Food
315360483,Arctic Coffee Protein Caramel Latte 330ml ,ARCTIC COFFEE,1.0,3.03,litre,3.03,litre,4.6,per 100g,Fresh Food
320402519,Tesco Finest 2 Caramelised Onion Burgers 340g,TESCO finest,4.5,13.24,kg,13.24,kg,18.8,per 100g,Fresh Food
317874494,Hunt and Brew Huila Colombia Coffee 330ml,HUNT AND BREW,3.45,10.46,litre,10.46,litre,2.4,per 100g,Fresh Food
318081756,Tesco Finest Extra Mature Cheddar 2 Beef Burgers 340g,TESCO finest,4.5,13.24,kg,13.24,kg,22.6,per 100g,Fresh Food
317070949,Starbucks Frappuccino Vanilla Flavoured Milk Iced Coffee 250ml,STARBUCKS,2.2,8.8,litre,8.8,litre,2.8,per 100g,Fresh Food
316292694,Jimmy's Iced Coffee Caramel 250ml,JIMMY'S,1.75,7.0,litre,7.0,litre,2.2,per 100g,Fresh Food
321053740,Nescafe Iced Coffee Latte 750ml,NESCAFE,3.0,4.0,litre,4.0,litre,2.1,per 100g,Fresh Food
323319308,Starbucks Summer Escape Limited Edition Pistachio Chilled Coffee 220ml,STARBUCKS,2.2,10.0,litre,10.0,litre,2.8,per 100g,Fresh Food
320401653,Tesco Finest 2 Beef Burgers 340g,TESCO finest,4.5,13.24,kg,13.24,kg,25.1,per 100g,Fresh Food
322426148,Oatly Barista Iced Caramel Macchiato 235ml,OATLY!,2.0,8.51,litre,8.51,litre,1.1,per 100g,Fresh Food
311788784,Jimmy's Iced Coffee Original 250ml,JIMMY'S,1.75,7.0,litre,7.0,litre,2.5,per 100g,Fresh Food
322264166,Oatly Barista Iced Flat White Double Shot 235ml,OATLY!,2.0,8.51,litre,8.51,litre,1.1,per 100g,Fresh Food
320787783,Nescafe Iced Coffee Caramel Flavour Latte 750ml ,NESCAFE,3.0,4.0,litre,4.0,litre,2.2,per 100g,Fresh Food
322990164,Tesco Finest Chuck & Brisket Beef Burger 340g,TESCO finest,5.5,16.18,kg,16.18,kg,17.1,per 100g,Fresh Food
317666055,Starbucks® Protein Drink With Coffee Chocolate Mocha Flavour 330ml,STARBUCKS,2.75,8.33,litre,8.33,litre,6.3,per 100g,Fresh Food
321119600,Barista Coffee Co. Caramel Latte 1L,Barista Coffee Co.,1.9,1.9,litre,1.9,litre,2.2,per 100g,Fresh Food
315390493,Emmi High Protein Caffe Latte 230ml,emmi,2.0,8.7,litre,8.7,litre,7.8,per 100g,Fresh Food
316445969,Starbucks Skinny Latte No Added Sugar Iced Coffee 220ml,STARBUCKS,2.2,10.0,litre,10.0,litre,2.8,per 100g,Fresh Food
316947076,Tesco Creme Caramel 4x100g,TESCO,1.5,3.75,kg,3.75,kg,2.7,per 100g,Fresh Food
314418464,Emmi Caffe Latte - Caramel 230ml,emmi,2.0,8.7,litre,8.7,litre,2.8,per 100g,Fresh Food
313740169,Tesco Finest Wagyu Burger 340G,TESCO finest,5.5,16.18,kg,16.18,kg,18.8,per 100g,Fresh Food
315349123,Barista Coffee Co Caffe Latte 250ml,Barista Coffee Co.,0.6,2.4,litre,2.4,litre,2.6,per 100g,Fresh Food
315340242,Barista Coffee Co Caramel Latte 250ml,Barista Coffee Co.,0.6,2.4,litre,2.4,litre,2.6,per 100g,Fresh Food
320380307,Tesco 4 Smash Burger 340g,TESCO,4.0,11.76,kg,11.76,kg,14.8,per 100g,Fresh Food
317557144,Finest Wagyu & Bone Marrow Beef burgers 454g,TESCO finest,6.75,14.87,kg,14.87,kg,16.1,per 100g,Fresh Food
316656092,Tesco Finest Quarter Pounders 454g,TESCO finest,5.5,12.12,kg,12.12,kg,25.1,per 100g,Fresh Food
317663398,Tesco Cashews 500g,TESCO,6.0,12.0,kg,12.0,kg,17.7,per 100g,Fresh Food
315140260,Tesco Pine Nuts 100G 100G,TESCO,3.9,39.0,kg,39.0,kg,14.0,per 100g,Fresh Food
321852365,Tesco Finest Ginger & Pear Puddings 230g,TESCO finest,4.0,17.39,kg,17.39,kg,3.5,per 100g,Fresh Food
322045558,Tesco Finest Caramelised Bramley Apple Pie 465g,TESCO finest,5.0,10.75,kg,10.75,kg,3.8,per 100g,Fresh Food
320671931,Tesco Mixed Nuts 500g,TESCO,6.0,12.0,kg,12.0,kg,22.2,per 100g,Fresh Food
321840615,Tesco Apple Crumble 500g ,TESCO,4.0,8.0,kg,8.0,kg,2.2,per 100g,Fresh Food
322050782,Tesco Finest Bramley Apple & Blackberry Crumble,TESCO finest,5.0,5.0,each,5.0,each,3.2,per 100g,Fresh Food
322070527,Tesco Finest Plum & Morello Cherry Crumble,TESCO finest,5.0,5.0,each,5.0,each,3.6,per 100g,Fresh Food
322058278,Tesco Pecan Nuts 150g,TESCO,3.3,22.0,kg,22.0,kg,9.2,per 100g,Fresh Food
320976865,Tesco Walnuts 500g,TESCO,6.0,12.0,kg,12.0,kg,14.7,per 100g,Fresh Food
316290978,Whitworths Wondermix Fight Fatigue Fruit & Nut Mix 200g,whitworths,3.5,17.5,kg,17.5,kg,8.6,per 100g,Fresh Food
321102078,WHITWORTHS WONDERMIX FEEL ENERGISED 200G,whitworths,3.5,17.5,kg,17.5,kg,8.1,per 100g,Fresh Food
315833074,Whitworths Wondermix Feel Strong Nut Mix 190g,whitworths,3.5,18.42,kg,18.42,kg,17.3,per 100g,Fresh Food
321848255,Tesco Choco Crownie Swirls 255g,TESCO,4.0,15.69,kg,15.69,kg,7.6,per 100g,Fresh Food
322242808,Whitworths Monkey Nuts 280g,whitworths,2.1,7.5,kg,7.5,kg,34.6,per 100g,Fresh Food
321957495,Tesco Finest Salted Caramelised Nut Selection 150g,TESCO finest,2.9,19.33,kg,19.33,kg,14.2,per 100g,Fresh Food
321345815,Tesco Finest Roasted & Salted Nut Selection 150g,TESCO finest,2.9,19.33,kg,19.33,kg,16.0,per 100g,Fresh Food
321946824,Tesco Finest Hickory Smoked Nut Selection 150g.,TESCO finest,2.9,19.33,kg,19.33,kg,17.0,per 100g,Fresh Food
321232309,Tesco Finest Rosemary & Sea Salt Nut Selection 150g,TESCO finest,3.0,20.0,kg,20.0,kg,23.1,per 100g,Fresh Food
315467144,Tesco Chayote EACH,TESCO,0.85,0.85,each,0.85,each,0.8,per 100g,Fresh Food
321850833,Tesco S'moreish Pie 390g,TESCO,4.0,10.26,kg,10.26,kg,4.4,per 100g,Fresh Food
320663095,Tesco Finest Maple Chilli Nut Selection 150g,TESCO finest,3.0,20.0,kg,20.0,kg,24.0,per 100g,Fresh Food
321231420,Tesco Finest Hickory Smoked Nut Selection 150g,TESCO finest,3.0,20.0,kg,20.0,kg,17.0,per 100g,Fresh Food
321121274,Tesco Finest Roasted Nut Selection 150g,TESCO finest,3.0,20.0,kg,20.0,kg,19.7,per 100g,Fresh Food
321223931,Tesco Finest Cocktail Nut Selection 150g,TESCO finest,3.0,20.0,kg,20.0,kg,24.1,per 100g,Fresh Food
321536475,Unearthed Bavarian 6 Frankfurters 300g,unearthed,4.0,13.33,kg,13.33,kg,12.9,per 100g,Fresh Food
312706837,The Collective Suckies Strawberry Yogurt 4 X 90G,THE COLLECTIVE DAIRY,3.4,9.44,kg,9.44,kg,3.8,per 100g,Fresh Food
316653331,Tesco 6 Bratwurst Sausages 540g,TESCO,3.55,6.57,kg,6.57,kg,11.5,per 100g,Fresh Food
322241775,Alpro Kids Vanilla Soya Dairy Free Yoghurt Alternative 4 x 115g,alpro,2.25,4.89,kg,4.89,kg,3.7,per 100g,Fresh Food
322319955,Alpro Kids Strawberry Soya Dairy Free Yoghurt Alternative 4 x 115g,alpro,2.25,4.89,kg,4.89,kg,3.6,per 100g,Fresh Food
317974485,Tesco Finest Ready Rolled All Butter Puff Pastry 320g,TESCO finest,2.5,7.81,kg,7.81,kg,7.2,per 100g,Fresh Food
321117165,Yeo Valley Free Range Semi-Skimmed Long Life Organic Milk 1L,Yeo Valley,2.35,2.35,litre,2.35,litre,3.6,per 100g,Fresh Food
313010377,Tesco Ready Rolled Puff Pastry 475G,TESCO,1.9,4.0,kg,4.0,kg,6.7,per 100g,Fresh Food
322322582,Yeo Valley Organic Little Yeos Kids Yogurt and Oats Pots 4x85g,Yeo Valley,2.25,6.62,kg,6.62,kg,4.4,per 100g,Fresh Food
320974665,"Onken Kiddos Yogurt, Blueberry, Blackberry & Banana 4x90g",ONKEN,2.25,6.25,kg,6.25,kg,4.3,per 100g,Fresh Food
320965895,Onken Kiddos Yoghurt Raspberry & Banana 4x90g,ONKEN,2.25,6.25,kg,6.25,kg,4.3,per 100g,Fresh Food
315299803,Munch Bunch Squashums Yogurt - Strawberry 5x60g,MUNCH BUNCH,1.65,5.5,kg,5.5,kg,2.9,per 100g,Fresh Food
323427071,Tesco Finest Beef Brisket & Smoked Bacon En Croute With Merlot Jus 415g,TESCO finest,6.5,15.66,kg,15.66,kg,11.5,per 100g,Fresh Food
320403639,The Collective Super Spoonies Immunity Supporting Strawberry & Berries Yoghurt Pots 6x42g,THE COLLECTIVE DAIRY,2.25,8.93,kg,8.93,kg,3.8,per 100g,Fresh Food
320381577,The Collective Super Spoonies Tummy Goodness Banana & Mango Yoghurt Pots 6x42g ,THE COLLECTIVE DAIRY,2.25,8.93,kg,8.93,kg,4.3,per 100g,Fresh Food
312988269,Tesco Reduced Fat Puff Pastry 320g,TESCO,1.35,4.22,kg,4.22,kg,5.9,per 100g,Fresh Food
312713152,Tesco Ready Rolled Puff Pastry 320G,TESCO,1.35,4.22,kg,4.22,kg,6.6,per 100g,Fresh Food
323311737,Dino's Famous Original Little Franks Beechwood Smoked Pork Hot Dogs 160G,DINO’S,2.0,12.5,kg,12.5,kg,14.0,per 100g,Fresh Food
317855252,Bluey Fromage Frais - Strawberry 6 x 45g,BLUEY,1.65,6.11,kg,6.11,kg,4.4,per 100g,Fresh Food
314832497,Munch Bunch Double Up Fromage Frais No Added Sugar Raspberry And Peach 4X85G,MUNCH BUNCH,1.8,5.29,kg,5.29,kg,5.9,per 100g,Fresh Food
322453328,Bluey Berry Yogurt Pouch 85g,BLUEY,0.85,10.0,kg,10.0,kg,4.3,per 100g,Fresh Food
322328702,Bluey Strawberry Yogurt Pouch 85g,BLUEY,0.85,10.0,kg,10.0,kg,4.6,per 100g,Fresh Food
320542860,Bluey Fromage Frais Strawberry & Apricot 4x85g,BLUEY,1.5,4.41,kg,4.41,kg,,,Fresh Food
296361764,Paw Patrol Strawberry Fromage Frais 6X45g,Yoplait,1.05,3.89,kg,3.89,kg,5.3,per 100g,Fresh Food
317764083,Tesco Greek Style Plain Yogurt 4 x 90g,TESCO KIDS,1.1,3.06,kg,3.06,kg,4.7,per 100g,Fresh Food
322334055,Tesco Finest Dine in Beef Shin Bourguignon 540g,TESCO finest,7.5,13.89,kg,13.89,kg,12.7,per 100g,Fresh Food
322336773,Activia Strawberry & Mixed Fruit Fat Free Gut Health Yoghurt Multipack 8x115g,ACTIVIA,4.25,4.62,kg,4.62,kg,4.7,per 100g,Fresh Food
313627497,"Tesco Finest Seeded Tortilla Wrap - Mozzarella, Pesto & SunBlush Tomato",TESCO finest,4.25,4.25,each,4.25,each,7.7,per 100g,Fresh Food
317420300,Tesco Finest Mortadella with Truffle 140g,TESCO finest,3.0,21.43,kg,21.43,kg,14.8,per 100g,Fresh Food
321949124,Unearthed Diced Pancetta 2 x 77g,unearthed,3.5,22.73,kg,22.73,kg,17.0,per 100g,Fresh Food
316558784,Tesco Finest Salami Milano & Cheese Rollitos 105g,TESCO finest,3.7,35.24,kg,35.24,kg,25.5,per 100g,Fresh Food
322145405,Tesco Finest Italian Coppa 80g,TESCO finest,3.0,37.5,kg,37.5,kg,26.4,per 100g,Fresh Food
322139183,Tesco Finest Salami Cacciatore PDO 90g,TESCO finest,3.5,38.89,kg,38.89,kg,28.0,per 100g,Fresh Food
317992181,Tesco Finest Bistro Inspired Chicken & Bacon Caesar Wrap,TESCO finest,4.25,4.25,each,4.25,each,10.6,per 100g,Fresh Food
321539828,"Tesco Fully Loaded Hot Honey Halloumi, Falafel and Pickled Slaw",TESCO,4.5,4.5,each,4.5,each,7.6,per 100g,Fresh Food
275436553,Tesco British Melon,TESCO,2.5,2.5,each,2.5,each,0.5,per 100g,Fresh Food
320565809,Tesco Finest Prosciutto Crudo & Cheese Rollitos 105g,TESCO finest,3.7,35.24,kg,35.24,kg,26.0,per 100g,Fresh Food
313841015,Beretta Prosciutto Di San Daniele 90G,BERETTA,3.5,38.89,kg,38.89,kg,27.0,per 100g,Fresh Food
321228344,Tesco Finest Caesar Pasta Salad 235g,TESCO finest,3.75,15.96,kg,15.96,kg,7.5,per 100g,Fresh Food
316172865,Tesco Tomato & Basil Pasta 550g     ,TESCO,3.5,6.36,kg,6.36,kg,3.8,per 100g,Fresh Food
308112696,Yeo Valley Organic Kefir Natural 950g,YEO VALLEY ORGANIC,4.5,4.74,kg,4.74,kg,4.7,per 100g,Fresh Food
315736615,Tesco Korean BBQ Inspired Pork Belly Slices 400g,TESCO,5.0,12.5,kg,12.5,kg,18.6,per 100g,Fresh Food
322542407,"Tesco Fully Loaded Chicken, Edamame with Katsu Curry Dressing 325g",TESCO,4.75,14.62,kg,14.62,kg,8.1,per 100g,Fresh Food
312985451,Biotiful Gut Health Kefir Protein Yogurt Original 250g,Biotiful,1.75,7.0,kg,7.0,kg,12.0,per 100g,Fresh Food
318177626,Tesco Slow Cooked Japanese Style Pork Belly Bites 320g,TESCO,4.4,13.75,kg,13.75,kg,20.9,per 100g,Fresh Food
317746329,Yeo Valley Organic Gut Health Kefir Natural  4X100g,Yeo Valley,2.6,6.5,kg,6.5,kg,4.7,per 100g,Fresh Food
322062439,Tesco Finest Cornish Sea Salt and Black Pepper Pork Belly Joint 400g,TESCO finest,6.6,16.5,kg,16.5,kg,21.6,per 100g,Fresh Food
322842225,"Tesco Fully Loaded Chicken, Egg & Almond with Green Goddess Style Dressing 320g",TESCO,4.75,14.84,kg,14.84,kg,9.9,per 100g,Fresh Food
321833825,"Tesco Finest Chicken, Chorizo & Manchego Wrap",TESCO finest,4.25,4.25,each,4.25,each,11.0,per 100g,Fresh Food
321967200,"Tesco Fully Loaded Battered Chicken, BBQ & Jalapeno Cheese Sauce Wrap",TESCO,4.5,4.5,each,4.5,each,9.7,per 100g,Fresh Food
320560711,Activia Kefir Peach Passion Fruit Gut Health Yoghurt 345g,ACTIVIA,2.0,5.8,kg,5.8,kg,3.6,per 100g,Fresh Food
316065635,Tesco Firepit Honey Glazed Pork Belly Bites 350g,TESCO,5.0,14.29,kg,14.29,kg,19.4,per 100g,Fresh Food
317404389,Bio&Me Kefir Live Yoghurt - Original 350g,Bio&Me,2.0,5.71,kg,5.71,kg,5.0,per 100g,Fresh Food
317537306,Bio&Me Kefir Yoghurt Vanilla 350g,Bio&Me,2.0,5.71,kg,5.71,kg,5.0,per 100g,Fresh Food
317205285,Bio&Me Mango Kefir Yoghurt 350g,Bio&Me,2.0,5.71,kg,5.71,kg,5.0,per 100g,Fresh Food
322661963,Tesco Fajita Chicken Grain Bowl 370g,TESCO,4.75,12.84,kg,12.84,kg,6.1,per 100g,Fresh Food
322346692,Tesco Pork Belly Slices 500g ,TESCO,3.39,6.78,kg,6.78,kg,15.9,per 100g,Fresh Food
321776512,"Tesco Fully Loaded Katsu Chicken, Pickled Pink Onions & Spinach Wrap",TESCO,4.5,4.5,each,4.5,each,8.8,per 100g,Fresh Food
317530233,Activia Gut Health Kefir - Strawberry & Raspberry 2 x 150g,ACTIVIA,1.35,4.5,kg,4.5,kg,3.6,per 100g,Fresh Food
322055229,Tesco Finest Slow Cooked Pork Belly 550g,TESCO finest,7.95,14.46,kg,14.46,kg,22.1,per 100g,Fresh Food
322062215,Tesco Pork Belly Slices 500g,TESCO,4.65,9.3,kg,9.3,kg,15.9,per 100g,Fresh Food
317537681,Tesco Gut Sense Natural Kefir Yogurt 350g,TESCO,1.2,3.43,kg,3.43,kg,5.3,per 100g,Fresh Food
320384931,Tesco Fire Pit Salt & Chilli Pork Belly Slices 500G,FIRE PIT,5.25,10.5,kg,10.5,kg,22.5,per 100g,Fresh Food
317989617,Tesco Gut Sense Rhubarb & Ginger Kefir Yogurt 350g,TESCO,1.2,3.43,kg,3.43,kg,4.6,per 100g,Fresh Food
317749689,Tesco Gut Sense Red Berries & Cherry Kefir Yogurt 350g,TESCO,1.2,3.43,kg,3.43,kg,4.6,per 100g,Fresh Food
320816197,Tesco Finest Crushed Baby Potato Salad with Caesar Dressing 450g,TESCO finest,3.0,6.67,kg,6.67,kg,2.7,per 100g,Fresh Food
314829594,Benecol Peach Yogurt 4x115g,BENECOL,4.0,8.7,kg,8.7,kg,3.8,per 100g,Fresh Food
314300292,Benecol Strawberry Yogurt 4x115g,BENECOL,4.0,8.7,kg,8.7,kg,3.7,per 100g,Fresh Food
312558986,Vadasz Super Beet Kimchi 400G,Vadasz,4.5,11.25,kg,11.25,kg,1.0,per 100g,Fresh Food
315386464,Vadasz Hot & Sweet Jalapeno Relish 400g,Vadasz,4.5,11.25,kg,11.25,kg,0.6,per 100g,Fresh Food
315078276,Unearthed Spanish Potato Omelette 500g,unearthed,4.0,8.0,kg,8.0,kg,5.2,per 100g,Fresh Food
322756431,Unearthed Spanish Jamon & Cheese Tortilla 250g,unearthed,3.75,15.0,kg,15.0,kg,10.0,per 100g,Fresh Food
321671267,Clawson Farms Truffle Seeker Extra mature Cheddar with Truffle and honey 150g,CLAWSON FARMS,5.5,36.67,kg,36.67,kg,21.7,per 100g,Fresh Food
315165680,Unearthed Stuffed Green Peppers 150g,unearthed,3.65,24.33,kg,24.33,kg,2.9,per 100g,Fresh Food
315071905,Unearthed Spanish Spinach Tortilla 250g,unearthed,3.25,13.0,kg,13.0,kg,5.1,per 100g,Fresh Food
315356172,Tesco Stuffed Vine Leaves 162g,TESCO,3.0,18.52,kg,18.52,kg,2.6,per 100g,Fresh Food
314586880,Gosh Beetroot Falafel With Red Pepper And Chli 171G,GOSH,2.3,13.45,kg,13.45,kg,6.1,per 100g,Fresh Food
314324655,Gosh Moroccan Spiced Falafel 171G,GOSH,2.3,13.45,kg,13.45,kg,5.7,per 100g,Fresh Food
314118116,Gosh Mediterranean Falafel 171G,GOSH,2.3,13.45,kg,13.45,kg,7.3,per 100g,Fresh Food
314427171,Gosh Sweet Potato Pakora With Red Pepper 171G,GOSH,2.3,13.45,kg,13.45,kg,6.1,per 100g,Fresh Food
317874131,Unearthed Spanish Spinach Tortilla 500g,unearthed,4.0,8.0,kg,8.0,kg,5.1,per 100g,Fresh Food
321842285,Tesco Spanish Style Tortilla 500g,TESCO,3.0,6.0,kg,6.0,kg,4.4,per 100g,Fresh Food
315589063,Tesco Soft Cheese Stuffed Peppers 145g,TESCO,3.0,20.69,kg,20.69,kg,3.6,per 100g,Fresh Food
315351816,Tesco Sundried Tomatoes 170g,TESCO,3.0,17.65,kg,17.65,kg,2.6,per 100g,Fresh Food
320795767,Tesco Salami & Cheese Pot 100g,TESCO,3.0,30.0,kg,30.0,kg,26.0,per 100g,Fresh Food
317558212,Tesco Finest Hickory Smoked Extra Mature Cheddar Cheese 300g,TESCO finest,4.7,15.67,kg,15.67,kg,25.4,per 100g,Fresh Food
287530359,Tesco Blueberries 250G,TESCO,2.6,10.4,kg,10.4,kg,,,Fresh Food
321965968,Unearthed Spanish Potato Tortilla 250g,unearthed,3.25,13.0,kg,13.0,kg,5.2,per 100g,Fresh Food
313837453,Tesco Frittata 300G,TESCO,3.0,10.0,kg,10.0,kg,7.4,per 100g,Fresh Food
315153521,Unearthed Spanish Red Pepper Tortilla 250g,unearthed,3.25,13.0,kg,13.0,kg,5.3,per 100g,Fresh Food
315048928,Unearthed Spanish Chorizo Tortilla 250g,unearthed,3.25,13.0,kg,13.0,kg,8.0,per 100g,Fresh Food
320805354,Tesco Atlantic Anchovies 130g,TESCO,3.0,23.08,kg,23.08,kg,19.6,per 100g,Fresh Food
317661740,Tesco Finest Extra Mature Oak Smoked Cheddar 200g,TESCO finest,3.75,18.75,kg,18.75,kg,23.1,per 100g,Fresh Food
321217432,Cauldron Nice & Spicy Butternut Squash Bites 175g,CAULDRON,2.6,14.86,kg,14.86,kg,6.0,per 100g,Fresh Food
313381910,Tesco Finest Spanish Croquetas with Spinach 210g,TESCO finest,4.5,21.43,kg,21.43,kg,5.4,per 100g,Fresh Food
292248675,Rosedene Farms Blueberries 150G,ROSEDENE FARMS,1.31,8.73,kg,8.73,kg,0.9,per 100g,Fresh Food
305158289,Activia Natural Yoghurt & Red Berries Chia Muesli Breakfast Topper with Spoon 165g,DANONE,1.7,10.3,kg,10.3,kg,5.8,per 100g,Fresh Food
302461844,Activia Vanilla Yoghurt & Honey Granola Breakfast Topper with Spoon 165g,DANONE,1.7,10.3,kg,10.3,kg,5.1,per 100g,Fresh Food
322239623,Activia Rhubarb & Mixed Fruit Low Fat Gut Health Yoghurt Multipack 8x115g,ACTIVIA,4.25,4.62,kg,4.62,kg,3.8,per 100g,Fresh Food
313859565,Yakult Original 8 X 65Ml,YAKULT,3.7,7.12,litre,7.12,litre,1.3,per 100g,Fresh Food
314107129,Yakult Balance 8 X 65Ml,YAKULT,3.7,7.12,litre,7.12,litre,1.3,per 100g,Fresh Food
322445805,Activia Kefir Mango Gut Health Yoghurt Drink 280g ,ACTIVIA,1.6,5.71,kg,5.71,kg,3.1,per 100g,Fresh Food
316066147,Pollen & Grace Mezze Houmous + Rainbow Veg Grain Bowl 275g,POLLEN & GRACE,4.25,15.46,kg,15.46,kg,4.2,per 100g,Fresh Food
314932047,Activia Fibre Gut Health Yoghurt - Walnut & Oat 4x115g,ACTIVIA FIBRE,3.0,6.52,kg,6.52,kg,4.1,per 100g,Fresh Food
304371059,Biotiful Gut Health Kefir Milk Drink Strawberry 500ml,Biotiful,2.6,5.2,litre,5.2,litre,3.1,per 100g,Fresh Food
305945515,Biotiful Gut Health Kefir Milk Drink Mango 500ml,Biotiful,2.6,5.2,litre,5.2,litre,3.3,per 100g,Fresh Food
309182495,Biotiful Gut Health Kefir Milk Drink Vanilla 500ml,Biotiful,2.6,5.2,litre,5.2,litre,3.1,per 100g,Fresh Food
313514927,Tesco Fruity Chicken Curry & Rice 400G,TESCO,3.5,8.75,kg,8.75,kg,7.7,per 100g,Fresh Food
320964631,Activia Fibre Red Berries & Cereals Gut Health Yoghurt 4x115g,DANONE,2.75,5.98,kg,5.98,kg,4.0,per 100g,Fresh Food
314940037,GetPro 25g Strawberry High Protein Yoghurt Drink 300g,DANONE,2.0,6.67,kg,6.67,kg,8.4,per 100g,Fresh Food
320687815,Actimel+ Triple Action 100% Vitamin D Blueberry & Blackberry Yoghurt Drink 8x100g,Actimel,3.85,4.81,kg,4.81,kg,2.8,per 100g,Fresh Food
314934327,Actimel+ Triple Action 100% Vitamin D Strawberry & Pomegranate Yoghurt Drink 8x100g,DANONE,3.85,4.81,kg,4.81,kg,2.8,per 100g,Fresh Food
312352440,FAGE FRUITS COCONUT GREEK STRAINED YOGHURT 380G,FAGE,2.95,7.76,kg,7.76,kg,7.3,per 100g,Fresh Food
322535480,Philadelphia  Protein Cottage Cheese 200g,PHILADELPHIA,1.85,9.25,kg,9.25,kg,11.0,per 100g,Fresh Food
320567491,Tesco Gut Sense Kefir Drink Plain 750ml,TESCO,2.9,3.87,litre,3.87,litre,3.6,per 100g,Fresh Food
321963538,Activia Mango Gut Health Yoghurt Multipack 4x115g,ACTIVIA,2.75,5.98,kg,5.98,kg,3.8,per 100g,Fresh Food
322154193,The Real Greek Chickpea Salad 200g,THE REAL GREEK,2.75,13.75,kg,13.75,kg,,,Fresh Food
308845639,Graham's Natural Cottage Cheese Low Fat 300G,graham's THE family DAIRY,1.65,5.5,kg,5.5,kg,12.0,per 100g,Fresh Food
322260602,The Real Greek Lentil Salad 200g,THE REAL GREEK,2.75,13.75,kg,13.75,kg,,,Fresh Food
314302704,Yop Strawberry Multiserve Yoghurt Drink 825g,Yoplait,2.0,2.42,kg,2.42,kg,3.0,per 100g,Fresh Food
322454212,Yop Mango & Pineapple Flavour Yoghurt Drink 825g,Yoplait,2.0,2.42,kg,2.42,kg,3.0,per 100g,Fresh Food
320811277,Bio&Me Kefir Drink Vanilla 500ml,Bio&Me,2.6,5.2,litre,5.2,litre,3.6,per 100g,Fresh Food
322555916,BIO & ME Berry Boost Kefir Drink 500ml,Bio&Me,2.6,5.2,litre,5.2,litre,3.2,per 100g,Fresh Food
322751690,Tesco Beetroot & Feta Grain Bowl 380g,TESCO,4.75,12.5,kg,12.5,kg,3.8,per 100g,Fresh Food
322245431,Graham's Protein 30g Natural Cottage Cheese 200g,graham's THE family DAIRY,1.5,7.5,kg,7.5,kg,15.0,per 100g,Fresh Food
316808604,Jaffa Crunchy Grapes 500g ,Jaffa,2.4,4.8,kg,4.8,kg,0.6,per 100g,Fresh Food
311959300,Yeo Valley Organic Kefir Mango & Passion Fruit Yogurt Drink 500ml,Yeo Valley,2.5,5.0,litre,5.0,litre,3.5,per 100g,Fresh Food
320674248,Yeo Valley Organic Kefir Yogurt Drink Blueberry 500ml,Yeo Valley,2.5,5.0,litre,5.0,litre,3.5,per 100g,Fresh Food
311945345,Yeo Valley Organic Kefir Natural Yogurt Drink 500ml,Yeo Valley,2.5,5.0,litre,5.0,litre,4.0,per 100g,Fresh Food
314934215,Tesco Finest Green Grapes Seedless 500G,TESCO finest,2.6,5.2,kg,5.2,kg,0.7,per 100g,Fresh Food
322162563,CREAMFIELDS BERRY MEDLEY LOW FAT YOGURT 6X125G,CREAMFIELDS,0.95,1.27,kg,1.27,kg,3.6,per 100g,Fresh Food
321338525,The Wild Hare Organic Cauliflower & Spinach Dahl 350g,THE WILD Hare,5.5,15.71,kg,15.71,kg,3.9,per 100g,Fresh Food
321846787,Tesco Finest Butter Chicken 400g,TESCO finest,5.5,13.75,kg,13.75,kg,10.0,per 100g,Fresh Food
322236718,Tesco Finest Prawn Bhuna & Saffron Pilau Rice 400g,TESCO finest,4.5,11.25,kg,11.25,kg,3.2,per 100g,Fresh Food
322054386,Tesco Chicken Vindaloo & Pilau Rice 400g,TESCO,3.5,8.75,kg,8.75,kg,6.6,per 100g,Fresh Food
321541669,Butlers Trotter Hill Lancashire Cheese 250g,Butlers farmhouse Cheeses,4.5,18.0,kg,18.0,kg,22.8,per 100g,Fresh Food
322238463,Coco Di Mama Chicken Caesar & Bacon Ciabatta,COCO DI MAMA,4.95,4.95,each,4.95,each,12.4,per 100g,Fresh Food
321656960,Butlers Inglewhite Goat's Cheese 150g,Butlers farmhouse Cheeses,4.5,30.0,kg,30.0,kg,21.5,per 100g,Fresh Food
321765905,"Tesco Fully Loaded Korean Style Pulled Pork Pretzel Roll, Gherkins and Emmental Cheese ",TESCO,4.5,4.5,each,4.5,each,12.1,per 100g,Fresh Food
321772666,Hovis Cheese & Herb Sub Rolls 4 Pack,HOVIS,1.75,0.44,each,0.44,each,10.7,per 100g,Fresh Food
315961780,Tesco British Wafer Thin  Smoked Ham Slices 120g,TESCO,2.25,18.75,kg,18.75,kg,21.7,per 100g,Fresh Food
320547526,Tesco Reduced Fat Houmous 200g ,TESCO,1.3,6.5,kg,6.5,kg,6.5,per 100g,Fresh Food
321957108,Hovis Protein Buttermilk Sub Rolls 2 Pack,HOVIS,1.4,0.7,each,0.7,each,12.0,per 100g,Fresh Food
321237097,Tesco 10 Wafer Thin Sweet and Smoky Ham Slices 125g,TESCO,1.25,10.0,kg,10.0,kg,19.4,per 100g,Fresh Food
316556020,Jaffa Supersweet Pineapple,Jaffa,2.3,2.3,each,2.3,each,0.4,per 100g,Fresh Food
317663640,Grower's Harvest pineapple slices in juice 425g,GROWER'S HARVEST,0.93,2.19,kg DR.WT,2.19,kg dr.wt,0.3,per 100g,Fresh Food
312836703,Noe; El Clerzo Chorizo De Aragon 225G,NOEL,4.7,20.89,kg,20.89,kg,25.0,per 100g,Fresh Food
317417307,Tesco Finest Sicilian Nocellara Olives 125g,TESCO finest,4.0,32.0,kg,32.0,kg,2.1,per 100g,Fresh Food
317299011,Tesco Finest Trio of Greek Olives 140G,TESCO finest,4.0,28.57,kg,28.57,kg,1.5,per 100g,Fresh Food
317551467,Tesco Finest Greek Kalamata Olives 135g,TESCO finest,4.0,29.63,kg,29.63,kg,1.9,per 100g,Fresh Food
312853383,El Cierzo Longaniza De Aragon 260g,NOEL,4.7,18.08,kg,18.08,kg,28.0,per 100g,Fresh Food
322438704, Coco Di Mama Pesto Chicken & Mozzarella Baguette,COCO DI MAMA,4.95,4.95,each,4.95,each,11.3,per 100g,Fresh Food
322319495,Coco Di Mama Italian Deli Ham & Cheese Baguette,COCO DI MAMA,4.95,4.95,each,4.95,each,9.1,per 100g,Fresh Food
317066327,Tesco Finest Cave Aged Cheddar 200G,TESCO finest,3.5,17.5,kg,17.5,kg,25.4,per 100g,Fresh Food
317195018,Wensleydale Creamery Blue 140g,WENSLEYDALE CREAMERY,2.75,19.64,kg,19.64,kg,23.1,per 100g,Fresh Food
312228784,Noel Mini Fuet 70G,NOEL,2.1,30.0,kg,30.0,kg,25.9,per 100g,Fresh Food
317306154,Tesco Finest Atlantic White Anchovies with Lemon 130g,TESCO finest,4.0,30.77,kg,30.77,kg,19.1,per 100g,Fresh Food
312721545,Noel Fuet With Black Pepper 150G,NOEL,3.0,20.0,kg,20.0,kg,27.0,per 100g,Fresh Food
317530285,Tesco Finest Feta Stuffed Cherry Peppers 130G,TESCO finest,4.0,30.77,kg,30.77,kg,4.4,per 100g,Fresh Food
320398068,Muller Bliss Whipped Greek Style Yogurt Strawberries & Cream 4x100g,Müller,3.0,7.5,kg,7.5,kg,5.0,per 100g,Fresh Food
316537020,Beretta Salame With Truffle Parmigiano 80g,BERETTA,3.5,43.75,kg,43.75,kg,24.0,per 100g,Fresh Food
322148644,Rose Pearl Rose Strawberries 227g,ROSE PEARL,2.75,12.12,kg,12.12,kg,,,Fresh Food
317530072,Tesco Finest Italian Violetta Artichokes 140g,TESCO finest,4.0,28.57,kg,28.57,kg,2.7,per 100g,Fresh Food
317196432,Tesco Finest Slow Cooked Roast Beef Topside Slices 90g,TESCO finest,4.0,44.44,kg,44.44,kg,27.2,per 100g,Fresh Food
317554781,Tesco Finest Italian Buffalo Mozzarella with Tomato & Pesto 172g,TESCO finest,4.0,23.26,kg,23.26,kg,7.2,per 100g,Fresh Food
317295770,The Curing Barn British Charcuterie board 60g ,THE CURING BARN,4.5,75.0,kg,75.0,kg,,,Fresh Food
317299040,The Curing Barn British Bresaola 60g,THE CURING BARN,4.5,75.0,kg,75.0,kg,37.6,per 100g,Fresh Food
317046904,Tesco Finest Dry Cured Oak Smoked Ham Slices 130g,TESCO finest,4.0,30.77,kg,30.77,kg,26.9,per 100g,Fresh Food
293104700,Tesco Organic Strawberries 227G,TESCO ORGANIC,2.7,11.89,kg,11.89,kg,0.6,per 100g,Fresh Food
322145359,"Tesco Finest Garlic, Lemon and Parsley Marinaded Sardines 288g",TESCO finest,5.8,20.14,kg,20.14,kg,19.9,per 100g,Fresh Food
317559136,Tesco Finest Greek Halkidiki Olives with Lemon & Garlic 115g,TESCO finest,4.0,34.78,kg,34.78,kg,1.4,per 100g,Fresh Food
322143851,Tesco Finest Giant Greek Halkidiki Olives 130g,TESCO finest,4.0,30.77,kg,30.77,kg,1.3,per 100g,Fresh Food
316808092,Gu Ultimate Chocolate Cheesecake Desserts 2x85g,GU,3.95,23.24,kg,23.24,kg,4.4,per 100g,Fresh Food
317746030,Tesco Finest Pork Pie 440g,TESCO finest,4.1,9.32,kg,9.32,kg,11.3,per 100g,Fresh Food
297297458,Gü Hot Chocolate Soufflé Dessert 2 x 60g,GU,3.95,32.92,kg,32.92,kg,6.9,per 100g,Fresh Food
322064190,Tesco Finest Prosciutto Crudo with Truffle 80g,TESCO finest,3.0,37.5,kg,37.5,kg,27.0,per 100g,Fresh Food
322256406,Tesco Green & Black Olives with Feta 350g,TESCO,5.0,14.29,kg,14.29,kg,3.6,per 100g,Fresh Food
317650807,Bonne Maman Creme Lemon 2 x 90g,Bonne Maman,2.2,12.22,kg,12.22,kg,1.7,per 100g,Fresh Food
322148788,Tesco Garlic Stuffed Olives 400g,TESCO,5.0,12.5,kg,12.5,kg,1.3,per 100g,Fresh Food
322253853,Tesco Chilli Dressed Spanish Olives with Cheese 420g,TESCO,5.0,11.9,kg,11.9,kg,5.7,per 100g,Fresh Food
320662867,Tesco Banoffee Sundae 125g,TESCO,1.5,12.0,kg,12.0,kg,4.7,per 100g,Fresh Food
320542917,Tesco Finest Dry Cured Ham on the Bone Slices 130g,TESCO finest,4.0,30.77,kg,30.77,kg,25.0,per 100g,Fresh Food
322541028, NOEL Iberico Cooked Ham 90g,NOEL,4.0,44.44,kg,44.44,kg,20.0,per 100g,Fresh Food
316796417,Tesco Simply Smashed Avocado - 100g,TESCO,1.2,12.0,kg,12.0,kg,1.5,per 100g,Fresh Food
313757213,Tesco Fresh Pickled Beetroot 300g,TESCO,1.0,3.33,kg,3.33,kg,1.3,per 100g,Fresh Food
317660205,Tesco Finest Smoked Vintage Red Fox 200g,TESCO finest,3.75,18.75,kg,18.75,kg,24.2,per 100g,Fresh Food
317758436,Tesco White Stilton With Mango & Ginger 180G,TESCO,3.15,17.5,kg,17.5,kg,15.6,per 100g,Fresh Food
322260280,Tesco Finest Chef’s Collection Masala spiced Beef Cheeks with Fiery Madras Sauce and Crispy Onion Sprinkle 862g,TESCO finest,17.5,20.3,kg,20.3,kg,15.1,per 100g,Fresh Food
320661914,Tesco Slower Grown Large Whole Chicken 1.4kg-1.8kg,TESCO,8.5,6.07,kg,6.07,kg,19.9,per 100g,Fresh Food
314832566,Tesco Pork Loin Steaks 1kg,TESCO,8.0,8.0,kg,8.0,kg,20.3,per 100g,Fresh Food
314591458,Tesco Finest Beef Stroganoff 550g,TESCO finest,7.95,14.46,kg,14.46,kg,17.1,per 100g,Fresh Food
322823507,Tesco Finest Chefs Collection Chicken Tikka Crown with a ​Tamarind & Date Chutney 810g,TESCO finest,15.0,18.52,kg,18.52,kg,23.9,per 100g,Fresh Food
317411829,Tesco Finest 2 Pork Shoulder Steaks 400g,TESCO finest,5.5,13.75,kg,13.75,kg,18.3,per 100g,Fresh Food
320664018,Tesco Finest Wild Garlic Crispy Chicken Kiev 395g,TESCO finest,7.5,18.99,kg,18.99,kg,17.2,per 100g,Fresh Food
322319990,Gu Key Lime Pie Cheesecake Dessert (2x70g),GU,3.95,28.21,kg,28.21,kg,3.1,per 100g,Fresh Food
320543444,Tesco Finest 0% Fat Greek Yoghurt 1KG ,TESCO finest,4.1,4.1,kg,4.1,kg,9.8,per 100g,Fresh Food
320799037,Tesco Finest Greek Yoghurt 1KG,TESCO finest,4.1,4.1,kg,4.1,kg,6.1,per 100g,Fresh Food
321948799,Tesco Finest Crisp & Herby Wild Garlic Haddock Kiev ,TESCO finest,7.0,18.42,kg,18.42,kg,13.2,per 100g,Fresh Food
322259000,Tesco Finest Slow Cooked Kerala Chicken Curry 536g ,TESCO finest,7.95,14.83,kg,14.83,kg,18.4,per 100g,Fresh Food
314308364,Tesco Italian Style Meatballs 600G,TESCO,6.85,11.42,kg,11.42,kg,10.7,per 100g,Fresh Food
323415914,Tesco Finest Chorizo & Chicken with a Creamy sherry and paprika sauce 400g,TESCO finest,6.5,16.25,kg,16.25,kg,22.0,per 100g,Fresh Food
317424031,Tesco 2 Gammon Steaks with Rarebit Cheese Melt 300g,TESCO,5.2,17.33,kg,17.33,kg,27.1,per 100g,Fresh Food
314836176,Tesco Pork Loin Medallion Steaks 400g,TESCO,4.55,11.38,kg,11.38,kg,22.4,per 100g,Fresh Food
322260308,Bonne Maman Chocolate Pot 2x115g,Bonne Maman,2.6,11.3,kg,11.3,kg,4.4,per 100g,Fresh Food
323646030,Tesco Finest Free Range British Chicken Thighs & Drumsticks 600g,TESCO finest,4.0,6.67,kg DR.WT,6.67,kg dr.wt,18.4,per 100g,Fresh Food
322324113,Gu Sticky Toffee Pudding Dessert (2x85g),GU,3.95,23.24,kg,23.24,kg,2.1,per 100g,Fresh Food
320550809,Tesco Fire Pit 10 Beef Burgers 920g NEW,FIRE PIT,8.0,8.7,kg,8.7,kg,18.8,per 100g,Fresh Food
316078706,Tesco 4 Char Sui Pork Loin Steaks 600g,TESCO,6.15,10.25,kg,10.25,kg,27.0,per 100g,Fresh Food
287259646,Tesco Fire Pit 6 Bbq Maple Pork Loin Steaks 600G,FIRE PIT,5.25,8.75,kg,8.75,kg,28.6,per 100g,Fresh Food
322323794,Tesco Finest Senga Strawberry & Heritage Raspberry 150g,TESCO finest,1.4,9.33,kg,9.33,kg,3.1,per 100g,Fresh Food
322239721,Tesco Finest Sicilian Lemon Curd Yogurt 150g,TESCO finest,1.4,9.33,kg,9.33,kg,3.2,per 100g,Fresh Food
315048637,Tesco Finest Red Grapes Seedless 500G,TESCO finest,2.6,5.2,kg,5.2,kg,0.6,per 100g,Fresh Food
315067796,Jaffa Candy Delight Grapes 500g,Jaffa,2.4,4.8,kg,4.8,kg,0.6,per 100g,Fresh Food
317293075,Tesco Finest Pork Cutlet 300-520g,TESCO finest,15.5,15.5,kg,15.5,kg,30.7,per 100g,Fresh Food
322156715,Tesco Finest Yogurt Caramelized Biscuit 150g,TESCO finest,1.0,6.67,kg,6.67,kg,2.9,per 100g,Fresh Food
322157973,Tesco Finest Yogurt Honey & Stem Ginger Yogurt 150g,TESCO finest,1.0,6.67,kg,6.67,kg,2.7,per 100g,Fresh Food
314839858,Tesco Beef Steaks with Peppercorn Sauce 320g,TESCO,7.3,22.81,kg,22.81,kg,25.0,per 100g,Fresh Food
322162010,Tesco Finest Slow Cooked Chicken Crown with Stuffing and Bacon 750g,TESCO finest,7.95,10.6,kg,10.6,kg,24.2,per 100g,Fresh Food
317538501,Tesco 2 Gammon Steaks with BBQ Glaze 300g,TESCO,5.2,17.33,kg,17.33,kg,18.6,per 100g,Fresh Food
313618839,Tesco Finest Sausage & Mash 400G,TESCO finest,4.5,11.25,kg,11.25,kg,5.5,per 100g,Fresh Food
320668803,Tesco Finest Tomahawk Pork Steak with 'Nduja and Sundried Tomato Melt  ,TESCO finest,15.0,15.0,kg,15.0,kg,26.1,per 100g,Fresh Food
321786362,Borough Broth Free-Range Organic Chicken Bone Broth 324g,BOROUGH BROTH,5.0,15.43,kg,15.43,kg,2.6,per 100g,Fresh Food
322444558,RENOURISH THRIVE Chicken and Vegetable Soup  500g,RE:NOURISH,3.0,6.0,kg,6.0,kg,3.0,per 100g,Fresh Food
322137335,RENOURISH RECOVER Classic Roast Chicken Soup 500g,RE:NOURISH,3.0,6.0,kg,6.0,kg,2.8,per 100g,Fresh Food
322323080,New Covent Garden Classic chicken Soup 1KG,NEW COVENT GARDEN,3.5,3.5,kg,3.5,kg,2.0,per 100g,Fresh Food
323007516,Tesco Finest Wiltshire Cured Pork Loin Steak with Caramelised Pineapple Salsa 400g,TESCO finest,6.0,15.0,kg,15.0,kg,21.6,per 100g,Fresh Food
320809309,Tesco Finest Signature King Kebab 800g,TESCO finest,8.75,10.94,kg,10.94,kg,21.8,per 100g,Fresh Food
322345635,Tesco Pork Loin Steaks600g,TESCO,5.5,9.17,kg,9.17,kg,21.0,per 100g,Fresh Food
314115085,Yorkshire Provender Chicken & Lentil Soup With B/Squash 560G,YORKSHIRE PROVENDER,3.5,6.25,kg,6.25,kg,3.1,per 100g,Fresh Food
314116988,Yorkshire Provender Roast Chicken Soup With Traditional Vegetables 560G,YORKSHIRE PROVENDER,3.5,6.25,kg,6.25,kg,3.5,per 100g,Fresh Food
322239859,Tesco Pork Chops 700g ,TESCO,4.49,6.41,kg,6.41,kg,20.6,per 100g,Fresh Food
317553718,Tesco Chicken Roast Dinner 400g,TESCO,3.95,9.88,kg,9.88,kg,10.1,per 100g,Fresh Food
313003607,Tesco Finest Chicken Madeira & Mushroom Rice 400G,TESCO finest,4.5,11.25,kg,11.25,kg,10.1,per 100g,Fresh Food
317295689,Tesco Finest Spanish Inspired Smoky Chorizo & Butterbean Soup 600g,TESCO finest,3.1,5.17,kg,5.17,kg,2.1,per 100g,Fresh Food
321828832,Tesco Pork Loin Steaks 480g,TESCO,3.29,6.85,kg,6.85,kg,21.0,per 100g,Fresh Food
323494139,New Covent Garden Soup Co Chicken & Sweetcorn 560g,NEW COVENT GARDEN,2.45,4.38,kg,4.38,kg,4.1,per 100g,Fresh Food
317205437,Tesco Finest Keralan Inspired Chicken Soup 600g,TESCO finest,3.1,5.17,kg,5.17,kg,2.8,per 100g,Fresh Food
322159406,Tesco Finest Pea & Ham 600g,TESCO finest,3.1,5.17,kg,5.17,kg,3.9,per 100g,Fresh Food
312709342,Tesco Finest Bourbon Pulled Beef With Creamy Mash 400G,TESCO finest,4.5,0.01,kg,0.01,kg,7.5,per 100g,Fresh Food
317537813,Tesco Lemon and Herb Chicken With Baby Roast Potatoes 400g,TESCO,3.5,8.75,kg,8.75,kg,8.4,per 100g,Fresh Food
317533725,Tesco Hunters Chicken with Potato Wedges 400g,TESCO,3.5,8.75,kg,8.75,kg,10.3,per 100g,Fresh Food
321671808,Tesco Chicken Noodle Soup 600g,TESCO,1.85,3.08,kg,3.08,kg,2.0,per 100g,Fresh Food
321764647,Tesco Chicken & Vegetable Soup 600g,TESCO,1.85,3.08,kg,3.08,kg,3.1,per 100g,Fresh Food
317556220,Hearty Food Company Cottage Pie 400g,HEARTY FOOD CO.,2.2,5.5,kg,5.5,kg,4.1,per 100g,Fresh Food
323412094,Tesco Sage & Onion Pork Steaks with Apple Sauce 330g,TESCO,4.5,13.64,kg,13.64,kg,21.2,per 100g,Fresh Food
313002767,Tesco Finest Beef Chianti & Rosemary Potatoes 400G,TESCO finest,4.5,11.25,kg,11.25,kg,7.2,per 100g,Fresh Food
313011036,Tesco Finest Beef Stroganoff With Rice 400G,TESCO finest,4.5,11.25,kg,11.25,kg,9.1,per 100g,Fresh Food
315254269,Tesco Fennel Each,TESCO,0.95,0.95,each,0.95,each,0.9,per 100g,Fresh Food
321326118,La Famiglia Rana Chicken & Mushroom Lasagne 700g,La Famiglia RANA,9.0,12.86,kg,12.86,kg,7.9,per 100g,Fresh Food
321226801,La Famiglia Rana Slow Cooked Braised Beef Lasagne 700g,La Famiglia RANA,9.0,12.86,kg,12.86,kg,9.5,per 100g,Fresh Food
317870057,Charlie Bigham's Spaghetti Bolognese for 1 360g,Charlie Bigham's,6.5,18.06,kg,18.06,kg,7.0,per 100g,Fresh Food
318278081,Tesco Calorie Controlled Mediterranean Style Vegetable Pasta 380g ,TESCO CALORIE CONTROLLED,3.5,9.21,kg,9.21,kg,3.3,per 100g,Fresh Food
321231823,Cathedral City Cheesy Gratin 350g,CATHEDRAL CITY,3.5,10.0,kg,10.0,kg,4.0,per 100g,Fresh Food
316438362,Tesco Finest Mac & Four Cheese 400g,TESCO,4.5,11.25,kg,11.25,kg,7.7,per 100g,Fresh Food
320675627,Tesco Finest Rigatoni all’Amatriciana 380g,TESCO finest,4.5,11.84,kg,11.84,kg,8.0,per 100g,Fresh Food
321222875,Cathedral City Cheesy Mash 350g,CATHEDRAL CITY,3.5,10.0,kg,10.0,kg,5.4,per 100g,Fresh Food
320402001,Tesco Greek Inspired Roast Chicken Breast Chunks 180g ,TESCO,3.25,18.06,kg,18.06,kg,21.9,per 100g,Fresh Food
320566394,Tesco Finest Piri-Piri Chicken & Rice 380g,TESCO finest,4.5,11.84,kg,11.84,kg,6.7,per 100g,Fresh Food
320557635,Tesco Finest Spaghetti Bolognese 400g,TESCO finest,4.5,11.25,kg,11.25,kg,9.3,per 100g,Fresh Food
321220082,Cathedral City Cauliflower Cheese 350g,CATHEDRAL CITY,3.5,10.0,kg,10.0,kg,5.2,per 100g,Fresh Food
320966335,Cathedral City Broccoli Cheese 350g,CATHEDRAL CITY,3.5,10.0,kg,10.0,kg,5.5,per 100g,Fresh Food
320806094,Tesco Finest Pesto Chicken Gnocchi 380g,TESCO finest,4.5,11.84,kg,11.84,kg,9.3,per 100g,Fresh Food
320561042,Tesco Finest Chicken Primavera Tortiglioni 380g,TESCO finest,4.5,11.84,kg,11.84,kg,8.5,per 100g,Fresh Food
321533898,The Wild Hare Fish Pie 350g,THE WILD Hare,5.5,15.71,kg,15.71,kg,8.3,per 100g,Fresh Food
321963953,Tesco Calorie Controlled Mushroom Risotto 380g,TESCO CALORIE CONTROLLED,3.5,9.21,kg,9.21,kg,2.7,per 100g,Fresh Food
321223044,Wotsits Mac n Cheese Extra Flamin' Hot 400g,WOTSITS,4.0,10.0,kg,10.0,kg,7.9,per 100g,Fresh Food
322060315,Tesco Calorie Controlled Chicken & Tomato Risotto 380g,TESCO CALORIE CONTROLLED,3.5,9.21,kg,9.21,kg,5.9,per 100g,Fresh Food
320669520,Tesco Finest Mushroom Risotto 380g,TESCO finest,4.5,11.84,kg,11.84,kg,4.9,per 100g,Fresh Food
320990616,Tesco Finest Roasted Aubergine Bake 380g,TESCO finest,4.5,11.84,kg,11.84,kg,2.8,per 100g,Fresh Food
316542128,Tesco Finest Lasagne Al Forno 400g,TESCO,4.5,11.25,kg,11.25,kg,10.8,per 100g,Fresh Food
322263910,THE GYM KITCHEN FOOD TO FUEL CHICKEN CARBONARA PASTA 400G,THE GYM KITCHEN,4.0,10.0,kg,10.0,kg,36.0,per 100g,Fresh Food
317852186,The Gym Kitchen Meat Feast Pasta 400g,THE GYM KITCHEN,4.0,10.0,kg,10.0,kg,35.0,per 100g,Fresh Food
322557177,Tesco Free From Pasta Bolognese 400g,TESCO free FROM,3.5,8.75,kg,8.75,kg,6.0,per 100g,Fresh Food
317198205,Heinz Spaghetti Carbonara 400G,HEINZ,2.0,5.0,kg,5.0,kg,3.6,per 100g,Fresh Food
316948622,"Tesco Chicken, Tomato & Bruschetta Pasta Bake 1.3kg",TESCO,8.5,6.54,kg,6.54,kg,8.4,per 100g,Fresh Food
322665233,Charlie Bigham's Calabrian Chicken & Roasted Potatoes 750g,Charlie Bigham's,9.95,13.27,kg,13.27,kg,7.4,per 100g,Fresh Food
317205446,Tesco Cheeseburger Pasta Bake 1.3kg,TESCO,8.5,6.54,kg,6.54,kg,8.5,per 100g,Fresh Food
321232730,La Famiglia Rana Prawn & Lobster Lasagne 650g,La Famiglia RANA,9.0,13.85,kg,13.85,kg,9.3,per 100g,Fresh Food
321340665,English Cheesecake Company Vanilla & Biscoff Cheesecake 484g,English Cheesecake Company,6.0,12.4,kg,12.4,kg,4.0,per 100g,Fresh Food
320808823,Tesco Finest 2 Triple Chocolate Ombre Cheesecake Slices 180g,TESCO finest,3.75,20.83,kg,20.83,kg,4.9,per 100g,Fresh Food
314826574,Tesco Tomato & Mozzarella Pasta Bake 750G,TESCO,4.3,5.73,kg,5.73,kg,5.7,per 100g,Fresh Food
317541168,Tesco Tray Bake Beef Hotpot 1.3kg,TESCO,8.5,6.54,kg,6.54,kg,5.7,per 100g,Fresh Food
318068180,Tesco Finest 2 Alphonso Mango & Passionfruit Cheesecake Slices 160g,TESCO finest,3.75,23.44,kg,23.44,kg,4.0,per 100g,Fresh Food
321212247,English Cheesecake Company Mint Chocolate Chip Cheesecake Bites 6 x 35g,English Cheesecake Company,3.25,15.48,kg,15.48,kg,4.6,per 100g,Fresh Food
307750546,Cully And Sully Chicken And Leek Risotto 400G,CULLY & SULLY,3.0,7.5,kg,7.5,kg,3.8,per 100g,Fresh Food
322748470,Tesco Finest Chicken Forestiere 370g,TESCO finest,7.5,20.27,kg,20.27,kg,22.6,per 100g,Fresh Food
322248088,Gu New York Cheesecake Dessert (2x70g),GU,2.95,21.07,kg,21.07,kg,3.6,per 100g,Fresh Food
315355720,Tesco Finest Purple Sprouting Broccoli 200g,TESCO finest,2.25,11.25,kg,11.25,kg,3.9,per 100g,Fresh Food
318092639,Tom Parker Creamery Free Range Single Cream 250ml,TOM PARKER CREAMERY,1.85,7.4,litre,7.4,litre,3.3,per 100g,Fresh Food
322846958,Tesco Finest Dine In Lemon & Mascarpone Cheesecake Slices 180g ,TESCO finest,3.5,19.44,kg,19.44,kg,4.1,per 100g,Fresh Food
323001413,Tesco Finest Dine In Roast Chicken & Pancetta Bake 700g ,TESCO finest,7.5,10.71,kg,10.71,kg,9.1,per 100g,Fresh Food
317311357,Nanna Tate Yummy Cheesy Mash Bake 400g,Nanna Tate,2.0,5.0,kg,5.0,kg,4.0,per 100g,Fresh Food
315380516,Tesco Rhubarb Fool 114G,TESCO,1.0,8.77,kg,8.77,kg,2.6,per 100g,Fresh Food
317766000,Nanna Tate Crunchy Roasts 450g,Nanna Tate,2.0,4.44,kg,4.44,kg,2.0,per 100g,Fresh Food
321039153,Tesco Potato Croquettes 220g ,TESCO,2.25,10.23,kg,10.23,kg,3.2,per 100g,Fresh Food
321666355,Tesco Hash Browns 240g,TESCO,2.4,10.0,kg,10.0,kg,3.2,per 100g,Fresh Food
320381595,Nanna Tate Super Scrumptious Mash 400g,Nanna Tate,1.3,3.25,kg,3.25,kg,2.4,per 100g,Fresh Food
321784617,Tesco Cheesy Chips with Grated Mozzarella & Cheddar 400g,TESCO,3.5,8.75,kg,8.75,kg,4.7,per 100g,Fresh Food
320977835,Tesco Sweet Potato & Potato Mash 450g,TESCO,1.5,3.33,kg,3.33,kg,1.8,per 100g,Fresh Food
321042298,Tesco Potatoes with Garlic Butter 400g,FIRE PIT,1.0,2.5,kg,2.5,kg,2.5,per 100g,Fresh Food
321118578,Tesco Mashed Potato 450g,TESCO,1.1,2.44,kg,2.44,kg,2.1,per 100g,Fresh Food
321112106,Tesco Baby Potatoes With Herb Butter 400g,TESCO,1.0,2.5,kg,2.5,kg,2.5,per 100g,Fresh Food
321968988,Huel Ready to drink Black Edition Chocolate Peanut Butter 500ml,Huel,3.8,7.6,litre,7.6,litre,6.8,per 100g,Fresh Food
317192528,Tesco Finest 5% Pork Mince 500g,TESCO finest,4.5,9.0,kg,9.0,kg,21.2,per 100g,Fresh Food
315242807,Muller Frijj Chocolate Milkshake 330ml,FRIJJ,1.5,4.54,litre,4.54,litre,3.7,per 100g,Fresh Food
314603423,Chocomel 750ml ,CHOCOMEL,2.75,3.67,litre,3.67,litre,3.4,per 100g,Fresh Food
317201519,"Tesco Pork, Mozzarella & Tomato Meatballs 336g",TESCO,4.0,11.9,kg,11.9,kg,17.1,per 100g,Fresh Food
322448341,Glow white chocolate collagen protein shake 250ml ,GLOW,2.5,10.0,litre,10.0,litre,11.0,per 100g,Fresh Food
322430943,Crosta Mollica Pizzelle Dough Bites – Garlic & Chive 180g,CROSTA & MOLLICA,3.95,21.94,kg,21.94,kg,6.6,per 100g,Fresh Food
322430488,The Gym Kitchen Chipotle Chicken & Rice 500g,THE GYM KITCHEN,4.75,9.5,kg,9.5,kg,59.0,per 100g,Fresh Food
316812679,Shaken Udder White Choc Protein Milkshake 330ml,SHAKEN UDDER,2.3,6.97,litre,6.97,litre,6.0,per 100g,Fresh Food
321783135,Butlers Goosnargh Gold Double Gloucester Cheese 250g,Butlers farmhouse Cheeses,4.5,18.0,kg,18.0,kg,24.9,per 100g,Fresh Food
315587232,Tesco BBQ Roast Chicken Mini Fillets 170g,TESCO,3.25,19.12,kg,19.12,kg,21.1,per 100g,Fresh Food
321112688,Tesco Reduced Fat Coleslaw 300g,TESCO,1.35,4.5,kg,4.5,kg,0.9,per 100g,Fresh Food
313174856,The Pizza Company Garlic Doughballs 165G,THE PIZZA COMPANY,3.4,20.61,kg,20.61,kg,8.1,per 100g,Fresh Food
320984325,Tesco Coleslaw 300g,TESCO,1.35,4.5,kg,4.5,kg,0.9,per 100g,Fresh Food
315154094,Muller Frijj Milkshake - Cookie Dough Flavour 330ml,FRIJJ,1.5,4.54,litre,4.54,litre,3.4,per 100g,Fresh Food
316429413,Muller Frijj Fudge Brownie Milkshake  950ML,FRIJJ,2.5,2.63,litre,2.63,litre,3.4,per 100g,Fresh Food
320983015,Tesco Coleslaw 500g,TESCO,1.65,3.3,kg,3.3,kg,0.9,per 100g,Fresh Food
314100085,The Real Milkshake Co. White Chocolate Flavoured Milk Drink 1 Litre ,The Real Milkshake Company,1.85,1.85,litre,1.85,litre,3.5,per 100g,Fresh Food
315232217,Muller Frijj  Fudge Brownie Milkshake 330ml,FRIJJ,1.5,4.54,litre,4.54,litre,3.4,per 100g,Fresh Food
314845430,Tesco 12 British Pork Meatballs 336g,TESCO,3.0,8.93,kg,8.93,kg,21.9,per 100g,Fresh Food
320982701,Tesco Plant Chef Coleslaw 250g,TESCO Plant Chef,1.45,5.8,kg,5.8,kg,1.1,per 100g,Fresh Food
315564288,Tesco Mango & Lime Roast Chicken Mini Fillets 170g,TESCO,3.25,19.12,kg,19.12,kg,25.0,per 100g,Fresh Food
321104099,Tesco Cheese Coleslaw 300g,TESCO,1.35,4.5,kg,4.5,kg,3.3,per 100g,Fresh Food
322157835,Eastmans Coleslaw 600g,EASTMAN'S,1.29,2.15,kg,2.15,kg,0.7,per 100g,Fresh Food
322063352,Tesco British Pork Mince 10% Fat 500g,TESCO,2.65,5.3,kg,5.3,kg,20.0,per 100g,Fresh Food
317417731,Tesco Pork Mince 20% Fat 500G,TESCO,2.4,4.8,kg,4.8,kg,18.0,per 100g,Fresh Food
316945887,Tesco Finest Barrel Aged Feta 250g,TESCO finest,4.4,17.6,kg DR.WT,17.6,kg dr.wt,15.8,per 100g,Fresh Food
316318504,Tesco Finest Italian Sharing Platter 243g,TESCO finest,6.0,24.69,kg,24.69,kg,25.0,per 100g,Fresh Food
317396512,Charlie Bigham's Thai Green Chicken Curry & Fragrant Rice 403g,Charlie Bigham's,6.5,16.13,kg,16.13,kg,6.6,per 100g,Fresh Food
291244715,Charlie Bigham's Moussaka 340G,Charlie Bigham's,6.5,19.12,kg,19.12,kg,8.2,per 100g,Fresh Food
322157679,Charlie Bigham's Chilli Con Carne & Mexican Rice 420g,Charlie Bigham's,6.5,15.48,kg,15.48,kg,6.6,per 100g,Fresh Food
321340348,Mexicana Original Spicy Cheddar Cheese 185g,MEXICANA,2.75,14.86,kg,14.86,kg,23.5,per 100g,Fresh Food
313375699,Tesco Finest Thai Green Chicken Curry Coconut Jasmine Rice 400g,TESCO finest,4.5,11.25,kg,11.25,kg,7.9,per 100g,Fresh Food
315155507,Cathedral City Smoked Cheddar Block 300g,CATHEDRAL CITY,3.75,12.5,kg,12.5,kg,25.4,per 100g,Fresh Food
314409740,Tesco Finest Chicken Jalfrezi & Butter Cumin Rice 400G,TESCO finest,4.5,11.84,kg,11.84,kg,7.8,per 100g,Fresh Food
313166630,Tesco Finest Thai Red Chicken Curry with Coconut Jasmin Rice 400g,TESCO finest,4.5,11.25,kg,11.25,kg,7.6,per 100g,Fresh Food
314313697,Yamas! Authentic Cypriot Halloumi Pdo 200G,YAMAS,3.0,15.0,kg,15.0,kg,22.0,per 100g,Fresh Food
316421427,"Tesco Finest Chicken, Prawn & Chorizo Paella 400g",TESCO finest,4.5,11.25,kg,11.25,kg,6.1,per 100g,Fresh Food
313739638,Tesco Finest Chicken Chow Mein 380G,TESCO finest,4.5,11.84,kg,11.84,kg,7.6,per 100g,Fresh Food
314585760,Tesco Finest Jewelled Chicken Biryani 380g,TESCO finest,4.5,11.84,kg,11.84,kg,7.4,per 100g,Fresh Food
314578878,Tesco Finest Chicken Korma with Butter Cumin Rice 400g,TESCO finest,4.5,11.25,kg,11.25,kg,8.5,per 100g,Fresh Food
315852189,Tesco Edam Cheese 300g,TESCO,3.2,10.67,kg,10.67,kg,26.0,per 100g,Fresh Food
322437435,Crazy Jack Organic Soft Dates 200g,Crazy Jack,3.0,15.0,kg,15.0,kg,3.3,per 100g,Fresh Food
316061288,Tesco Finest Beef Shanghai Style Noodles 380g,TESCO finest,4.5,11.84,kg,11.84,kg,6.3,per 100g,Fresh Food
314712305,Tesco Finest Chicken Tikka Masala Saffron Pilau Rice 400G,TESCO finest,4.5,11.25,kg,11.25,kg,7.0,per 100g,Fresh Food
321951748,Tesco Finest Keralan Style Chicken Curry with Butter Cumin Rice 380g,TESCO finest,4.5,11.84,kg,11.84,kg,6.8,per 100g,Fresh Food
318168384,Tesco Finest Chocolate Melt in the Middle Pudding Kit 275g,TESCO,3.5,12.73,kg,12.73,kg,6.9,per 100g,Fresh Food
322552361,Scrapples Crunchy Plain Apple Crisps Multipack (5x12g) ,SCRaPPLeS,2.95,49.17,kg,49.17,kg,1.7,per 100g,Fresh Food
322549014,Scrapples Crunchy Apple Crisps with a squeeze of Strawberry Multipack (5x12g) ,SCRaPPLeS,2.95,49.17,kg,49.17,kg,1.8,per 100g,Fresh Food
316298054,Tesco Finest Spanish Style Chicken with Patatas Bravas 400g,TESCO finest,4.5,11.25,kg,11.25,kg,9.1,per 100g,Fresh Food
322839011,Discoveries Cumin Glow 170g,DISCOVERIES,3.5,20.59,kg,20.59,kg,24.4,per 100g,Fresh Food
316542217,YAMAS! Whipped Feta 150g,YAMAS,2.5,16.67,kg,16.67,kg,11.0,per 100g,Fresh Food
317862272,Apetina Original White Cheese In Brine 410G,APETINA,2.65,13.25,kg DR.WT,13.25,kg dr.wt,14.0,per 100g,Fresh Food
322646642,Boursin Blue Cheese Flavour 150g ,boursin,2.95,19.67,kg,19.67,kg,8.5,per 100g,Fresh Food
315378105,Unearthed Italian Antipasto Platter 95g ,unearthed,4.0,42.1,kg,42.1,kg,,,Fresh Food
314305047,Tesco Finest Samphire 90g,TESCO finest,1.7,18.89,kg,18.89,kg,1.1,per 100g,Fresh Food
313852682,Tesco Finest Exotic Mixed Mushrooms 150G,TESCO finest,2.15,14.33,kg,14.33,kg,1.0,per 100g,Fresh Food
317296596,Tesco Cheddar With Garlic & Herbs 180G,TESCO,3.15,17.5,kg,17.5,kg,22.8,per 100g,Fresh Food
278857608,Tranos Greek Feta 200G,PRESIDENT,1.69,8.45,kg,8.45,kg,17.0,per 100g,Fresh Food
321845765,Tesco Finest Spanish Style Tapas Platter 155g,TESCO finest,4.0,25.81,kg,25.81,kg,24.7,per 100g,Fresh Food
320404016,Tesco Finest St Louis Style Pork Rib with Carolina Style BBQ Sauce 510g,TESCO finest,8.5,16.67,kg,16.67,kg,22.8,per 100g,Fresh Food
314119737,Tesco Slow Cooked Smoky BBQ Pulled Pork 410g ,TESCO,5.6,13.66,kg,13.66,kg,23.1,per 100g,Fresh Food
315743508,Tesco Breaded Chicken Goujons 540g,TESCO,4.5,8.33,kg,8.33,kg,14.7,per 100g,Fresh Food
314300286,Tesco Slow Cooked Large Smoky BBQ Pulled Pork 700g ,TESCO,6.55,9.36,kg,9.36,kg,24.8,per 100g,Fresh Food
315845486,Tesco Tempura Chicken Nuggets 300g,TESCO,3.5,11.67,kg,11.67,kg,13.5,per 100g,Fresh Food
315850986,Tesco Free From Breaded Chicken Goujons 270g,TESCO free FROM,3.85,14.26,kg,14.26,kg,13.3,per 100g,Fresh Food
322340341,The Jolly Hog Smoked BBQ Pork Shoulder 394g,THE JOLLY HOG,5.75,14.59,kg,14.59,kg,13.6,per 100g,Fresh Food
315860496,Tesco Breaded Chicken Poppers 300g,TESCO,3.5,11.67,kg,11.67,kg,16.6,per 100g,Fresh Food
323412514,Tesco Finest Slow Cooked Pork Belly Burnt Ends in a Sweet Honey BBQ Pit Rub & Texas Style Tang Mop Glaze 410G,TESCO finest,10.0,24.39,kg,24.39,kg,22.1,per 100g,Fresh Food
323016540,Tesco Finest 2 Wiltshire Cured Pork Loin Steak with Canadian Maple Glaze 400g,TESCO finest,6.0,15.0,kg,15.0,kg,23.8,per 100g,Fresh Food
313731937,Tesco Fire Pit 4 Sweet & Smoky Pork Kebabs 340G,FIRE PIT,5.0,14.71,kg,14.71,kg,25.2,per 100g,Fresh Food
313525131,"Tesco Fire Pit 4 Pork, Mozzarella & Tomato Kebabs 400G",FIRE PIT,5.0,12.5,kg,12.5,kg,17.1,per 100g,Fresh Food
323303955,Tesco Fire Pit Hot Honey Pork Belly Slices 400G,FIRE PIT,5.0,12.5,kg,12.5,kg,25.0,per 100g,Fresh Food
323326956,Tesco Firepit Piri Piri Pork Riblets 380g,FIRE PIT,5.0,13.16,kg,13.16,kg,25.7,per 100g,Fresh Food
314686116,Tesco Sweet BBQ Pulled Pork 410g ,TESCO,5.6,13.66,kg,13.66,kg,22.3,per 100g,Fresh Food
315394650,Tesco Breaded Chicken Goujons 270g,TESCO,2.5,9.26,kg,9.26,kg,14.7,per 100g,Fresh Food
315737954,Tesco Southern Fried Chicken Goujons 270g,TESCO,2.5,9.26,kg,9.26,kg,12.9,per 100g,Fresh Food
315462184,Tesco Crispy Chicken Bites 300g,TESCO,4.2,14.0,kg,14.0,kg,16.7,per 100g,Fresh Food
321949032,Tesco Breaded Buffalo Chicken Bites 300g,TESCO,4.2,14.0,kg,14.0,kg,18.0,per 100g,Fresh Food
322044830,Tesco Cauliflower Cheese 600G,TESCO,2.95,4.92,kg,4.92,kg,4.8,per 100g,Fresh Food
322042383,Tesco Ranch Style Dip 90g,TESCO,1.25,13.89,kg,13.89,kg,1.2,per 100g,Fresh Food
317302498,Tesco Finest Garlic Mushroom Medley 300g,TESCO finest,3.3,11.0,kg,11.0,kg,3.3,per 100g,Fresh Food
322262519,Tesco Southern style Gravy Mayo Dip 90g,TESCO,1.25,13.89,kg,13.89,kg,1.4,per 100g,Fresh Food
322157760,Tesco Finest Green Vegetable Gratin 300g,TESCO finest,3.3,11.0,kg,11.0,kg,6.7,per 100g,Fresh Food
321943171,Tesco Hot Honey Dip 90g,TESCO,1.25,13.89,kg,13.89,kg,0.5,per 100g,Fresh Food
314841405,Tesco Slow Cooked Chinese BBQ Spare Ribs 400g,TESCO,5.6,14.0,kg,14.0,kg,22.8,per 100g,Fresh Food
323511748,"TESCO finest Chef's Collection Birria Spiced Beef Cheeks with Corn Puree, Pink Pickled Onions and Jalapeño Aioli 770g",TESCO finest,17.5,22.73,kg,22.73,kg,15.4,per 100g,Fresh Food
317405097,Tesco Finest Aged Yorkshire Wensleydale Cheese 300g,TESCO finest,4.7,15.67,kg,15.67,kg,23.7,per 100g,Fresh Food
323330305,Tesco Finest Slow Cooked Pastrami Smoked Beef Shortrib with a Texas Style Reserve BBQ Glaze 478G,TESCO finest,15.0,31.38,kg,31.38,kg,23.7,per 100g,Fresh Food
320816358,Tesco Fire Pit Sweet and Smoky BBQ Chicken Drumsticks 900g,FIRE PIT,5.25,5.83,kg,5.83,kg,23.8,per 100g,Fresh Food
315733388,Tesco BBQ Roast Chicken Drumsticks 430g,TESCO,3.75,8.72,kg,8.72,kg,26.2,per 100g,Fresh Food
315353054,Tesco Roast Chicken Drumsticks 430g,TESCO,3.75,8.72,kg,8.72,kg,31.0,per 100g,Fresh Food
314849011,Tesco Slow Cooked Tennesse Style Boneless Beef 370g,TESCO,5.6,15.14,kg,15.14,kg,23.6,per 100g,Fresh Food
314834414,Tesco Sweet BBQ Ribs 460g ,TESCO,5.0,10.87,kg,10.87,kg,24.8,per 100g,Fresh Food
322997122,Tesco Finest Slow Cooked Smoked Pork Rib in a Sweet Honey BBQ Pit Rub & Southern House BBQ Glaze 618G,TESCO finest,10.0,16.18,kg,16.18,kg,23.0,per 100g,Fresh Food
315077997,La Famiglia Rana Spinach & Mozzarella Filled Gnocchi 280G,La Famiglia RANA,3.0,10.71,kg,10.71,kg,6.0,per 100g,Fresh Food
323415920,Tesco Finest Red Thai Style Pork Belly Slices 500g,TESCO finest,6.0,12.0,kg,12.0,kg,26.1,per 100g,Fresh Food
316654203,La Famiglia Rana Garlic & Mozzarella Gnocchi 280g,La Famiglia RANA,3.0,10.71,kg,10.71,kg,7.0,per 100g,Fresh Food
321528323,Clawson Farms Dormouse's Delight Wensleydale with Cranberries Elderflower & Marmalade 200g,CLAWSON FARMS,5.5,27.5,kg,27.5,kg,17.7,per 100g,Fresh Food
320384793,Tesco Greek Inspired Chicken Thigh Strips 180g,TESCO,3.25,18.06,kg,18.06,kg,23.7,per 100g,Fresh Food
322844413,Tesco Finest Rump Smash Beef Burgers 300G,TESCO finest,4.5,15.0,kg,15.0,kg,22.6,per 100g,Fresh Food
314701324,Tesco Slow Cooked Large Classic BBQ Ribs 646g,TESCO,6.35,9.83,kg,9.83,kg,22.2,per 100g,Fresh Food
320687642,Tesco Shawarma Style Chicken Thigh Strips 180g ,TESCO,3.25,18.06,kg,18.06,kg,23.9,per 100g,Fresh Food
315234117,Muller Frijj Strawberry Milkshake 330ml,FRIJJ,1.5,4.54,litre,4.54,litre,3.7,per 100g,Fresh Food
317402267,Yop Raspberry Flavour Yogurt Drink 825g,Yoplait,2.0,2.42,kg,2.42,kg,3.0,per 100g,Fresh Food
316789723,The Real Milkshake Co. Raspberry Ripple Flavour Milk Drink 1 Litre,The Real Milkshake Company,1.85,1.85,litre,1.85,litre,3.6,per 100g,Fresh Food
323489676,"Tesco Finest Chef's Collection Aromatic Beef Featherblade with Bean Salsa, Sweet & Sour Pepper Sauce &Mojo Verde 1.03kg",TESCO finest,17.5,16.99,kg,16.99,kg,15.5,per 100g,Fresh Food
317662557,Tesco Creamy Wensleydale With Cranberry 180G,TESCO,3.15,17.5,kg,17.5,kg,17.0,per 100g,Fresh Food
315451139,Tesco Roast Chicken Thighs 450g,TESCO,4.0,8.89,kg,8.89,kg,24.6,per 100g,Fresh Food
323436492,Tesco Fire Pit 10 Smoky BBQ Pork hot dogs 600g,FIRE PIT,5.0,8.33,kg,8.33,kg,13.8,per 100g,Fresh Food
316070231,Tesco Firepit Smoky BBQ Burnt Ends 340g,TESCO,5.0,14.71,kg,14.71,kg,31.0,per 100g,Fresh Food
314833784,Tesco Smoky BBQ Rib Rack 460g ,TESCO,5.0,10.87,kg,10.87,kg,23.7,per 100g,Fresh Food
266420677,Tesco Ripen At Home Bananas 5 Pack,TESCO,0.78,0.16,each,0.16,each,1.2,per 100g,Fresh Food
314428665,Tesco Duck & Pancakes & Cherry Hoisin Sauce 720G,TESCO,11.5,15.97,kg,15.97,kg,16.0,per 100g,Fresh Food
322248969,The Real Seafood Co. 16 Cocktail Blinis 135g,REAL SEAFOOD CO.,2.65,19.63,kg,19.63,kg,3.9,per 100g,Fresh Food
323768715,Gressingham Duck Breasts in Red Wine and Cherry Sauce 400g,Gressingham,7.5,18.75,kg,18.75,kg,18.0,per 100g,Fresh Food
316547958,Gressingham Bistro Style Duck Legs with Port & Orange Sauce 530g,Gressingham,6.75,12.74,kg,12.74,kg,15.0,per 100g,Fresh Food
315150478,Muller Corner Plant Based Yoghurt Crunchy Chocolate Balls 125g,Müller,1.35,10.8,kg,10.8,kg,2.6,per 100g,Fresh Food
322650901,Gressingham Aromatic Shredded Duck 210g,Gressingham,4.0,19.05,kg,19.05,kg,16.0,per 100g,Fresh Food
321345061,The Lions Kingdom Ostrich Fillet Steak x2 250g,THE LIONS KINGDOM,5.25,21.0,kg,21.0,kg,26.2,per 100g,Fresh Food
322827123,Tesco Finest Confit Duck Legs With Port & Morello Cherry Glaze 505g,TESCO finest,7.5,14.85,kg,14.85,kg,23.0,per 100g,Fresh Food
312567261,Fage Fruits Thick & Smooth Strained Yoghurt - Mango & Passion Fruit 380g,FAGE,2.95,7.76,kg,7.76,kg,7.3,per 100g,Fresh Food
312216343,Fage Fruits Strawberry Strained Yoghurt 380g,FAGE,2.95,7.76,kg,7.76,kg,7.3,per 100g,Fresh Food
322642992,Gressingham Duck Liver 300g,Gressingham,2.0,6.67,kg,6.67,kg,20.0,per 100g,Fresh Food
315562768,Tesco Pork Cocktail Sausages 70 Pack 560g,TESCO,3.0,5.36,kg,5.36,kg,12.6,per 100g,Fresh Food
313378108,Fire Pit 2 Minted Lamb Leg Steaks 250g,FIRE PIT,5.0,20.0,kg,20.0,kg,25.6,per 100g,Fresh Food
315384380,Tesco Garlic 4 Pack,TESCO,0.87,0.22,each,0.22,each,7.9,per 100g,Fresh Food
310657549,Tesco 2 Harissa Style Lamb Leg Steaks 250G,TESCO,5.0,20.0,kg,20.0,kg,28.0,per 100g,Fresh Food
313750606,Tesco Finest Tabbouleh with Mint & Herb Dressing 235g,TESCO finest,3.75,15.96,kg,15.96,kg,4.4,per 100g,Fresh Food
315860421,Tesco Hot & Spicy Roast Chicken Wings 525g,TESCO,4.7,8.95,kg,8.95,kg,25.1,per 100g,Fresh Food
317190162,Tesco 4 Classic Dips 500g,TESCO,3.25,6.5,kg,6.5,kg,1.6,per 100g,Fresh Food
295710307,Heineken 0.0 Alcohol Free Beer 4X330ml,Heineken,6.0,4.54,litre,4.54,litre,0.0,per 100g,Fresh Food
315745909,Tesco BBQ Roast Chicken Wings 525g,TESCO,4.7,8.95,kg,8.95,kg,25.9,per 100g,Fresh Food
323312264,Tesco Finest Pork Fillet Medallions with Creamy Mushroom Sauce 410g ,TESCO finest,6.5,15.85,kg,15.85,kg,21.0,per 100g,Fresh Food
321771212,Tesco Finest Signature Cure 10 Alderwood Smoked Streaky Bacon 200g,TESCO finest,4.0,20.0,kg,20.0,kg,18.1,per 100g,Fresh Food
317209442,Tesco Finest Baby Tomatoes on the Vine 400g,TESCO finest,3.3,8.25,kg,8.25,kg,1.1,per 100g,Fresh Food
316806140,The Real Greek Tzatziki 200g,THE REAL GREEK,2.5,12.5,kg,12.5,kg,,,Fresh Food
322750587,Azura Sun Gems Mixed Baby Tomatoes 250g,Azura,1.75,7.0,kg,7.0,kg,1.1,per 100g,Fresh Food
312836438,Tesco Finest Cinsault Rose 75Cl,TESCO finest,8.75,11.67,litre,11.67,litre,0.0,per 100g,Fresh Food
315075509,Tesco Cucumber With Soured Cream & Chive Dip 120g,TESCO,1.5,12.5,kg,12.5,kg,0.8,per 100g,Fresh Food
321217000,Tesco Taramasalata 200g,TESCO,1.3,6.5,kg,6.5,kg,2.5,per 100g,Fresh Food
320685155,Tesco Chicken Wings 1KG,TESCO,2.19,2.19,kg,2.19,kg,19.1,per 100g,Fresh Food
312348117,Tesco Finest Sauvignon Blanc 75Cl,TESCO finest,8.75,11.67,litre,11.67,litre,0.0,per 100g,Fresh Food
322842847,Azura Sun Joy Baby Plum Tomatoes 250g,Azura,1.25,5.0,kg,5.0,kg,1.1,per 100g,Fresh Food
316644025,Tesco Organic Sweet Gem,TESCO,1.7,1.7,each,1.7,each,1.2,per 100g,Fresh Food
320684271,Tesco British Chicken Drumstick Fillets 600g ,TESCO,2.95,4.92,kg,4.92,kg,17.6,per 100g,Fresh Food
313968087,Tesco Cherry Tomatoes 300G,TESCO,1.0,3.33,kg,3.33,kg,1.1,per 100g,Fresh Food
271028017,HEINEKEN BOTTLES 4X330ML,Heineken,6.5,4.92,litre,4.92,litre,,,Fresh Food
314119392,Tesco Baby Plum Tomatoes 300G,TESCO,0.9,3.0,kg,3.0,kg,1.1,per 100g,Fresh Food
322245915,Tesco Organic Little Gem Twin Pack,TESCO ORGANIC,1.5,0.75,each,0.75,each,1.2,per 100g,Fresh Food
320565366,Tesco Buffalo Ranch Dip 200g,TESCO,1.3,6.5,kg,6.5,kg,1.5,per 100g,Fresh Food
312852856,Tesco Finest Malbec 75Cl,TESCO finest,8.75,11.67,litre,11.67,litre,0.0,per 100g,Fresh Food
316557566,Sokolow Sopocka Loin 400g,SOKOLOW,5.25,13.12,kg,13.12,kg,18.0,per 100g,Fresh Food
323159042,Tesco Fire Pit 10 Smash Beef Burger 850g,TESCO,8.0,9.41,kg,9.41,kg,14.8,per 100g,Fresh Food
316947827,Morliny Slazerki 240g,MORLINY,2.95,12.29,kg,12.29,kg,16.0,per 100g,Fresh Food
316079066,Tesco Finest 2 Pork And Bramley Apple Burgers 300G,TESCO finest,3.3,11.0,kg,11.0,kg,13.1,per 100g,Fresh Food
322998265,Tesco 2 British beef half pounder Burger 454g,TESCO,4.0,8.81,kg,8.81,kg,18.9,per 100g,Fresh Food
323317034,Tesco Finest Pulled Pork & Monterey Jack Melting Middle Burgers 300g,TESCO finest,3.5,11.67,kg,11.67,kg,15.9,per 100g,Fresh Food
321531007,THE LIONS KINGDOM OSTRICH BURGERS 240G,THE LIONS KINGDOM,3.0,12.5,kg,12.5,kg,19.4,per 100g,Fresh Food
317310298,Krakus Szynka Od Szwagra Pork Ham 90g,KRAKUS,1.55,17.22,kg,17.22,kg,19.0,per 100g,Fresh Food
322654753,Tesco Finest Hot Honey Smash Beef Burgers 300G,TESCO finest,4.5,15.0,kg,15.0,kg,21.7,per 100g,Fresh Food
322143385,Tesco Finest Dry Aged Aberdeen Angus Beef Burgers 340G,TESCO finest,5.5,16.18,kg,16.18,kg,19.4,per 100g,Fresh Food
316797108,Dunareu Delicatete Chicken & Pork Sausage 500g,DUNAREU DELICATE,3.25,6.5,kg,6.5,kg,10.0,per 100g,Fresh Food
323151131,TESCO finest Cherrywood Smoked Beef Aberdeen Angus Beef Burgers 340g,TESCO finest,5.5,16.18,kg,16.18,kg,25.0,per 100g,Fresh Food
316938277,Krakus Parowki Z Piersi Kurczaka Chicken Sausage 200g,KRAKUS,1.9,9.5,kg,9.5,kg,16.0,per 100g,Fresh Food
317286055,Berlinki Sq Kabanosy Classic 85g,BERLINKI,1.75,20.59,kg,20.59,kg,23.0,per 100g,Fresh Food
282442080,Sokolow Grandma Smoked Ham Slice 140G,SOKOLOW,2.2,15.71,kg,15.71,kg,17.0,per 100g,Fresh Food
317558840,"Berlinki Kids Chicken Hotdog, 130g",BERLINKI,1.35,10.38,kg,10.38,kg,13.0,per 100g,Fresh Food
302290700,Tesco Maris Piper Potatoes 2Kg,TESCO,1.8,0.9,kg,0.9,kg,1.8,per 100g,Fresh Food
302354234,Tarczynski Chicken Hot Dogs 180G,TARCZYNSKI,1.75,9.72,kg,9.72,kg,,,Fresh Food
320383713,Tesco 4 Quarter Pounder Beef Burger 454g,TESCO,4.0,8.81,kg,8.81,kg,18.9,per 100g,Fresh Food
321840799,Tesco All Rounder Potatoes 5kg,TESCO,4.0,0.8,kg,0.8,kg,1.8,per 100g,Fresh Food
317190922,Tesco Finest Funghi e Tartufo 470g,TESCO finest,6.0,12.77,kg,12.77,kg,9.7,per 100g,Fresh Food
322537374,Pizza Express American Hot Pepperoni & Jalapeno 230g,PIZZA EXPRESS,5.5,23.91,kg,23.91,kg,11.3,per 100g,Fresh Food
322338915,Crosta Mollica Collezione Romana Bolzano Pizza - Salsiccia & Red Onion 491g,CROSTA & MOLLICA,8.5,17.31,kg,17.31,kg,9.0,per 100g,Fresh Food
317654121,Tesco Finest Il Picante 490g ,TESCO finest,6.0,12.24,kg,12.24,kg,11.0,per 100g,Fresh Food
320988672,Pizza Express Hawaiian Ham & Pineapple Pizza 267g,PIZZA EXPRESS,5.5,20.6,kg,20.6,kg,12.1,per 100g,Fresh Food
317297975,Crosta & Mollica Margherita Pizza 403g,CROSTA & MOLLICA,6.25,15.51,kg,15.51,kg,10.4,per 100g,Fresh Food
314302612,Pizza Express Sloppy Giuseppe 292G,PIZZA EXPRESS,5.5,18.84,kg,18.84,kg,10.4,per 100g,Fresh Food
316200430,Pizza Express BBQ Chicken & Red Onion Pizza 272g,PIZZA EXPRESS,5.5,20.22,kg,20.22,kg,12.7,per 100g,Fresh Food
322441636,Crosta Mollica Gluten Free Margherita Pizza 325g,CROSTA & MOLLICA,6.25,19.23,kg,19.23,kg,7.5,per 100g,Fresh Food
320977795,Crosta & Mollica Salami Napoli Sourdough Pizza 413g,CROSTA & MOLLICA,6.25,15.13,kg,15.13,kg,10.0,per 100g,Fresh Food
317666372,Crosta & Mollica Fiorentina Pizza 453g,CROSTA & MOLLICA,6.25,13.8,kg,13.8,kg,8.8,per 100g,Fresh Food
317658860,Crosta & Mollica Stromboli Spicy Salami Sourdough Pizza 447g,CROSTA & MOLLICA,6.25,13.98,kg,13.98,kg,11.9,per 100g,Fresh Food
317201341,Crosta & Mollica Regina Pizza 448g,CROSTA & MOLLICA,6.25,13.95,kg,13.95,kg,10.0,per 100g,Fresh Food
320989377,Tesco Finest Margherita Wood Fired Pizza 410g,TESCO finest,4.75,11.58,kg,11.58,kg,12.0,per 100g,Fresh Food
320554425,Tesco Finest Italian Meats Wood Fired Pizza 405g,TESCO finest,4.75,11.73,kg,11.73,kg,13.2,per 100g,Fresh Food
320987696,Tesco Finest Ham Mushroom Mascarpone Woodfired Pizza 450g,TESCO finest,4.75,10.56,kg,10.56,kg,11.1,per 100g,Fresh Food
320963626,Tesco Finest Chicken Parmigiana Wood Fired Pizza 450g,TESCO finest,4.75,10.56,kg,10.56,kg,12.1,per 100g,Fresh Food
320982321,Tesco Finest Salsiccia Piccante with Hot Honey Wood Fired Pizza 410g,TESCO finest,4.75,11.58,kg,11.58,kg,11.9,per 100g,Fresh Food
320984584,Ramona's Heavenly Houmous Spicy Selection 300g,Ramona's,3.25,10.83,kg,10.83,kg,,,Fresh Food
320667695,Tesco Finest Sicilian Lemon & King Prawn Wood Fired Pizza 406g,TESCO finest,4.75,11.7,kg,11.7,kg,11.6,per 100g,Fresh Food
317644035,Tesco Stonebaked Classic Margherita Pizza 306g,TESCO,3.25,10.62,kg,10.62,kg,13.1,per 100g,Fresh Food
317656827,Tesco Stonebaked Four Cheese Feast Pizza 290g,TESCO,3.25,11.21,kg,11.21,kg,12.1,per 100g,Fresh Food
317645457,Tesco Stonebaked Pesto Veggie Pizza 359g,TESCO,3.25,9.05,kg,9.05,kg,9.6,per 100g,Fresh Food
322442192,The Pizza Company El Nacho Beef Pizza 535g,THE PIZZA COMPANY,5.35,10.0,kg,10.0,kg,10.8,per 100g,Fresh Food
314417091,The Pizza Company The Italian Job Pizza 510g,THE PIZZA COMPANY,5.35,10.49,kg,10.49,kg,11.2,per 100g,Fresh Food
317647090,Tesco Stonebaked The American Pepperoni Pizza 311g,TESCO,3.25,10.45,kg,10.45,kg,12.5,per 100g,Fresh Food
317546819,"Tesco Stonebaked ""The Hawaiian"" Ham & Pineapple Pizza 351g",TESCO,3.25,9.26,kg,9.26,kg,11.1,per 100g,Fresh Food
321775070,Berlinki Classic Hotdog 300g,BERLINKI,2.0,6.67,kg,6.67,kg,13.0,per 100g,Fresh Food
316658032,The Pizza Company The Big Cheese Stuffed Crust Pizza 611G,THE PIZZA COMPANY,5.35,8.76,kg,8.76,kg,12.7,per 100g,Fresh Food
322052457,Tesco Stonebaked American Hot 319g,TESCO,3.25,10.19,kg,10.19,kg,11.4,per 100g,Fresh Food
317181985,Tesco Stonebaked BBQ Chicken Pizza 341g,TESCO,3.25,9.53,kg,9.53,kg,12.8,per 100g,Fresh Food
321122048,Sokolow Smokehouse Pork Loin Slices 150g,SOKOLOW,2.6,17.33,kg,17.33,kg,25.0,per 100g,Fresh Food
313520758,The Pizza Company Bbq Chicken & Bacon Bonanza 525G,THE PIZZA COMPANY,5.35,10.19,kg,10.19,kg,13.0,per 100g,Fresh Food
316929392,Tesco Stonebaked Mighty Meat Feast Pizza 327g,TESCO,3.25,9.94,kg,9.94,kg,13.2,per 100g,Fresh Food
322341311,The Pizza Company Meat Metropolis Pizza 497g,THE PIZZA COMPANY,5.35,10.76,kg,10.76,kg,13.2,per 100g,Fresh Food
316314802,The Pizza Company Pepperoni Party Stuffed Crust Pizza 613G,THE PIZZA COMPANY,5.35,8.73,kg,8.73,kg,15.2,per 100g,Fresh Food
315144209,Unearthed Mini Cooking Chorizo Sausages 190g ,unearthed,4.25,22.37,kg,22.37,kg,16.0,per 100g,Fresh Food
321941565,Unearthed Iberico Chorizo & Cheese Rosca 420g,unearthed,5.5,13.1,kg,13.1,kg,9.4,per 100g,Fresh Food
317863242,The Jolly Hog Smoked Streaky Bacon 180g,THE JOLLY HOG,3.75,20.83,kg,20.83,kg,18.7,per 100g,Fresh Food
316055244,Tesco Organic Cooked & Peeled King Prawns 150g,TESCO ORGANIC,4.95,33.0,kg,33.0,kg,19.0,per 100g,Fresh Food
321969060,Tesco Finest Slow Cooked Black Dhal 250g,TESCO finest,3.5,14.0,kg,14.0,kg,4.9,per 100g,Fresh Food
314595727,Tesco Beetroot Salad 300g,TESCO,1.9,6.33,kg,6.33,kg,0.6,per 100g,Fresh Food
317191921,Cypressa Halloumi Cheese 200g,CYPRESSA,2.75,13.75,kg,13.75,kg,20.7,per 100g,Fresh Food
316657465,Holy Moly Smashed Avocado 3 x 57g,HOLY MOLY,2.65,15.5,kg,15.5,kg,2.2,per 100g,Fresh Food
317540221,Holy Moly Smashed Avocado 150g,HOLY MOLY,2.35,15.67,kg,15.67,kg,2.2,per 100g,Fresh Food
321852612,Tesco Finest 2 Mini Plain Naans,TESCO finest,2.3,1.15,each,1.15,each,7.6,per 100g,Fresh Food
316539907,Tesco Smashed Avocado Vibrant & Spicy 150g,TESCO,2.1,14.0,kg,14.0,kg,1.6,per 100g,Fresh Food
316172433,Tesco Four Bean Salad 250g    ,TESCO,1.9,7.6,kg,7.6,kg,6.7,per 100g,Fresh Food
320557969,Tesco British 14R Unsmoked Streaky Bacon 300g,TESCO,2.9,9.67,kg,9.67,kg,15.0,per 100g,Fresh Food
321765681,Tesco Finest Melt in the Middle Onion Bhaji 140g,TESCO finest,3.0,21.43,kg,21.43,kg,9.7,per 100g,Fresh Food
316534000,Tesco Smashed Avocado Vibrant & Zesty 150g,TESCO,2.1,14.0,kg,14.0,kg,1.8,per 100g,Fresh Food
321944636,The Real Greek Giant Bean & Aubergine Salad 200g,THE REAL GREEK,2.75,13.75,kg,13.75,kg,,,Fresh Food
320555378,Tesco Halloumi Coated with Chilli 225g,TESCO,2.8,12.44,kg,12.44,kg,21.0,per 100g,Fresh Food
320969689,Do Goodly Smashed Pea Guacamole 150g,Do Goodly Dips,2.25,15.0,kg,15.0,kg,4.1,per 100g,Fresh Food
321027576,Do Goodly Jalapeno & Smashed Pea Guacamole 150g,Do Goodly Dips,2.25,15.0,kg,15.0,kg,3.9,per 100g,Fresh Food
315445579,Tesco Iberico Cheese & Serrano Rollitos 88g,TESCO,3.0,34.09,kg,34.09,kg,25.5,per 100g,Fresh Food
316072724,Tesco Tandoori Style King Prawns 150g,TESCO,4.35,29.0,kg,29.0,kg,14.6,per 100g,Fresh Food
322049001,Tesco Salsa 200g,TESCO,1.3,6.5,kg,6.5,kg,1.3,per 100g,Fresh Food
322058301,Tesco Finest Harissa Lamb Parcels  108g,TESCO finest,3.5,32.41,kg,32.41,kg,9.2,per 100g,Fresh Food
322253415,Tesco Guacamole 163g,TESCO,1.3,7.98,kg,7.98,kg,1.3,per 100g,Fresh Food
322995493,Tesco Finest Dine In Rosemary & Parmesan Fries 350g,TESCO finest,3.3,9.43,kg,9.43,kg,3.1,per 100g,Fresh Food
322062353,Tesco Finest Chorizo & Black Garlic Croquetas 210g,TESCO finest,5.0,23.81,kg,23.81,kg,8.4,per 100g,Fresh Food
322651917,NOEL Spanish Serrano Ham Crisps 25g,NOEL,2.5,100.0,kg,100.0,kg,67.0,per 100g,Fresh Food
321659409,Tesco Finest Porcini Mushroom Arancini 144g,TESCO finest,4.5,31.25,kg,31.25,kg,7.9,per 100g,Fresh Food
314697656,Tesco Meal Kit Slow Cooked Pulled Pork Bao Buns 440g,TESCO,7.85,17.84,kg,17.84,kg,15.3,per 100g,Fresh Food
322259812,Tesco Finest Chef's Collection Saddleback of pork with Milanese 745g ,TESCO finest,15.0,20.13,kg,20.13,kg,17.1,per 100g,Fresh Food
313503278,Yo! Spicy Prawn Dragon Roll 203G,YO!,4.8,23.64,kg,23.64,kg,3.9,per 100g,Fresh Food
317399048,Tesco Sweet Chilli Pork Stir Fry Strips 400g,TESCO,5.2,13.0,kg,13.0,kg,28.6,per 100g,Fresh Food
321787902,YO! Chicken Katsu Dragon Rolls 209g,YO!,4.8,22.97,kg,22.97,kg,3.8,per 100g,Fresh Food
313857947,Tesco Finest Live Scottish Mussels 1Kg,TESCO finest,4.2,4.2,kg,4.2,kg,9.1,per 100g,Fresh Food
321770651,YO! Crispy Salmon Dragon Rolls 202g,YO!,4.8,23.76,kg,23.76,kg,4.8,per 100g,Fresh Food
321535205,Tesco Finest Salmon Nigiri 163g,TESCO finest,4.75,29.14,kg,29.14,kg,7.0,per 100g,Fresh Food
318093137,Itsu California Dragon'Roll 203g,itsu,4.75,23.4,kg,23.4,kg,3.0,per 100g,Fresh Food
318180339,Itsu Vegetable Crunch Dragon' Roll 188g,itsu,4.75,25.27,kg,25.27,kg,3.4,per 100g,Fresh Food
317852382,Tesco 8 Garlic Slices 235g,TESCO,2.3,9.79,kg,9.79,kg,8.7,per 100g,Fresh Food
321669962,Itsu Hoisin Duck Dragon Roll 203g,itsu,4.75,23.4,kg,23.4,kg,3.9,per 100g,Fresh Food
318193353,Itsu Teriyaki Salmon Dragon'Roll 184g,itsu,4.75,25.82,kg,25.82,kg,5.3,per 100g,Fresh Food
318174923,Itsu Katsu Chicken Dragon'Roll 189g,itsu,4.75,25.13,kg,25.13,kg,3.7,per 100g,Fresh Food
316933294,Tesco Finest Finely Sliced Roast Beef Brisket 90g,TESCO finest,3.75,41.67,kg,41.67,kg,25.0,per 100g,Fresh Food
322259207,Tesco Corned Beef 4 Slices 140g ,TESCO,3.8,27.14,kg,27.14,kg,25.7,per 100g,Fresh Food
314310084,Tesco Bao Buns 6 Pack 168g,TESCO,2.35,13.99,kg,13.99,kg,6.9,per 100g,Fresh Food
321655039,Tesco Finest Smoked Jumbo King Prawns 180g,TESCO finest,5.8,32.22,kg,32.22,kg,20.3,per 100g,Fresh Food
322249675,Tesco 2 Garlic Baguette 410g,TESCO,1.7,4.15,kg,4.15,kg,7.8,per 100g,Fresh Food
320395987,Tesco Pan Fry Korean Style Pork Steaks with a Kimchi Inspired Melt 325G,TESCO,4.5,13.85,kg,13.85,kg,24.3,per 100g,Fresh Food
314822707,Tesco Finest Black Grapes Seedless 500G,TESCO finest,2.6,5.2,kg,5.2,kg,0.6,per 100g,Fresh Food
322264379,Tesco Garlic Baguette 205g,TESCO,1.0,4.88,kg,4.88,kg,7.8,per 100g,Fresh Food
316067316,Tesco Cooked Beef Slices 125g,TESCO,1.8,14.4,kg,14.4,kg,20.0,per 100g,Fresh Food
322344037,Hearty Food Co. Single Garlic Baguette 165g,HEARTY FOOD CO.,0.35,2.12,kg,2.12,kg,8.3,per 100g,Fresh Food
322338546,Tesco Raw King Prawns 165g,TESCO,3.5,21.21,kg,21.21,kg,14.3,per 100g,Fresh Food
321946634,Tesco Thai Style King Prawns 320g,TESCO,5.5,17.19,kg,17.19,kg,9.8,per 100g,Fresh Food
322255972,Tesco Finest Salt Aged Belly Joint 700g,TESCO finest,8.25,11.79,kg,11.79,kg,28.1,per 100g,Fresh Food
315588945,Tesco 2 Cooked Skinless Chicken Breast 220G,TESCO,4.25,19.32,kg,19.32,kg,22.9,per 100g,Fresh Food
318272980,Tesco Katsu Roast Chicken Breast Chunks 180g,TESCO,3.25,18.06,kg,18.06,kg,22.5,per 100g,Fresh Food
322324689,Keohane's Hot Smoked Trout Fillets 170g,KEOHANE SEAFOODS,5.25,30.88,kg,30.88,kg,26.0,per 100g,Fresh Food
305529818,Tesco Honey Roast Salmon Flakes 80G,TESCO,3.55,44.38,kg,44.38,kg,23.5,per 100g,Fresh Food
316786824,Hayden's Strawberry Trifle Dessert 472g,HAYDEN,3.0,6.36,kg,6.36,kg,1.9,per 100g,Fresh Food
305435007,Tesco Sweet Chilli Salmon Flakes 80G,TESCO,3.55,44.38,kg,44.38,kg,22.9,per 100g,Fresh Food
322258335,The Laughing Cow 16 Original Classic Recipe 240g,The Laughing Cow,2.95,12.29,kg,12.29,kg,11.0,per 100g,Fresh Food
320402767,Tesco Thai Inspired Roast Chicken Breast Chunks 180g ,TESCO,3.25,18.06,kg,18.06,kg,21.6,per 100g,Fresh Food
322251319,YO! Chicken Katsu Bento 333g,YO!,4.75,14.26,kg,14.26,kg,5.9,per 100g,Fresh Food
321957638,Tesco Finest Salmon Sushi Selection 196g,TESCO finest,5.0,25.51,kg,25.51,kg,5.7,per 100g,Fresh Food
314587838,Tesco Creme Brulee 2 Pack 180g,TESCO,2.3,12.78,kg,12.78,kg,3.4,per 100g,Fresh Food
322144320,itsu spicy tuna sushi taco 213g,itsu,4.75,22.3,kg,22.3,kg,4.0,per 100g,Fresh Food
322160628,The Laughing Cow  8 Creamy Cheese Spread Lightest 120g,The Laughing Cow,1.95,16.25,kg,16.25,kg,13.5,per 100g,Fresh Food
322059997,The Laughing Cow Original Cheese Spread Triangles 8 x 120g,The Laughing Cow,1.95,16.25,kg,16.25,kg,11.0,per 100g,Fresh Food
323152182,"Tesco Finest Tender Ham Hocks with Kentish Cider, Apple & Brown Sugar Sauce 515g ",TESCO finest,7.5,14.56,kg,14.56,kg,25.5,per 100g,Fresh Food
322827031,Tesco Finest Truffle Thick Cut Smoked Salmon 100g,TESCO finest,7.0,70.0,kg,70.0,kg,24.6,per 100g,Fresh Food
322738332,Tesco Finest Cold Brew Coffee Infused Thick Cut Smoked Salmon 100g,TESCO finest,7.0,70.0,kg,70.0,kg,22.5,per 100g,Fresh Food
315579622,Tesco Mango & Lime Roast Chicken Burger Fillets 2 Pack 150g,TESCO,3.1,20.67,kg,20.67,kg,24.3,per 100g,Fresh Food
315445838,Tesco 2 Peri Peri Roast Chicken Burger Fillets 150g,TESCO,3.1,20.67,kg,20.67,kg,25.6,per 100g,Fresh Food
316421928,Tesco Veggie & Beef Casserole Pouch 130g,TESCO,0.59,4.54,kg,4.54,kg,2.6,per 100g,Fresh Food
317209465,Najma Spicy Turkey Rashers 150g,NAJMA,3.0,20.0,kg,20.0,kg,16.3,per 100g,Fresh Food
315157488,Wall's 4 Vegan Sausage Rolls 220g,WALL'S,2.3,10.46,kg,10.46,kg,7.8,per 100g,Fresh Food
316923381,Jaldee Eats Turkey Chorizo Bites 80g,JALDEE,2.1,26.25,kg,26.25,kg,30.1,per 100g,Fresh Food
317550376,Isla Delice Halal Turkey Rashers 8 Slices 120g,Isla Délice,2.25,18.75,kg,18.75,kg,22.0,per 100g,Fresh Food
317657659,Isla Delice Halal Hot Dog 350g,Isla Délice,2.0,5.71,kg,5.71,kg,12.0,per 100g,Fresh Food
317656476,Isla Delice Halal Turkey Slices 4 Pack 100g,Isla Délice,2.0,20.0,kg,20.0,kg,18.8,per 100g,Fresh Food
317285782,Takul Halal Kitchen Poultry Bacon 75g,TAKUL,1.5,20.0,kg,20.0,kg,22.0,per 100g,Fresh Food
322759802,Tesco Crispy Aromatic Half Duck with Pancakes 530g,TESCO,8.0,15.09,kg,15.09,kg,17.2,per 100g,Fresh Food
314319783,Wasabi BBQ Beef Yakisoba 400g,WASABI,4.8,12.0,kg,12.0,kg,5.6,per 100g,Fresh Food
321776380,Tesco 4 Tex Mex Dips 400g ,TESCO,3.25,8.12,kg,8.12,kg,2.3,per 100g,Fresh Food
320408571,Wagamama Meal Kit Katsu Curry 240g,WAGAMAMA,3.8,15.83,kg,15.83,kg,4.2,per 100g,Fresh Food
313955013,Tesco Sweet & Sour & Chow Mein Chicken Meal For 2 995G,TESCO,8.5,8.9,kg,8.9,kg,6.2,per 100g,Fresh Food
316651667,The Real Greek Pastitsio 350g,THE REAL GREEK,5.5,15.71,kg,15.71,kg,,,Fresh Food
321947201,Wasabi Chicken Chilli Crisp Biang Biang Noodles 400G,WASABI,4.8,12.0,kg,12.0,kg,9.4,per 100g,Fresh Food
316541008,The Real Greek Moussaka 350g,THE REAL GREEK,5.5,15.71,kg,15.71,kg,,,Fresh Food
316806937,The Real Greek Meatballs with Orzo 350g,THE REAL GREEK,5.5,15.71,kg,15.71,kg,,,Fresh Food
314093921,Fridge Raiders Meat Free Slow Roasted Tasty Bites 60G,FRIDGE RAIDERS,1.5,25.0,kg,25.0,kg,21.0,per 100g,Fresh Food
314945784,Old El Paso Rice Bowl - Chilli Chicken 400g,OLD EL Paso,4.5,11.25,kg,11.25,kg,6.0,per 100g,Fresh Food
314940017,Old El Paso Burrito Bowl - Chilli Beef 400g,OLD EL Paso,4.5,11.25,kg,11.25,kg,5.9,per 100g,Fresh Food
316647310,Old El Paso Paprika Chicken Burrito Bowl 400g,OLD EL Paso,4.5,11.25,kg,11.25,kg,6.2,per 100g,Fresh Food
314940530,Old El Paso Chilli Beef Burrito 400g,OLD EL Paso,4.5,11.25,kg,11.25,kg,7.0,per 100g,Fresh Food
320558513,The Gym Kitchen Katsu Chicken 400g,THE GYM KITCHEN,4.0,10.0,kg,10.0,kg,25.5,per 100g,Fresh Food
315833667,Tesco Strawberry Trifles 3 x 135g (405g),TESCO,2.25,5.56,kg,5.56,kg,1.5,per 100g,Fresh Food
313174620,Tesco Singapore Noodles 350G,TESCO,3.85,11.0,kg,11.0,kg,5.8,per 100g,Fresh Food
317402685,Tesco Swedish Style Meatballs & Mash 400g,TESCO,3.5,8.75,kg,8.75,kg,5.3,per 100g,Fresh Food
315852120,Tesco Raspberry Trifles 3 x 135g 405g,TESCO,2.25,5.56,kg,5.56,kg,1.6,per 100g,Fresh Food
316315922,Tesco Korean Style Sticky Chicken & Jasmine Rice 400g,TESCO,3.5,8.75,kg,8.75,kg,7.5,per 100g,Fresh Food
315760689,Tesco Chocolate Trifles 3 x 119g 357g,TESCO,2.25,6.3,kg,6.3,kg,2.9,per 100g,Fresh Food
316420296,Fridge Raiders Meat-Free Vegan Southern Style Tasty Bites 60g,FRIDGE RAIDERS,1.5,25.0,kg,25.0,kg,20.5,per 100g,Fresh Food
321542956,Ashoka Dal Makhani & Biryani Combo Meal 250g,ASHOKA,2.0,8.0,kg,8.0,kg,3.9,per 100g,Fresh Food
321343558,Ashoka Tadka Dal with Jeera Rice 250g,ASHOKA,2.0,8.0,kg,8.0,kg,1.6,per 100g,Fresh Food
321785046,Ashoka Punjabi Choley & Rice 250g,ASHOKA,2.0,8.0,kg,8.0,kg,3.0,per 100g,Fresh Food
313169598,Tesco Beef In Black Bean Sauce 350G,TESCO,3.85,11.0,kg,11.0,kg,6.8,per 100g,Fresh Food
315383231,Ms Molly's Strawberry Trifles (2 x 115g) 230g,Ms Molly's,0.91,3.96,kg,3.96,kg,1.6,per 100g,Fresh Food
322344395,Wasabi Japanese Feast for One 550G,WASABI,6.5,11.82,kg,11.82,kg,8.4,per 100g,Fresh Food
316442667,Wasabi Spicy Korean Chicken with Fried Rice 400g,WASABI,4.8,12.0,kg,12.0,kg,4.7,per 100g,Fresh Food
321966564,Tesco Maple Cooked Bacon 50g,TESCO,3.1,62.0,kg,62.0,kg,36.3,per 100g,Fresh Food
312993090,Tesco Prawn Toasts 4 Pack 120g,TESCO,3.25,27.08,kg,27.08,kg,12.1,per 100g,Fresh Food
315457778,Tesco Finest Mixed Berry Trifle 550g,TESCO finest,4.6,8.36,kg,8.36,kg,2.0,per 100g,Fresh Food
322737229,Tesco 12 Piece Chinese Style Selection Pack 204g,TESCO,3.55,17.4,kg,17.4,kg,12.1,per 100g,Fresh Food
322753561,Tesco Finest Firecracker Chicken with Jasmine Rice  380g,TESCO finest,4.5,11.84,kg,11.84,kg,5.4,per 100g,Fresh Food
322330693,Itsu Katsu Chicken Brown Rice 395g,itsu,5.0,12.66,kg,12.66,kg,6.3,per 100g,Fresh Food
322435828,Itsu Teriyaki Chicken Brown Rice 395g,itsu,5.0,12.66,kg,12.66,kg,6.3,per 100g,Fresh Food
312984711,Tesco Vegetable Spring Rolls 6 Pack 216g,TESCO,2.45,11.34,kg,11.34,kg,4.3,per 100g,Fresh Food
321964497,Unearthed Diced Smoked Pancetta 2 x 77g,unearthed,3.5,22.73,kg,22.73,kg,17.0,per 100g,Fresh Food
322329183,Wasabi Flaming Korean Fire Chicken with Rice 400G,WASABI,4.8,12.0,kg,12.0,kg,5.9,per 100g,Fresh Food
322248664,Itsu Thai-Style Chicken Brown Rice 395g,itsu,5.0,12.66,kg,12.66,kg,6.7,per 100g,Fresh Food
322331398,Itsu Chicken Pad Thai Noodles 370g,itsu,5.0,13.51,kg,13.51,kg,7.4,per 100g,Fresh Food
315831813,Tesco Raspberry Trifle 600g,TESCO,3.3,5.5,kg,5.5,kg,1.9,per 100g,Fresh Food
322548735,Gressingham Chinese Style Pancakes 115g,Gressingham,2.0,17.39,kg,17.39,kg,7.9,per 100g,Fresh Food
313170100,Tesco 6 Duck Spring Rolls 216G,TESCO,3.15,14.58,kg,14.58,kg,7.6,per 100g,Fresh Food
317973866,Unearthed Jamon Serrano Gran Reserva Ham 100g,unearthed,3.0,30.0,kg,30.0,kg,31.0,per 100g,Fresh Food
322427695,The Gym Kitchen Salt & Pepper Chicken 400g,THE GYM KITCHEN,4.0,10.0,kg,10.0,kg,,per 100g,Fresh Food
313172417,Tesco Egg Fried Rice 400G,TESCO,2.1,5.25,kg,5.25,kg,4.6,per 100g,Fresh Food
322752735,Tesco Crispy Lemon Chicken 350g,TESCO,3.8,10.86,kg,10.86,kg,10.3,per 100g,Fresh Food
321952955,Tesco Crispy Bacon Topper 30g,TESCO,2.0,66.67,kg,66.67,kg,57.3,per 100g,Fresh Food
322665694,Hearty Food Company Sweet & Sour Chicken with Egg Fried Rice 400G,HEARTY FOOD CO.,2.2,5.5,kg,5.5,kg,8.2,per 100g,Fresh Food
322847669,Tesco Sweet & Sour Crispy Chicken Balls 350g,TESCO,3.8,10.86,kg,10.86,kg,10.7,per 100g,Fresh Food
322742827,Tesco  Hoisin Duck Noodles 400g,TESCO,3.5,8.75,kg,8.75,kg,6.5,per 100g,Fresh Food
320683600,Tesco Finest Souvlaki Pork King Kebab with Tzatziki dressing 675g,TESCO finest,8.5,12.59,kg,12.59,kg,25.1,per 100g,Fresh Food
321839807,Sokolow Classic Ham,SOKOLOW,13.1,13.1,kg,13.1,kg,19.0,per 100g,Fresh Food
321943355,Unearthed Spanish Serrano Ham & Cheese Rosca 420g,unearthed,5.5,13.1,kg,13.1,kg,9.4,per 100g,Fresh Food
317764209,Bonne Maman Rhubarb Yoghurt 4x115g,Bonne Maman,2.95,6.41,kg,6.41,kg,3.4,per 100g,Fresh Food
317859680,Bonne Maman Raspberry Yoghurt 4x115g,Bonne Maman,2.95,6.41,kg,6.41,kg,3.5,per 100g,Fresh Food
315973564,Tesco Free From Coconut Oil Alternative to Mature Cheddar 200g,TESCO free FROM,2.65,13.25,kg,13.25,kg,0.0,per 100g,Fresh Food
315854066,Tesco Free From Coconut Oil Alternative to Grated Mozzarella 200g,TESCO free FROM,2.65,13.25,kg,13.25,kg,0.0,per 100g,Fresh Food
321665413,Muller X MYProtein CRUNCH Vanilla Yogurt (with protein chocolate balls) 180g,Müller,2.0,11.11,kg,11.11,kg,11.4,per 100g,Fresh Food
321231316,Muller X MYProtein CRUNCH Strawberry Yogurt (with protein chocolate granola) 180g,Müller,2.0,11.11,kg,11.11,kg,11.2,per 100g,Fresh Food
317042684,Philadelphia Plant Based Soft Cream Cheese Alternative - Almond & Oat 145g,PHILADELPHIA,2.75,18.97,kg,18.97,kg,3.2,per 100g,Fresh Food
321784986,Bearfields Carved Deli Ham 100g,Bearfields,3.25,32.5,kg,32.5,kg,21.965,per 100g,Fresh Food
314953970,Violife Creamy Garlic & Herbs 150g,VIOLIFE,2.75,18.33,kg,18.33,kg,0.2,per 100g,Fresh Food
309771276,Plenish Organic Coconut Longlife Dairy Free Drink 1L,Plenish,2.35,2.35,litre,2.35,litre,,per 100g,Fresh Food
322329914,Dairylea Plant-Based Dunkers Jumbo Tubes 3 Pack 123g,dairylea,2.5,20.32,kg,20.32,kg,3.5,per 100g,Fresh Food
313954285,Richmond Meat-Free Sage & Onion Sausages 8 Pack 304g,RICHMOND,2.4,7.9,kg,7.9,kg,7.5,per 100g,Fresh Food
314097986,Richmond Meat-Free Sausages 8 Pack 304g,RICHMOND,2.4,7.9,kg,7.9,kg,8.7,per 100g,Fresh Food
288500463,Rude Health Organic Coconut Longlife Dairy Free Drink 1L,RUDE HEALTH,2.3,2.3,litre,2.3,litre,,per 100g,Fresh Food
315854360,Tesco Free From Coconut Oil Alternative to Soft Cheese 150g,TESCO free FROM,2.0,13.33,kg,13.33,kg,0.5,per 100g,Fresh Food
313962874,Squeaky Bean Cooking Chorizo Style Sausage 100G,SQUEAKY BEAN,3.0,30.0,kg,30.0,kg,16.0,per 100g,Fresh Food
316535448,Violife Original Slices Vegan Cheese Alternative 175g,VIOLIFE,2.15,12.29,kg,12.29,kg,0.1,per 100g,Fresh Food
316445612,Violife Original Grated Vegan Cheese Alternative 175g,VIOLIFE,2.15,12.29,kg,12.29,kg,0.1,per 100g,Fresh Food
315077162,Alpro Barista Coconut Chilled Dairy Free Drink 750ml,alpro,1.75,2.33,litre,2.33,litre,1.5,per 100g,Fresh Food
316065284,Tesco Plant Chef 6 Cumberland Style Meat-Free Bangers 300g,TESCO Plant Chef,2.3,7.67,kg,7.67,kg,9.8,per 100g,Fresh Food
314948032,Tesco British Diced Pork 500G,TESCO,4.25,8.5,kg,8.5,kg,22.0,per 100g,Fresh Food
320800083,Tesco Finest Bruschetta with Iberico Cheese & Serrano Ham 210g,TESCO finest,5.0,23.81,kg,23.81,kg,16.0,per 100g,Fresh Food
321828291,Borough Broth Grass-Fed Organic Beef Bone Broth 324g,BOROUGH BROTH,5.0,15.43,kg,15.43,kg,4.3,per 100g,Fresh Food
322649092,Taste Original BBQ Chicken Skewers 5 x 32g,TASTE ORIGINAL,4.0,25.0,kg,25.0,kg,18.9,per 100g,Fresh Food
320807715,Tesco Finest Baby Potato Salad 275g,TESCO finest,2.3,8.36,kg,8.36,kg,1.2,per 100g,Fresh Food
322149735,Tesco Finest Chicken Gravy 350g,TESCO finest,3.25,9.29,kg,9.29,kg,3.1,per 100g,Fresh Food
315140064,La Famiglia Rana Genovese Basil P.D.O Pesto 140g,La Famiglia RANA,2.25,16.07,kg,16.07,kg,4.7,per 100g,Fresh Food
317861117,The Collective Suckies Natural + Vitamin D Yoghurt Pouch 90g,THE COLLECTIVE DAIRY,1.0,11.11,kg,11.11,kg,4.2,per 100g,Fresh Food
316431571,Quorn 24 Cocktail Sausages 240g,QUORN,2.95,12.29,kg,12.29,kg,13.0,per 100g,Fresh Food
323010736,RICHMOND 8 VEGGIE TASTY SAUSAGES 304g,RICHMOND,2.4,7.9,kg,7.9,kg,6.0,per 100g,Fresh Food
323332125,TESCO Finest Argentinian Inspired Chimichurri Sauce 130g,TESCO finest,2.35,18.08,kg,18.08,kg,1.3,per 100g,Fresh Food
320814625,Tesco Plant Chef 6 Caramelised Onion Meat-Free Bangers 300g,TESCO Plant Chef,2.3,7.67,kg,7.67,kg,7.8,per 100g,Fresh Food
322143252,Tesco Finest Beef Gravy 350g,TESCO finest,3.25,9.29,kg,9.29,kg,4.9,per 100g,Fresh Food
320566273,Tesco Potato Salad 300g,TESCO,1.25,4.17,kg,4.17,kg,1.2,per 100g,Fresh Food
320967668,Tesco Plant Chef 6 Leek & Mushroom Meat-Free Bangers 300G,TESCO Plant Chef,2.3,7.67,kg,7.67,kg,7.4,per 100g,Fresh Food
322136825,Tesco Buffalo Hot Sauce Dip 90g,TESCO,1.25,13.89,kg,13.89,kg,0.6,per 100g,Fresh Food
315568897,Eastmans Potato Salad 300g.,EASTMAN'S,0.99,3.3,kg,3.3,kg,1.8,per 100g,Fresh Food
322552804,Tesco Pork Stir Fry Strips 250g,TESCO,3.1,12.4,kg,12.4,kg,22.7,per 100g,Fresh Food
322643945,"Pieminister Deer & Beer Pie with Wild Venison, Milk Stout & Mushroom 255G",PIEMINISTER,4.7,4.7,each,4.7,each,10.0,per 100g,Fresh Food
315467455,Jus-Rol Ready to Bake Croissant 6 pack 340g,JUS-ROL,2.75,8.09,kg,8.09,kg,6.6,per 100g,Fresh Food
316558133,Highland Game Smoky Venison burger 340g,HIGHLAND GAME,4.2,12.35,kg,12.35,kg,19.3,per 100g,Fresh Food
311800626,Cadbury Layers Of Joy Eggciting Trifle 550G,Müller,4.0,7.27,kg,7.27,kg,4.7,per 100g,Fresh Food
322163280,Tesco Finest Pork & Bramley Apple Pie 250g,TESCO finest,4.1,16.4,kg,16.4,kg,9.0,per 100g,Fresh Food
316068767,Tesco Finest Finely Sliced Apple Wood Smoked Ham 120g,TESCO finest,3.5,29.17,kg,29.17,kg,23.3,per 100g,Fresh Food
322239082,Tesco Finest Lamb & Mint Pie 250g,TESCO finest,4.1,16.4,kg,16.4,kg,8.8,per 100g,Fresh Food
320790784,Tesco Finest Coleslaw 300g,TESCO finest,1.85,6.17,kg,6.17,kg,1.0,per 100g,Fresh Food
313969072,Abra-ca-Debora Original Dutch Style Pancakes 6 Pack 405g,Abra ca Debora,2.3,5.68,kg,5.68,kg,5.7,per 100g,Fresh Food
315057635,The Gym Kitchen High Protein Banoffee Pie Yogurt 200g,THE GYM KITCHEN,1.3,6.5,kg,6.5,kg,10.3,per 100g,Fresh Food
316184822,Plenish Organic Barista Almond 1 Litre,Plenish,2.35,2.35,litre,2.35,litre,1.2,per 100g,Fresh Food
314821395,The Gym Kitchen High Protein Salted Caramel Yogurt 200g,THE GYM KITCHEN,1.3,6.5,kg,6.5,kg,10.2,per 100g,Fresh Food
322137594,"Tesco Finest Chicken, Bacon & Leek Pie 250g",TESCO finest,4.1,16.4,kg,16.4,kg,8.4,per 100g,Fresh Food
320788195,Tesco Finest Coleslaw 180g,TESCO finest,1.35,7.5,kg,7.5,kg,1.0,per 100g,Fresh Food
320799395,Tesco Finest Extra Mature Cheddar Coleslaw 250g,TESCO finest,1.9,7.6,kg,7.6,kg,2.8,per 100g,Fresh Food
316301647,Tesco Free From Breaded Cod Bites 200g,TESCO free FROM,3.9,19.5,kg,19.5,kg,12.1,per 100g,Fresh Food
320806658,Tesco Finest Coleslaw 500g,TESCO finest,2.5,5.0,kg,5.0,kg,1.0,per 100g,Fresh Food
316199148,Tesco British Smoked Ham 120g ,TESCO,2.25,18.75,kg,18.75,kg,21.7,per 100g,Fresh Food
320671983,Tesco Finest Honey Sriracha Coleslaw 250g,TESCO finest,2.1,8.4,kg,8.4,kg,0.9,per 100g,Fresh Food
317205417,Tesco Finest Beetroot & Bramley Apple Slaw 250g,TESCO finest,2.1,8.4,kg,8.4,kg,1.2,per 100g,Fresh Food
316192340,Tesco British Peppered Ham Slices 120g,TESCO,2.25,18.75,kg,18.75,kg,22.0,per 100g,Fresh Food
320673013,Whaoo! 6 Chocolate and Banana Filled Crepes 192g,WHAOO!,1.95,10.16,kg,10.16,kg,6.0,per 100g,Fresh Food
321545826,Tesco Triple Chocolate Chip Pancakes 6 Pack,TESCO,1.45,0.24,each,0.24,each,5.3,per 100g,Fresh Food
321951506,Tesco Finest Saucisson Sec 70g,TESCO finest,3.1,44.29,kg,44.29,kg,26.9,per 100g,Fresh Food
322141104,Tesco Finest Deli Spiced Orange Ham Slices 130g ,TESCO finest,4.0,30.77,kg,30.77,kg,27.0,per 100g,Fresh Food
316547434,Alpro No Sugars Nutty Almond Drink 500ml,alpro,1.2,2.4,litre,2.4,litre,0.5,per 100g,Fresh Food
316176417,Tesco Finest Smoky Roasted Vegetable Couscous 230g,TESCO finest,3.75,16.3,kg,16.3,kg,4.2,per 100g,Fresh Food
316195982,Tesco Finest Moroccan Inspired Couscous 230g,TESCO finest,3.75,16.3,kg,16.3,kg,4.7,per 100g,Fresh Food
321965087,Unearthed Rosemary & Black Pepper Olives 342g,unearthed,5.0,14.62,kg,14.62,kg,1.3,per 100g,Fresh Food
322057573,Unearthed Green Olives with Herbs 342g ,unearthed,5.0,14.62,kg,14.62,kg,1.3,per 100g,Fresh Food
322332455,Belazu Mediterranean Mixed Olives 310g,BELAZU,4.0,26.67,kg DR.WT,26.67,kg dr.wt,1.4,per 100g,Fresh Food
321828469,Tesco finest 2 Salmon & Spinach En Croute with Barber's Cave Aged Cheddar and Sauvignon Wine Sauce 395g,TESCO finest,7.2,18.23,kg,18.23,kg,12.4,per 100g,Fresh Food
322259547,Belazu Antipasti Mixed Olives 315g,BELAZU,4.0,25.0,kg DR.WT,25.0,kg dr.wt,4.1,per 100g,Fresh Food
322237182,Belazu Nocellara Olives 320g,BELAZU,4.0,23.53,kg DR.WT,23.53,kg dr.wt,1.0,per 100g,Fresh Food
321841660,Unearthed Green Olives & Gouda Cheese 330g,unearthed,5.0,15.15,kg,15.15,kg,5.6,per 100g,Fresh Food
323861811,Tesco finest Scottish Salmon Joint 500g,TESCO finest,11.5,23.0,kg,23.0,kg,23.8,per 100g,Fresh Food
323168365,"Tesco Finest Mesquite, Beech & Oak Wood Smoked Salmon 100g",TESCO,6.0,60.0,kg,60.0,kg,26.4,per 100g,Fresh Food
317741980,Tesco Green & Black Olives with Feta 150g,TESCO,3.0,20.0,kg,20.0,kg,3.2,per 100g,Fresh Food
322848622,Tesco Finest Cherry & Alder Wood Smoked Salmon Fillet 100g,TESCO finest,8.0,80.0,kg,80.0,kg,23.6,per 100g,Fresh Food
317660919,Tesco Green Olives Stuffed with Garlic 160g,TESCO,3.0,18.75,kg,18.75,kg,1.3,per 100g,Fresh Food
315378071,Tesco Mixed Olives With Mature Cheddar 200g,TESCO,3.0,15.0,kg,15.0,kg,3.0,per 100g,Fresh Food
317742996,Tesco Green Olives with Slow Roasted Tomatoes 150g,TESCO,3.0,20.0,kg,20.0,kg,1.3,per 100g,Fresh Food
315978490,Tesco Chimichurri Olives 150g,TESCO,3.0,20.0,kg,20.0,kg,1.3,per 100g,Fresh Food
315339377,Tesco Olives With Garlic & Chilli 180g,TESCO,3.0,16.67,kg,16.67,kg,1.5,per 100g,Fresh Food
322324608,Strings & Things Munch mix cheese & Pretzel 90g ,Strings & Things,2.25,25.0,kg,25.0,kg,20.0,per 100g,Fresh Food
315373986,Tesco Green Olives 150g,TESCO,2.0,13.33,kg,13.33,kg,1.2,per 100g,Fresh Food
315361430,Tesco Black & Green Olives 150g,TESCO,2.0,13.33,kg,13.33,kg,1.1,per 100g,Fresh Food
315388646,Tesco Green & Black Olives With Garlic & Herbs 150g,TESCO,2.0,13.33,kg,13.33,kg,1.3,per 100g,Fresh Food
317979007,Unearthed Chilli Olives 330g,unearthed,5.0,15.15,kg,15.15,kg,1.4,per 100g,Fresh Food
315838817,Tesco British Wafer Thin Roast Chicken Slices 120g,TESCO,2.25,18.75,kg,18.75,kg,24.6,per 100g,Fresh Food
317052188,Dairylea Dunkers Jumbo Tubes Cheese Snacks 3x41g,dairylea,2.25,18.29,kg,18.29,kg,9.5,per 100g,Fresh Food
316790922,Dairylea Dunkers Nacho Cheese Snacks 3 x 43g,dairylea,2.25,17.44,kg,17.44,kg,9.5,per 100g,Fresh Food
314691737,Premier Deli Roast Turkey Breast Slices 125g,PREMIER DELI,2.65,21.2,kg,21.2,kg,1.0,per 100g,Fresh Food
315966665,Tesco Finest Roast Turkey Breast 120g,TESCO finest,3.75,31.25,kg,31.25,kg,29.3,per 100g,Fresh Food
322251965,Tesco Finest Ricotta and Hot Honey Bake 150g,TESCO finest,3.5,23.33,kg,23.33,kg,6.5,per 100g,Fresh Food
315351845,Yfood Ready-To-Drink Complete Meal - Classic Choco 500ml,yfood,3.5,7.0,litre,7.0,litre,6.0,per 100g,Fresh Food
315464251,yfood Ready-to-Drink Complete Meal - Fresh Berry 500ml,yfood,3.5,7.0,litre,7.0,litre,6.0,per 100g,Fresh Food
315163590,Arla Protein Chocolate Milk Shake 482ml,Arla,2.2,4.4,kg,4.4,kg,5.7,per 100g,Fresh Food
315051624,Arla Protein Vanilla Flavoured Milk Shake 482ml,Arla,2.2,4.4,kg,4.4,kg,5.7,per 100g,Fresh Food
315248703,Arla Protein Strawberry and Raspberry Flavoured Milk Shake 482ml,Arla,2.2,4.4,kg,4.4,kg,5.7,per 100g,Fresh Food
316547837,BOL Chocolate Power Shake 410g,BOL,3.25,7.93,kg,7.93,kg,6.4,per 100g,Fresh Food
316551002,Shaken Udder Chocolate Protein Milkshake 330ml,SHAKEN UDDER,2.3,6.97,litre,6.97,litre,6.0,per 100g,Fresh Food
315153642,Ufit Pro50 Protein Drink Salted Caramel 500ml,U FIT,3.0,6.0,litre,6.0,litre,10.0,per 100g,Fresh Food
315067479,This Isnt Roast Chicken & Stuffing 325G,THIS,6.35,19.54,kg,19.54,kg,14.2,per 100g,Fresh Food
317657129,Huel Black Edition Ready-to-drink Complete Meal Chocolate 500ml,Huel,3.8,7.6,litre,7.6,litre,6.7,per 100g,Fresh Food
317306091,Huel Black Edition Ready-to-drink Complete Meal Vanilla 500ml,Huel,3.8,7.6,litre,7.6,litre,6.8,per 100g,Fresh Food
321222903,For Goodness Shakes Protein Strawberry Shake 471ml,FOR GOODNESS SHAKE,3.0,6.37,litre,6.37,litre,50.0,per 100g,Fresh Food
321208028,For Goodness Shakes Protein Chocolate Shake 471ml,FOR GOODNESS SHAKE,3.0,6.37,litre,6.37,litre,10.6,per 100g,Fresh Food
315158343,Huel Ready-to-Drink Complete Meal - Berry 500ml,Huel,3.5,7.0,litre,7.0,litre,4.0,per 100g,Fresh Food
315346077,yfood Ready-to-Drink Complete Meal - Smooth Vanilla 500ml,yfood,3.5,7.0,litre,7.0,litre,6.0,per 100g,Fresh Food
322530151,Glow iced latte collagen protein shake 250nl,GLOW,2.5,10.0,litre,10.0,litre,11.0,per 100g,Fresh Food
322140468,Tesco Finest Steakhouse Peppercorn Sauce 180g,TESCO finest,2.35,13.06,kg,13.06,kg,2.8,per 100g,Fresh Food
322435978,UFIT Breakfast Protein Shake Blueberry 400ml ,UFIT,2.75,6.88,litre,6.88,litre,7.0,per 100g,Fresh Food
322066458,Tesco Finest Steakhouse Diane Sauce 180g,TESCO finest,2.35,13.06,kg,13.06,kg,1.3,per 100g,Fresh Food
324113567,Joya Little Peppa Pig 6 Apples,Joya,2.5,0.42,each,0.42,each,0.6,per 100g,Fresh Food
313618678,Tesco British Turkey Breast Mince 2% Fat 500G,TESCO,4.75,9.5,kg,9.5,kg,25.0,per 100g,Fresh Food
322062318,Tesco Finest Parsley Sauce 180g,TESCO finest,2.2,12.22,kg,12.22,kg,2.2,per 100g,Fresh Food
313504801,Tesco Turkey Thigh Mince 7% Fat 500G,TESCO,4.25,8.5,kg,8.5,kg,19.5,per 100g,Fresh Food
322136249,Tesco Finest White Wine Sauce 250g,TESCO finest,2.2,8.8,kg,8.8,kg,2.0,per 100g,Fresh Food
313463557,F&F Home Acacia Wooden Salad Bowl,F&F HOME,18.0,18.0,each,18.0,each,,,Fresh Food
322344423,Tesco Finest Chef’s Collection Lamb Rump with Cannellini Bean Puree and Wild Garlic Salsa 640g,TESCO finest,20.0,31.25,kg,31.25,kg,14.6,per 100g,Fresh Food
315834292,Tesco Hot Honey Roast Half Chicken 650g,TESCO,6.25,9.62,kg,9.62,kg,20.3,per 100g,Fresh Food
315844677,Tesco Roast Half Chicken 600g,TESCO,6.25,10.42,kg,10.42,kg,26.7,per 100g,Fresh Food
314844644,Tesco Finest Lamb Shawarma Style 310g-460g,TESCO finest,23.15,23.15,kg,23.15,kg,23.8,per 100g,Fresh Food
322436465,Arla Protein Chocolate Flavour Pudding 200g,Arla,1.8,9.0,kg,9.0,kg,10.0,per 100g,Fresh Food
321955335,Arla Protein Salted Caramel Flavoured Pudding 200g,Arla,1.8,9.0,kg,9.0,kg,10.0,per 100g,Fresh Food
320676425,Danone Skyr 0% Fat High Protein Vanilla Yoghurt Drink 270g,DANONE,1.5,5.56,kg,5.56,kg,6.0,per 100g,Fresh Food
323651766,Tesco Firepit Shawarma Chicken Thigh Fillets with Yoghurt & Mint Sauce 393g,FIRE PIT,5.0,12.72,kg,12.72,kg,24.0,per 100g,Fresh Food
317537554,Little Dish Lasagnette Kids Meal 200g,little dish,3.0,15.0,kg,15.0,kg,3.6,per 100g,Fresh Food
313743742,Little Dish Mild Chicken Korma Kids Meal 200G,little dish,3.0,15.0,kg,15.0,kg,5.5,per 100g,Fresh Food
313757829,Little Dish Classic Fish Pie Kids Meal 200G,little dish,3.0,15.0,kg,15.0,kg,3.9,per 100g,Fresh Food
313619032,Little Dish Chicken & Veg Pie 200g,little dish,3.0,15.0,kg,15.0,kg,5.4,per 100g,Fresh Food
312851696,Little Dish Spaghetti & Meatballs 200G,little dish,3.0,15.0,kg,15.0,kg,4.1,per 100g,Fresh Food
313523801,Little Dish Chicken Rissotto Kids Meals 200G,little dish,3.0,15.0,kg,15.0,kg,6.7,per 100g,Fresh Food
318184519,Annabel Karmel Yummy Little Lasagne 200g,ANNABEL KARMEL,2.9,14.5,kg,14.5,kg,6.7,per 100g,Fresh Food
315165150,itsu brilliant broth classic ramen 500ml,itsu,2.7,5.4,litre,5.4,litre,1.1,per 100g,Fresh Food
322830147,Annabel Karmel Tasty Chicken Pasta in a Tomato & Veggie Sauce 200g,ANNABEL KARMEL,2.9,14.5,kg,14.5,kg,7.0,per 100g,Fresh Food
315157131,Itsu Brilliant' Broth Chicken Ramen 500ml,itsu,2.7,5.4,litre,5.4,litre,1.3,per 100g,Fresh Food
314941143,itsu brilliant broth miso ramen 500ml,itsu,2.7,5.4,litre,5.4,litre,1.1,per 100g,Fresh Food
322333465,Lindahls Protein  Pudding Creme Brulee 140g,LINDAHLS,1.4,10.0,kg,10.0,kg,10.0,per 100g,Fresh Food
322144124,Tesco BBQ Extra Crispy Tenders 305g,TESCO,4.2,13.77,kg,13.77,kg,15.9,per 100g,Fresh Food
318185069,Tesco High Protein Natural Yogurt 500g,TESCO,2.15,4.3,kg,4.3,kg,11.3,per 100g,Fresh Food
322850780,Tesco Gochujang Chicken Grain Bowl 360g,TESCO,4.75,13.19,kg,13.19,kg,6.4,per 100g,Fresh Food
320669762,GetPRO Strawberry High Protein Yoghurt 160g,DANONE,0.9,5.62,kg,5.62,kg,9.4,per 100g,Fresh Food
320662579,GetPRO Blueberry High Protein Yoghurt 160g,DANONE,0.9,5.62,kg,5.62,kg,9.4,per 100g,Fresh Food
323142879,Tesco Tempura Battered Scallops 200g,TESCO,4.25,21.25,kg,21.25,kg,11.7,per 100g,Fresh Food
321655045,Piatnica Drinking Skyr Yogurt Blueberry 330ml,PIATNICA,1.4,4.24,litre,4.24,litre,6.5,per 100g,Fresh Food
318084874,DON SIMON MIXED BERRIES SMOOTHIE 1L,DON SIMON,2.0,2.0,litre,2.0,litre,0.3,per 100g,Fresh Food
315578669,Tesco Chow Mein Stir Fry Sauce 165g,TESCO,1.1,6.67,kg,6.67,kg,1.2,per 100g,Fresh Food
315377089,Tesco Teriyaki Stir Fry Sauce 165g,TESCO,1.1,6.67,kg,6.67,kg,0.9,per 100g,Fresh Food
315355864,Tesco Plum & Hoisin Stir Fry Sauce 165g,TESCO,1.1,6.67,kg,6.67,kg,0.9,per 100g,Fresh Food
315454205,Tesco Katsu Stir Fry Sauce 165g,TESCO,1.1,6.67,kg,6.67,kg,1.8,per 100g,Fresh Food
318169014,Tesco High Protein Vanilla Yogurt 200g,TESCO,1.0,5.0,kg,5.0,kg,10.0,per 100g,Fresh Food
315463246,Tesco Sweet & Sour Stir Fry Sauce 165g,TESCO,1.1,6.67,kg,6.67,kg,0.6,per 100g,Fresh Food
318172729,Tesco High Protein Strawberry Yogurt 200g,TESCO,1.0,5.0,kg,5.0,kg,10.4,per 100g,Fresh Food
322848910,Tesco Hot Smoked Salmon Grain Bowl 395g,TESCO,4.75,12.02,kg,12.02,kg,5.0,per 100g,Fresh Food
322333995,Tesco Smoked Haddock Mornay 360g,TESCO,5.9,16.39,kg,16.39,kg,12.7,per 100g,Fresh Food
291243510,Charlie Bigham's Shepherd's Pie 650G,Charlie Bigham's,9.95,15.31,kg,15.31,kg,7.7,per 100g,Fresh Food
321327371,Charlie Bigham's Chicken Tikka Biryani 685g,Charlie Bigham's,9.95,14.53,kg,14.53,kg,6.9,per 100g,Fresh Food
314602977,Old El Paso Enchiladas Baked Chicken 490g,OLD EL Paso,7.65,15.61,kg,15.61,kg,9.5,per 100g,Fresh Food
321105979,La Famiglia Rana Tuscan Ragu Pappardelle 814g,La Famiglia RANA,9.0,11.06,kg,11.06,kg,8.9,per 100g,Fresh Food
321327676,La Famiglia Rana Spaghetti Carbonara 814g,La Famiglia RANA,9.0,11.06,kg,11.06,kg,7.4,per 100g,Fresh Food
322057354,Tesco Chicken Tikka & Jalfrezi Meal Box 1.096kg,TESCO,7.8,7.12,kg,7.12,kg,8.0,per 100g,Fresh Food
321950536,Tesco Chicken Korma & Chicken Tikka  1.096kg,TESCO,7.8,7.12,kg,7.12,kg,8.6,per 100g,Fresh Food
322329396,MULLER CORNER ORIGINALS RHUBARB CRUMBLE 4X124g,Müller,3.0,6.05,kg,6.05,kg,4.0,per 100g,Fresh Food
317667031,Muller Light Cheesecake Yogurt 6x140g,Müller,3.0,3.57,kg,3.57,kg,,,Fresh Food
322264241,Tesco Finest Slow Cooked Beef Massaman Curry 540g,TESCO finest,7.95,14.72,kg,14.72,kg,13.6,per 100g,Fresh Food
318177085,Baileys Squirty UHT Cream 250G,BAILEYS,2.49,9.96,kg,9.96,kg,2.2,per 100g,Fresh Food
318179198,Tesco Finest Dry Cured Marmalade Ham 120g,TESCO finest,3.5,29.17,kg,29.17,kg,27.3,per 100g,Fresh Food
323167896,Better Nature Mediterranean Tempeh 220g,Better Nature,2.7,12.27,kg,12.27,kg,20.0,per 100g,Fresh Food
321217858,The Tofoo Co. Katsu Tofu 240g ,THE TOFOO CO,3.0,12.5,kg,12.5,kg,14.6,per 100g,Fresh Food
317759988,Tesco 30% Less Fat Dairy Spray Cream 250g ,TESCO,1.9,7.6,kg,7.6,kg,2.4,per 100g,Fresh Food
322334885,Tesco Finest Raclette des Alpes 250g,TESCO finest,5.0,20.0,kg,20.0,kg,25.0,per 100g,Fresh Food
317309600,Tesco Plant Chef Organic Smoked Tofu 399g,TESCO Plant Chef,2.5,8.33,kg DR.WT,8.33,kg dr.wt,11.9,per 100g,Fresh Food
317756398,Tesco Dairy Spray Cream 250g ,TESCO,1.9,7.6,kg,7.6,kg,2.3,per 100g,Fresh Food
322262813,Butlers farmhouse Cheeses Rothbury Red 250g,Butlers,4.5,18.0,kg,18.0,kg,24.9,per 100g,Fresh Food
313367104,The Pizza Company Garlic & Herb Dip 90G,THE PIZZA COMPANY,1.55,17.22,kg,17.22,kg,0.6,per 100g,Fresh Food
320568340,Muller Bliss Whipped Greek Style Yogurt Lemon Meringue Pie 4 x 100g,Müller,3.0,7.5,kg,7.5,kg,4.5,per 100g,Fresh Food
321040191,Butlers Parlick Original Pure Sheep's Milk Cheese 150g,Butlers farmhouse Cheeses,4.0,26.67,kg,26.67,kg,22.5,per 100g,Fresh Food
317656620,Tesco Gut Sense Kefir Drink Raspberry 750ml,TESCO,2.9,3.87,litre,3.87,litre,3.5,per 100g,Fresh Food
323000092,Cauldron Express Smoky BBQ Grillable Tofu Block 180g,CAULDRON,2.3,12.78,kg,12.78,kg,13.0,per 100g,Fresh Food
322254685,THIS Is Chilli Spiced Chickpea Tofu 200g,THIS ISN'T,2.95,14.75,kg,14.75,kg,14.0,per 100g,Fresh Food
313605555,The Pizza Company Bbq Dip 90G,THE PIZZA COMPANY,1.55,17.22,kg,17.22,kg,1.7,per 100g,Fresh Food
322332218,Jaldee Eats Spicy Turkey Bites 40g,JALDEE,1.0,25.0,kg,25.0,kg,20.4,per 100g,Fresh Food
322850872,Tesco Finest Dine In Beer Battered Cod with a Minted Pea Puree 460G,TESCO finest,7.5,16.3,kg,16.3,kg,12.9,per 100g,Fresh Food
317855315,Tesco Edamame Beans with Chilli Salt 120g,TESCO,1.5,12.5,kg,12.5,kg,6.6,per 100g,Fresh Food
322252439,Val de Lou Frais Cranberry 100g,Val de Lou,3.5,35.0,kg,35.0,kg,6.9,per 100g,Fresh Food
316557612,MyProtein Pancakes Original 160g,MY PROTEIN,2.35,14.69,kg,14.69,kg,16.3,per 100g,Fresh Food
318280238,The Gym Kitchen Blueberry Muffin Protein Yogurt 200g,THE GYM KITCHEN,1.3,6.5,kg,6.5,kg,10.0,per 100g,Fresh Food
322430897,Crosta Mollica Collezione Romana Bosco di Alba Pizza – Truffle & Mushroom 483g,CROSTA & MOLLICA,8.5,17.6,kg,17.6,kg,8.3,per 100g,Fresh Food
321325661,The Vegetarian Butcher Vegan Hentastic Southern Fried Chicken Fillet 200g,The Vegetarian Butcher,3.15,15.75,kg,15.75,kg,8.5,per 100g,Fresh Food
320678285,THIS Isn't Chicken Plant Based Kyiv 250g,THIS ISN'T,4.95,19.8,kg,19.8,kg,11.0,per 100g,Fresh Food
323309009,all plants Sweet Potato and Black Bean Protein Veggie Burger 180g,all plants,3.5,19.44,kg,19.44,kg,7.2,per 100g,Fresh Food
316073654,La Vie Plant-Based Bacon - Smoked 120g,LA VIE,3.5,29.17,kg,29.17,kg,14.0,per 100g,Fresh Food
315473545,Tesco Hot & Spicy Chicken Tenders 305g,TESCO,4.2,13.77,kg,13.77,kg,16.7,per 100g,Fresh Food
315582531,Tesco Southern Fried Chicken Tenders 305g,TESCO,4.2,13.77,kg,13.77,kg,18.7,per 100g,Fresh Food
316660345,Tesco Tempura Chicken Tenders 305g,TESCO,4.2,13.77,kg,13.77,kg,14.3,per 100g,Fresh Food
308088303,Hellmann’s Vegan Garlic Mayonnaise Jar 270g ,HELLMANN'S,2.65,9.82,kg,9.82,kg,,per 100g,Fresh Food
322325918,BOSH! Spicy No-Duja Sourdough Pizza - 275g,BOSH!,3.95,14.36,kg,14.36,kg,6.3,per 100g,Fresh Food
323169456,"all plants Chickpea, Pea & Lemon zest Protein Veggie Burger 180g",all plants,3.5,19.44,kg,19.44,kg,6.3,per 100g,Fresh Food
315448377,Tesco Crispy Chicken Tenders 305g,TESCO,4.2,13.77,kg,13.77,kg,17.6,per 100g,Fresh Food
323326236,THIS Isn't Beef Plant Based Burgers 226g,THIS ISN'T,3.75,16.59,kg,16.59,kg,14.2,per 100g,Fresh Food
315387751,Tesco Hot & Spicy Chicken Wings 350g,TESCO,2.8,8.0,kg,8.0,kg,15.2,per 100g,Fresh Food
320683139,Tesco Celery Fruit & Nut 300g,TESCO,1.9,6.33,kg,6.33,kg,2.2,per 100g,Fresh Food
320563604,Tesco Finest 10 Lemon and Oregano Pork Meatballs 210g,TESCO finest,3.55,16.9,kg,16.9,kg,14.6,per 100g,Fresh Food
315577198,Tesco Buttermilk Chicken Tenders 305g,TESCO,4.2,13.77,kg,13.77,kg,18.5,per 100g,Fresh Food
320800198,Tesco Finest 10 Smoky Chorizo & Chicken Meatballs 210g,TESCO finest,3.55,16.9,kg,16.9,kg,15.7,per 100g,Fresh Food
313942570,Richmond Meat-Free Streaky Bacon Rashers 120g,RICHMOND,2.3,19.17,kg,19.17,kg,12.0,per 100g,Fresh Food
313956415,Richmond Meat-Free Back Bacon Rashers 120g,RICHMOND,2.3,19.17,kg,19.17,kg,15.0,per 100g,Fresh Food
320977587,Tesco Cheese Feast Party Pizza 274g,TESCO,2.1,7.66,kg,7.66,kg,14.1,per 100g,Fresh Food
322749739,Fresh Ideas Chicken BBQ Pasta Salad 250g,FRESH IDEAS,1.85,7.4,kg,7.4,kg,5.3,per 100g,Fresh Food
320683744,Tesco Pepperoni Party Pizza 284g,TESCO,2.1,7.39,kg,7.39,kg,14.1,per 100g,Fresh Food
320570820,Tesco Tuna Pate 100g,TESCO,1.5,15.0,kg,15.0,kg,14.8,per 100g,Fresh Food
317297802,Tesco Smooth Smoked Salmon Pate 100g,TESCO,1.5,15.0,kg,15.0,kg,8.6,per 100g,Fresh Food
315759421,Tesco Southern Fried Chicken Thighs & Drumsticks 800g,TESCO,4.25,5.31,kg,5.31,kg,16.9,per 100g,Fresh Food
314697633,Tesco Plant Chef Mexican Inspired Bean Burgers 226g,TESCO Plant Chef,2.0,8.85,kg,8.85,kg,3.9,per 100g,Fresh Food
313363687,Tesco Crab Pate 100G,TESCO,1.5,15.0,kg,15.0,kg,8.1,per 100g,Fresh Food
322145722,Crosta Mollica Collezione Romana Portofino Pizza - Tomato & Mozzarella 516g,CROSTA & MOLLICA,8.5,16.47,kg,16.47,kg,9.0,per 100g,Fresh Food
323166575,Tesco Finest Chef's Collection Slow Cook Pork Belly 780g,TESCO finest,15.0,19.23,kg,19.23,kg,19.7,per 100g,Fresh Food
323145300,Tesco Finest Chef's Collection Creamy Garlic Al Ajillo Chicken Supremes with Rich Patatas Bravas Gratin 1.07kg,TESCO finest,15.0,14.02,kg,14.02,kg,14.6,per 100g,Fresh Food
320967328,Tesco Finest Truffle Carbonara Girasoli 250g,TESCO finest,3.5,14.0,kg,14.0,kg,10.2,per 100g,Fresh Food
320673595,The Vegetarian Butcher What the Cluck 160g,The Vegetarian Butcher,3.15,19.69,kg,19.69,kg,20.0,per 100g,Fresh Food
322153885,La Famiglia Rana Garlic Prawn & Chilli Girasoli 250g,La Famiglia RANA,4.0,16.0,kg,16.0,kg,8.7,per 100g,Fresh Food
314940236,Planted Chicken Lemon & Herb 160g,Planted,3.0,18.75,kg,18.75,kg,21.0,per 100g,Fresh Food
320409190,Tesco Finest Margherita Wood Fired Pizza 225g,TESCO finest,3.45,15.33,kg,15.33,kg,12.2,per 100g,Fresh Food
322346686,La Famiglia Rana Four Cheese Fiore 250g,La Famiglia RANA,3.0,12.0,kg,12.0,kg,8.3,per 100g,Fresh Food
322450003,Tesco Breaded Buttermilk  Tenders 710g,TESCO,8.0,11.27,kg,11.27,kg,18.5,per 100g,Fresh Food
322454005,Tesco Crispy Chicken Tenders 710g,TESCO,8.0,11.27,kg,11.27,kg,17.6,per 100g,Fresh Food
316801433,Unearthed Chorizo Crumb 120g,unearthed,3.0,25.0,kg,25.0,kg,25.0,per 100g,Fresh Food
322163412,Tesco Katsu Inspired Extra Crispy Tenders 305g,TESCO,4.2,13.77,kg,13.77,kg,18.2,per 100g,Fresh Food
322837819,Tesco Waffle and Maple Chicken Tenders 300g,TESCO,4.2,14.0,kg,14.0,kg,19.1,per 100g,Fresh Food
316558686,Unearthed Middle Eastern Hummus With Mezete 200g,unearthed,2.85,14.25,kg,14.25,kg,6.0,per 100g,Fresh Food
316541967,Unearthed Muhammara Dip With Mezete 180g,unearthed,2.85,15.83,kg,15.83,kg,4.0,per 100g,Fresh Food
316789493,Mlekovita Ementaler Cheese Slices 500g,MLEKOVITA,4.8,9.6,kg,9.6,kg,28.0,per 100g,Fresh Food
322135636,Tesco Fajita Inspired Extra Crispy Tenders 305g,TESCO,4.2,13.77,kg,13.77,kg,16.9,per 100g,Fresh Food
313361519,Zott Monte Chocolate & Hazelnut Pudding 150G,ZOTT,1.4,9.33,kg,9.33,kg,2.6,per 100g,Fresh Food
317056702,Mlekovita Kefir - Strawberry 1kg,MLEKOVITA,2.45,2.45,kg,2.45,kg,3.1,per 100g,Fresh Food
320397478,Tesco Slow Cooked Chicken Gyros with Tzatziki style dressing 455g,TESCO,6.6,14.5,kg,14.5,kg,20.5,per 100g,Fresh Food
313368627,Piatnica Vanilla Fromage Frais 150G,PIATNICA,1.1,7.33,kg,7.33,kg,7.2,per 100g,Fresh Food
317664783,Tesco Free From Steak and Gravy Pie 200g,TESCO free FROM,2.75,13.75,kg,13.75,kg,10.0,per 100g,Fresh Food
316659388,Hochland Toast Cheese 130g,Hochland,2.1,16.15,kg,16.15,kg,16.0,per 100g,Fresh Food
313618269,Tesco Root Vegetable Collection,TESCO,5.0,5.0,each,5.0,each,,,Fresh Food
321235519,Heck Minted Lamb Burgers 2 Pack 320g,HECK,5.25,16.41,kg,16.41,kg,22.0,per 100g,Fresh Food
321338876,Juicy Marbles Meaty Meat 180g,JUICY MARBLES,6.0,33.33,kg,33.33,kg,21.0,per 100g,Fresh Food
318188688,Tesco Finest Wiltshire Finely Sliced Ham 200g,TESCO finest,4.5,22.5,kg,22.5,kg,24.7,per 100g,Fresh Food
318077036,Tesco Finest Honey Roast Finely Sliced Ham 200g,TESCO finest,4.5,22.5,kg,22.5,kg,23.4,per 100g,Fresh Food
316077229,Itsu Gyoza Dumplings - Chicken & Spring Onion 150g,itsu,4.0,26.67,kg,26.67,kg,8.2,per 100g,Fresh Food
316651356,La Famiglia Rana Mushroom & Roasted Garlic Fresh Sauce 200g,La Famiglia RANA,2.75,13.75,kg,13.75,kg,1.5,per 100g,Fresh Food
321043821,Planted Pulled Pork BBQ 160g,Planted,3.0,18.75,kg,18.75,kg,19.0,per 100g,Fresh Food
321118941,The Tofoo Co. Stir Fry 280g ,THE TOFOO CO,2.85,10.18,kg,10.18,kg,12.3,per 100g,Fresh Food
321102510,THIS Isn't Chicken Pieces 170g,THIS ISN'T,3.5,20.59,kg,20.59,kg,22.0,per 100g,Fresh Food
320556826,Tesco Finest Shropshire Black Ham 120g,TESCO finest,3.5,29.17,kg,29.17,kg,23.9,per 100g,Fresh Food
323429564,TESCO Finest Comeback Sauce 130g,TESCO finest,3.0,23.08,kg,23.08,kg,2.1,per 100g,Fresh Food
320802806,Tesco Finest Aged Balsamic Dressing 150ml,TESCO finest,1.95,13.0,litre,13.0,litre,0.5,per 100g,Fresh Food
316662896,The Real Greek Flatbreads 4x80g,THE REAL GREEK,2.25,7.03,kg,7.03,kg,,,Fresh Food
313171180,Fresh Ideas Garlic & Herb Dip 60G,FRESH IDEAS,1.05,17.5,kg,17.5,kg,0.6,per 100g,Fresh Food
314100004,Tesco Plant Chef Fish-Free Goujons 250G,TESCO Plant Chef,2.15,8.6,kg,8.6,kg,4.5,per 100g,Fresh Food
321775277,Tesco Organic Seedless Grapes 400g,TESCO ORGANIC,3.1,7.75,kg,7.75,kg,0.7,per 100g,Fresh Food
315064577,Tesco Celeriac Each,TESCO,1.6,1.6,each,1.6,each,1.2,per 100g,Fresh Food
316173639,Tesco British Pork Lunch Tongue Slices 120g,TESCO,2.25,18.75,kg,18.75,kg,20.8,per 100g,Fresh Food
316813839,Tesco Finest Pork Loin Saltimbocca 305g,TESCO finest,6.0,19.67,kg,19.67,kg,32.1,per 100g,Fresh Food
320990340,Tesco Finest Formaggio di Capra e Pomodoro Pizza 495g,TESCO finest,6.0,12.12,kg,12.12,kg,9.6,per 100g,Fresh Food
318184681,Tesco Finest Chicken Parmigiana 400g ,TESCO finest,7.5,18.75,kg,18.75,kg,16.8,per 100g,Fresh Food
317300425,Merchant Gourmet Dried Mixed Mushrooms 30g,MERCHANT GOURMET,3.0,100.0,kg,100.0,kg,4.2,per 100g,Fresh Food
